sample	chrom	n_het	median_af	mean_af	sd_af	q25_af	q75_af	median_dp	chr_length	het_per_kb_chrom	chrom_median_het	chrom_mad_het	chrom_median_het_kb	chrom_het_z	chrom_het_flag
Cn1	NC_018792.1	1	0.2	0.2	NA	0.2	0.2	235	NA	NA	1	0	NA	NA	NA
Cn1	NC_026745.1	217	0.3805309734513274	0.41829044049471953	0.18666395253734763	0.2802197802197802	0.5321100917431193	206	2291499	0.0946978375290585	220.5	31.875899999999998	0.09622522200533364	-0.1098008213101434	baseline
Cn1	NC_026746.1	135	0.41	0.4693282390744473	0.2246525345479964	0.2776448697501329	0.6624472573839661	89	1621675	0.08324725977769899	113	6.6716999999999995	0.06968103966577767	3.2975103796633545	het_enriched
Cn1	NC_026747.1	104	0.4140394088669951	0.4273990122989637	0.16506766777133539	0.2922562893081761	0.5308417997097242	201	1575141	0.06602583514745664	104	10.3782	0.06602583514745664	0	baseline
Cn1	NC_026748.1	380	0.48478913696305004	0.4639533188798845	0.16810238050651993	0.3201114922813036	0.5829328078438911	208	1084805	0.3502933706979595	360.5	18.5325	0.3323177898331958	1.0522055847834886	baseline
Cn1	NC_026749.1	321	0.39823008849557523	0.42159888912004534	0.18540056847686284	0.2653061224489796	0.5178571428571429	202	1814975	0.17686194024711085	297	33.3585	0.16363861761181284	0.71945681010836815	baseline
Cn1	NC_026750.1	290	0.4658119658119658	0.42868070251967727	0.1521776670081307	0.297	0.5102935382190701	217	1422463	0.2038717351523379	278	11.8608	0.1954356633529308	1.011736139214893	baseline
Cn1	NC_026751.1	346	0.4104855254160018	0.41947557327128626	0.16277340330843101	0.2783333333333333	0.5248452318229716	208	1399503	0.24723062401438226	343	22.238999999999997	0.24508700588708993	0.13489815189531906	baseline
Cn1	NC_026752.1	317	0.44508670520231214	0.44465805107604073	0.176254790173768	0.30327868852459017	0.5697674418604651	113	1398693	0.22664015620296948	298	14.0847	0.21305604589427415	1.3489815189531904	baseline
Cn1	NC_026753.1	320	0.39425561518584773	0.42370655449059386	0.18411815100372392	0.2757635746606335	0.5122119815668202	206	1186808	0.26963080801612394	318	17.7912	0.26794561546602313	0.11241512657943253	baseline
Cn1	NC_026754.1	135	0.30092592592592593	0.3589275362411147	0.18867916575663732	0.20558176100628933	0.4287941508521047	201	1059964	0.12736281609564098	171.5	24.462899999999998	0.1617979478548328	-1.4920553164179229	baseline
Cn1	NC_026755.1	360	0.3460783866405074	0.40513465706266816	0.19066621371120598	0.2512755102040816	0.5276384535005224	191	1561994	0.2304746369064158	337.5	20.0151	0.2160699720997648	1.1241512657943253	baseline
Cn1	NC_026756.1	338	0.3883426469547995	0.3893614039472197	0.1512398311242734	0.25749858517260893	0.4721673514538559	210	774062	0.4366575287250892	369	25.9455	0.47670600029455	-1.1948122025013972	baseline
Cn1	NC_026757.1	220	0.3892496392496393	0.4104503523274919	0.18970407618086133	0.2405582922824302	0.5223323170731707	200	756744	0.2907191864091423	208	21.4977	0.2748617762413709	0.5581992492220098	baseline
Cn1	NC_026758.1	156	0.4263072365985107	0.4257120495749333	0.1767127672217505	0.2872541306058222	0.5028766348088531	202.5	942867	0.16545281572056292	147	14.0847	0.15590746096745353	0.6389912458199323	baseline
Cn10	NC_018792.1	1	0.2703862660944206	0.2703862660944206	NA	0.2703862660944206	0.2703862660944206	233	NA	NA	1	0	NA	NA	NA
Cn10	NC_026745.1	248	0.35321477428180575	0.3924126504263099	0.17979974377982497	0.24630541871921183	0.511128526645768	197	2291499	0.10822610003320972	220.5	31.875899999999998	0.09622522200533364	0.8627207388654125	baseline
Cn10	NC_026746.1	142	0.4004716981132076	0.466181153428427	0.21422243416496659	0.27507878151260506	0.6666666666666666	112.5	1621675	0.08756378435876486	113	6.6716999999999995	0.06968103966577767	4.346718227738058	het_enriched
Cn10	NC_026747.1	122	0.3694074235913869	0.43725786040476783	0.18930121327689547	0.28835978835978837	0.6071428571428572	188	1575141	0.07745338353836259	104	10.3782	0.06602583514745664	1.7344048100826734	baseline
Cn10	NC_026748.1	390	0.46022067363530783	0.44939962388800864	0.17242711384174436	0.3053885291396855	0.5719269102990032	206	1084805	0.35951161729527426	360.5	18.5325	0.3323177898331958	1.5917981923647646	baseline
Cn10	NC_026749.1	317	0.36764705882352944	0.40408662982657556	0.1772888202550611	0.26108374384236455	0.512396694214876	165	1814975	0.17465805314122784	297	33.3585	0.16363861761181284	0.5995473417569736	baseline
Cn10	NC_026750.1	286	0.4504727499777005	0.43073189825310243	0.14075533526251088	0.34771825396825395	0.5136994792958096	206	1422463	0.2010597112192022	278	11.8608	0.1954356633529308	0.6744907594765952	baseline
Cn10	NC_026751.1	368	0.40915515075376885	0.4218327588463785	0.1699550992643364	0.27577410274454606	0.5282920274708869	194	1399503	0.2629504902811927	343	22.238999999999997	0.24508700588708993	1.1241512657943253	baseline
Cn10	NC_026752.1	323	0.4166666666666667	0.43638886954698014	0.18923043679152354	0.2785947712418301	0.5617378048780488	127	1398693	0.23092987524782066	298	14.0847	0.21305604589427415	1.774975682833145	baseline
Cn10	NC_026753.1	341	0.3894230769230769	0.4127629191124927	0.1807865277609827	0.2636363636363636	0.5045454545454545	192	1186808	0.28732532979218206	318	17.7912	0.26794561546602313	1.292773955663474	baseline
Cn10	NC_026754.1	176	0.3477484214024593	0.37685595854052845	0.1696647243537679	0.24702364199268223	0.46879621413782907	194	1059964	0.16604337505802086	171.5	24.462899999999998	0.1617979478548328	0.1839520253117987	baseline
Cn10	NC_026755.1	348	0.35023805078416725	0.4130333817280217	0.1868731976238365	0.2757703081232493	0.5387471439451638	181.5	1561994	0.22279214900953526	337.5	20.0151	0.2160699720997648	0.5246039240373518	baseline
Cn10	NC_026756.1	293	0.3177570093457944	0.371727797809864	0.18308167304580908	0.23529411764705882	0.4527363184079602	194	774062	0.378522650640388	369	25.9455	0.47670600029455	-2.9292170125840706	baseline
Cn10	NC_026757.1	229	0.375	0.4040835152685545	0.18063147131043214	0.2613065326633166	0.5138888888888888	197	756744	0.3026122440349709	208	21.4977	0.2748617762413709	0.9768486861385173	baseline
Cn10	NC_026758.1	148	0.4375	0.4511643749458948	0.18964055816678532	0.30495283018867925	0.5397727272727273	193	942867	0.15696805594002125	147	14.0847	0.15590746096745353	0.0709990273133258	baseline
Cn100	NC_026745.1	204	0.39300339300339304	0.4139836396019306	0.18212971891514881	0.25386407175200276	0.5254237288135594	215	2291499	0.08902469518860799	220.5	31.875899999999998	0.09622522200533364	-0.5176324433192475	baseline
Cn100	NC_026746.1	105	0.4090909090909091	0.4389229529886647	0.17772928543750133	0.2916666666666667	0.5846153846153846	98	1621675	0.0647478687159881	113	6.6716999999999995	0.06968103966577767	-1.199094683513947	baseline
Cn100	NC_026747.1	97	0.3853211009174312	0.39423589970984996	0.1552232221013616	0.2599118942731278	0.4827586206896552	176	1575141	0.06158178855099321	104	10.3782	0.06602583514745664	-0.6744907594765952	baseline
Cn100	NC_026748.1	361	0.4727272727272727	0.4686237387205465	0.1777367875068058	0.297029702970297	0.614406779661017	223	1084805	0.33277870216306155	360.5	18.5325	0.3323177898331958	0.02697963037906381	baseline
Cn100	NC_026749.1	280	0.443464322240579	0.4549055749876918	0.17114253698562099	0.31468031908560545	0.5675559380378659	168	1814975	0.15427209741181008	297	33.3585	0.16363861761181284	-0.5096152404934274	baseline
Cn100	NC_026750.1	262	0.4411182038300682	0.43491535471351994	0.1483962942443457	0.3373242736644798	0.49946808510638296	228.5	1422463	0.18418756762038802	278	11.8608	0.1954356633529308	-1.3489815189531904	baseline
Cn100	NC_026751.1	354	0.4155418882978723	0.43325722153241086	0.16062041518304065	0.3051277349957218	0.5386970172684459	217	1399503	0.25294693902049514	343	22.238999999999997	0.24508700588708993	0.4946265569495032	baseline
Cn100	NC_026752.1	305	0.4155844155844156	0.4503983245692328	0.18121471355576654	0.30952380952380953	0.5855855855855856	106	1398693	0.2180607181132672	298	14.0847	0.21305604589427415	0.49699319119328067	baseline
Cn100	NC_026753.1	332	0.4267511177347243	0.44121675127013754	0.19116996310494969	0.2794444444444445	0.5332640332640333	218	1186808	0.27974196331672857	318	17.7912	0.26794561546602313	0.7869058860560277	baseline
Cn100	NC_026754.1	123	0.3411764705882353	0.40117042698347094	0.19512706638524346	0.2408880666049954	0.5011100832562442	224	1059964	0.11604167688713957	171.5	24.462899999999998	0.1617979478548328	-1.9825940505827193	baseline
Cn100	NC_026755.1	300	0.3840885142255005	0.443426514398994	0.20346358622330474	0.2727272727272727	0.5926324224021593	183	1561994	0.19206219742201316	337.5	20.0151	0.2160699720997648	-1.873585442990542	baseline
Cn100	NC_026756.1	277	0.42857142857142855	0.4152219107261134	0.15586181486750225	0.28888888888888886	0.5021459227467812	225	774062	0.3578524717658275	369	25.9455	0.47670600029455	-3.5458942783912435	het_depleted
Cn100	NC_026757.1	191	0.4008097165991903	0.42624162054544407	0.18105232920090408	0.2641521043563869	0.5442477876106194	217	756744	0.2523971118370281	208	21.4977	0.2748617762413709	-0.7907822697311806	baseline
Cn100	NC_026758.1	135	0.379746835443038	0.40519436098154804	0.1600469295466626	0.271286231884058	0.501054852320675	221	942867	0.143180321296641	147	14.0847	0.15590746096745353	-0.8519883277599097	baseline
Cn101	NC_018792.1	1	0.23076923076923078	0.23076923076923078	NA	0.23076923076923078	0.23076923076923078	91	NA	NA	1	0	NA	NA	NA
Cn101	NC_026745.1	221	0.3817204301075269	0.4132662813555648	0.18973538598607378	0.2457627118644068	0.5526315789473685	211	2291499	0.09644341978765865	220.5	31.875899999999998	0.09622522200533364	0.015685831615734773	baseline
Cn101	NC_026746.1	112	0.38255159474671674	0.44293230236383335	0.20181273966080446	0.26845682302771856	0.6386184210526317	84	1621675	0.06906439329705398	113	6.6716999999999995	0.06968103966577767	-0.1498868354392434	baseline
Cn101	NC_026747.1	101	0.3333333333333333	0.3790199485747125	0.1536423744973007	0.2727272727272727	0.44871794871794873	149	1575141	0.06412124374897231	104	10.3782	0.06602583514745664	-0.2890674683471122	baseline
Cn101	NC_026748.1	341	0.5	0.48683569253584286	0.1679850046009963	0.34375	0.6190476190476191	220	1084805	0.31434220896843207	360.5	18.5325	0.3323177898331958	-1.0522055847834886	baseline
Cn101	NC_026749.1	317	0.43568464730290457	0.43403312259382587	0.16908577846423054	0.29347826086956524	0.5416666666666666	207	1814975	0.17465805314122784	297	33.3585	0.16363861761181284	0.5995473417569736	baseline
Cn101	NC_026750.1	274	0.4470800194167507	0.41805981470736503	0.14804089088914915	0.28440025009619085	0.5021834061135371	224	1422463	0.1926236394197951	278	11.8608	0.1954356633529308	-0.3372453797382976	baseline
Cn101	NC_026751.1	374	0.41522988505747127	0.4307188023101327	0.15953590931554976	0.29344632768361584	0.5363811335781602	202.5	1399503	0.2672377265357774	343	22.238999999999997	0.24508700588708993	1.3939475695849635	baseline
Cn101	NC_026752.1	312	0.4244868035190616	0.44557290198446037	0.18306016506087314	0.29693961952026465	0.5837264150943396	98	1398693	0.2230653903322602	298	14.0847	0.21305604589427415	0.9939863823865613	baseline
Cn101	NC_026753.1	311	0.40611353711790393	0.4240407159184075	0.170902601604222	0.2866116562592923	0.52036866359447	214	1186808	0.26204744154067044	318	17.7912	0.26794561546602313	-0.39345294302801387	baseline
Cn101	NC_026754.1	149	0.34101382488479265	0.39684901341062856	0.18641455589807854	0.23873873873873874	0.5	218	1059964	0.14057081183889264	171.5	24.462899999999998	0.1617979478548328	-0.9197601265589935	baseline
Cn101	NC_026755.1	325	0.36	0.4133125494459739	0.18160850526130418	0.2824074074074074	0.5022222222222222	203	1561994	0.20806738054051424	337.5	20.0151	0.2160699720997648	-0.6245284809968473	baseline
Cn101	NC_026756.1	351	0.3815789473684211	0.3974602951866379	0.15274412147564867	0.2672811059907834	0.5077287435187712	219	774062	0.45345204906066955	369	25.9455	0.47670600029455	-0.6937619240330694	baseline
Cn101	NC_026757.1	187	0.37339055793991416	0.4100458735367917	0.18565507733049952	0.2608728537932078	0.5188297704711382	211	756744	0.24711130844777096	208	21.4977	0.2748617762413709	-0.9768486861385173	baseline
Cn101	NC_026758.1	152	0.3736924686192469	0.4187141820893693	0.16568508707509613	0.2855576441102757	0.5641025641025641	128	942867	0.16121043583029207	147	14.0847	0.15590746096745353	0.35499513656662907	baseline
Cn10101	NC_026745.1	166	0.40762112705344145	0.43675845944509667	0.18506724456958462	0.2902145737327189	0.564231864633942	207.5	2291499	0.0724416637319065	220.5	31.875899999999998	0.09622522200533364	-1.7097556461150902	baseline
Cn10101	NC_026746.1	113	0.375	0.44370985705779814	0.20861214925467922	0.2830188679245283	0.6133333333333333	86	1621675	0.06968103966577767	113	6.6716999999999995	0.06968103966577767	0	baseline
Cn10101	NC_026747.1	118	0.3589837997054492	0.3962469181499531	0.15023168019376626	0.27939086294416243	0.5081168831168832	167	1575141	0.07491392834038349	104	10.3782	0.06602583514745664	1.3489815189531904	baseline
Cn10101	NC_026748.1	360	0.48863049095607236	0.4917983480772743	0.1904542083104747	0.311694587628866	0.6748083668961933	206	1084805	0.3318568775033301	360.5	18.5325	0.3323177898331958	-0.02697963037906381	baseline
Cn10101	NC_026749.1	326	0.42291860826343586	0.4278991932243172	0.1731793677161052	0.2911631846414455	0.5323529411764706	176	1814975	0.1796167991294646	297	33.3585	0.16363861761181284	0.8693436455476116	baseline
Cn10101	NC_026750.1	290	0.5620870357712463	0.4974800635297295	0.18274614126410818	0.3130787037037037	0.6444805194805195	219	1422463	0.2038717351523379	278	11.8608	0.1954356633529308	1.011736139214893	baseline
Cn10101	NC_026751.1	361	0.4106280193236715	0.4462408020089634	0.17739124053522637	0.295	0.5919282511210763	189	1399503	0.2579487146508439	343	22.238999999999997	0.24508700588708993	0.8093889113719143	baseline
Cn10101	NC_026752.1	283	0.4187192118226601	0.4459349192286138	0.18691986329956453	0.2788888888888889	0.6198686371100164	79	1398693	0.20233174828214626	298	14.0847	0.21305604589427415	-1.0649854096998872	baseline
Cn10101	NC_026753.1	313	0.4020618556701031	0.42753195365769964	0.1734780867893952	0.28346456692913385	0.5221238938053098	186	1186808	0.2637326340907712	318	17.7912	0.26794561546602313	-0.28103781644858133	baseline
Cn10101	NC_026754.1	155	0.3632286995515695	0.3968771155677366	0.1786849219110645	0.24374609130706693	0.5210524242782307	198	1059964	0.14623138144314335	171.5	24.462899999999998	0.1617979478548328	-0.6744907594765952	baseline
Cn10101	NC_026755.1	338	0.3921587241313841	0.40980014028289674	0.1722623506556735	0.27077847267939437	0.4924089512944274	184	1561994	0.21639007576213481	337.5	20.0151	0.2160699720997648	0.024981139239873894	baseline
Cn10101	NC_026756.1	377	0.37272727272727274	0.39098399886279117	0.15733477271550733	0.2537313432835821	0.5	187	774062	0.48704108973183025	369	25.9455	0.47670600029455	0.3083386329035864	baseline
Cn10101	NC_026757.1	196	0.4099259030564989	0.43032608006034095	0.20347078475166222	0.24181818181818182	0.5803969669937556	188.5	756744	0.2590043660735995	208	21.4977	0.2748617762413709	-0.5581992492220098	baseline
Cn10101	NC_026758.1	158	0.36464642413060044	0.4069195564344901	0.173994002711158	0.2735109717868338	0.5	143.5	942867	0.16757400566569836	147	14.0847	0.15590746096745353	0.7809893004465839	baseline
Cn10102	NC_026745.1	227	0.4025974025974026	0.43204031707394386	0.18651298805393687	0.2681105302464526	0.5664144968332161	196	2291499	0.0990617931755589	220.5	31.875899999999998	0.09622522200533364	0.20391581100455206	baseline
Cn10102	NC_026746.1	107	0.3619631901840491	0.40577192837370457	0.16619237387806612	0.2602325581395349	0.5535178620125443	103	1621675	0.0659811614534355	113	6.6716999999999995	0.06968103966577767	-0.8993210126354603	baseline
Cn10102	NC_026747.1	99	0.35384615384615387	0.3935534298604444	0.1775799244437651	0.24702380952380953	0.5087732760384694	169	1575141	0.06285151614998276	104	10.3782	0.06602583514745664	-0.4817791139118537	baseline
Cn10102	NC_026748.1	340	0.5	0.4759824735269672	0.16816646201028587	0.3204306220095694	0.6199160035366932	220	1084805	0.3134203843087006	360.5	18.5325	0.3323177898331958	-1.1061648455416162	baseline
Cn10102	NC_026749.1	310	0.4434175702211218	0.4300696326135637	0.1694247026870154	0.3010860436707894	0.5309455160071584	189.5	1814975	0.1708012507059326	297	33.3585	0.16363861761181284	0.3897057721420328	baseline
Cn10102	NC_026750.1	282	0.46197658602934033	0.42322465918100594	0.13933928765380713	0.313179347826087	0.49357521137229393	219.5	1422463	0.1982476872860665	278	11.8608	0.1954356633529308	0.3372453797382976	baseline
Cn10102	NC_026751.1	353	0.42857142857142855	0.43153147381500895	0.1563992736901165	0.30434782608695654	0.5280373831775701	205	1399503	0.25223239964473104	343	22.238999999999997	0.24508700588708993	0.4496605063177302	baseline
Cn10102	NC_026752.1	287	0.4375	0.4592218497904318	0.18648872441756317	0.31437556154537283	0.5970965309200603	87	1398693	0.2051915609787137	298	14.0847	0.21305604589427415	-0.7809893004465839	baseline
Cn10102	NC_026753.1	344	0.3738293170577712	0.4040352259596101	0.16679040291885075	0.2793358929749835	0.47957826747720367	205.5	1186808	0.2898531186173332	318	17.7912	0.26794561546602313	1.4613966455326228	baseline
Cn10102	NC_026754.1	148	0.3271742593182542	0.3810154758578906	0.18274016467653267	0.2262629336579428	0.46843780430627185	198.5	1059964	0.13962738357151752	171.5	24.462899999999998	0.1617979478548328	-0.9606383544060599	baseline
Cn10102	NC_026755.1	316	0.37872340425531914	0.41260539005840163	0.17530247978736904	0.2721608319058074	0.5136791564677086	191	1561994	0.20230551461785384	337.5	20.0151	0.2160699720997648	-1.0741889873145776	baseline
Cn10102	NC_026756.1	358	0.3732142857142857	0.3924168753885309	0.1437277947542835	0.27694412442396316	0.47452194697957406	207.5	774062	0.46249525231828975	369	25.9455	0.47670600029455	-0.4239656202424313	baseline
Cn10102	NC_026757.1	172	0.3905448717948718	0.41967251245778336	0.16858239039725315	0.28143617021276596	0.5464489820216692	211.5	756744	0.2272895457380567	208	21.4977	0.2748617762413709	-1.6745977476660294	baseline
Cn10102	NC_026758.1	170	0.38216732780382257	0.4247137971196182	0.16998590749317105	0.3	0.5143652679743198	108.5	942867	0.18030114533651087	147	14.0847	0.15590746096745353	1.6329776282064936	baseline
Cn10103	NC_018792.1	1	0.30158730158730157	0.30158730158730157	NA	0.30158730158730157	0.30158730158730157	126	NA	NA	1	0	NA	NA	NA
Cn10103	NC_026745.1	232	0.3842268842268842	0.41308043938955796	0.18093909331244906	0.27463565022421527	0.5402839233038348	196	2291499	0.10124377099880909	220.5	31.875899999999998	0.09622522200533364	0.36077412716189977	baseline
Cn10103	NC_026746.1	109	0.34615384615384615	0.42978370879364336	0.20283216328135872	0.2553191489361702	0.6	88	1621675	0.06721445419088289	113	6.6716999999999995	0.06968103966577767	-0.5995473417569736	baseline
Cn10103	NC_026747.1	99	0.34684684684684686	0.38691322031115544	0.14245219936542267	0.27978494623655914	0.48412799592044875	182	1575141	0.06285151614998276	104	10.3782	0.06602583514745664	-0.4817791139118537	baseline
Cn10103	NC_026748.1	354	0.5088521804422138	0.4804463044464695	0.17519023631618752	0.3227391347987554	0.607287914106096	218	1084805	0.3263259295449412	360.5	18.5325	0.3323177898331958	-0.3507351949278295	baseline
Cn10103	NC_026749.1	332	0.42857142857142855	0.4341256414653873	0.17079213855801298	0.30419866726903094	0.5523877405559515	188	1814975	0.1829226297882891	297	33.3585	0.16363861761181284	1.0492078480747036	baseline
Cn10103	NC_026750.1	274	0.4520276413893435	0.4214898827974283	0.1428625080009292	0.31301349765258213	0.49317838122164503	222	1422463	0.1926236394197951	278	11.8608	0.1954356633529308	-0.3372453797382976	baseline
Cn10103	NC_026751.1	325	0.423728813559322	0.4373828668176756	0.15399905100924993	0.30303030303030304	0.5311203319502075	207	1399503	0.23222529712333595	343	22.238999999999997	0.24508700588708993	-0.8093889113719143	baseline
Cn10103	NC_026752.1	292	0.4420722713864307	0.45725682283104274	0.16747820801976213	0.32082587954680974	0.5920943364889554	90.5	1398693	0.208766326849423	298	14.0847	0.21305604589427415	-0.42599416387995487	baseline
Cn10103	NC_026753.1	326	0.38460497835497837	0.42023439955371944	0.17522005076773034	0.28017543859649124	0.5058629068716094	199.5	1186808	0.2746863856664262	318	17.7912	0.26794561546602313	0.44966050631773014	baseline
Cn10103	NC_026754.1	174	0.2823079981822313	0.3418630075202497	0.1788501462469356	0.19369958964199802	0.4418628246753247	194.5	1059964	0.16415651852327062	171.5	24.462899999999998	0.1617979478548328	0.10219556961766595	baseline
Cn10103	NC_026755.1	327	0.3723404255319149	0.41910327567792527	0.19686028379482426	0.257123191189653	0.5260656682027649	189	1561994	0.20934779518999433	337.5	20.0151	0.2160699720997648	-0.5246039240373518	baseline
Cn10103	NC_026756.1	380	0.37700228832951943	0.3867950040566404	0.14702514127081467	0.26130050505050506	0.48043368255336694	207.5	774062	0.49091674827081033	369	25.9455	0.47670600029455	0.4239656202424313	baseline
Cn10103	NC_026757.1	183	0.38636363636363635	0.40992769852889754	0.17854028702812547	0.24736396521203724	0.5529878618113913	210	756744	0.24182550505851383	208	21.4977	0.2748617762413709	-1.1629151025458537	baseline
Cn10103	NC_026758.1	147	0.39655172413793105	0.433720229300861	0.15742513167313857	0.3277928232904536	0.5390449438202247	117	942867	0.15590746096745353	147	14.0847	0.15590746096745353	0	baseline
Cn102	NC_026745.1	216	0.3882386525834999	0.4136217570888445	0.18901319055744673	0.25724687933425794	0.5299856527977045	208	2291499	0.09426144196440846	220.5	31.875899999999998	0.09622522200533364	-0.14117248454161296	baseline
Cn102	NC_026746.1	103	0.38095238095238093	0.4377715665039451	0.20550922631255958	0.2682926829268293	0.6529037237121358	98	1621675	0.06351457597854071	113	6.6716999999999995	0.06968103966577767	-1.4988683543924337	baseline
Cn102	NC_026747.1	113	0.4094488188976378	0.4354547255105314	0.15971343723470993	0.3219178082191781	0.5443037974683544	151	1575141	0.07173960934290961	104	10.3782	0.06602583514745664	0.8672024050413367	baseline
Cn102	NC_026748.1	355	0.45217391304347826	0.4453648943425939	0.1655993602338356	0.29520697167755994	0.5495396622157186	223	1084805	0.3272477542046727	360.5	18.5325	0.3323177898331958	-0.2967759341697019	baseline
Cn102	NC_026749.1	327	0.42857142857142855	0.4273613094401838	0.17437750457406817	0.27367084826762245	0.534514592019059	202	1814975	0.18016777090593536	297	33.3585	0.16363861761181284	0.8993210126354603	baseline
Cn102	NC_026750.1	262	0.4652147610405324	0.4365451281886021	0.13268598029826764	0.3301649928263989	0.49502587694077055	223	1422463	0.18418756762038802	278	11.8608	0.1954356633529308	-1.3489815189531904	baseline
Cn102	NC_026751.1	340	0.4282595134123518	0.445800728732889	0.15601020696014542	0.3333333333333333	0.5366869685129855	212	1399503	0.2429433877597976	343	22.238999999999997	0.24508700588708993	-0.13489815189531906	baseline
Cn102	NC_026752.1	296	0.4348683231661955	0.4593239698157823	0.180208988653831	0.3101851851851852	0.6075310559006211	95	1398693	0.21162613954599044	298	14.0847	0.21305604589427415	-0.1419980546266516	baseline
Cn102	NC_026753.1	326	0.38229147228960625	0.42293546452749514	0.1685685345006071	0.29424894957983194	0.522578125	211	1186808	0.2746863856664262	318	17.7912	0.26794561546602313	0.44966050631773014	baseline
Cn102	NC_026754.1	158	0.38787208366854387	0.4101144895046733	0.17922538007181305	0.25966183574879226	0.4988839285714286	209	1059964	0.1490616662452687	171.5	24.462899999999998	0.1617979478548328	-0.5518560759353961	baseline
Cn102	NC_026755.1	352	0.36797175292750517	0.4126315998182789	0.1891367034009561	0.25581120943952806	0.5183467741935484	193.5	1561994	0.22535297830849543	337.5	20.0151	0.2160699720997648	0.724453037956343	baseline
Cn102	NC_026756.1	465	0.4065934065934066	0.4273744988933932	0.1583980455407053	0.2787878787878788	0.5652173913043478	189	774062	0.6007270735419127	369	25.9455	0.47670600029455	3.7000635948430367	het_enriched
Cn102	NC_026757.1	187	0.43243243243243246	0.44994625928293075	0.18019362344186107	0.28412195727769496	0.5949261119603989	207	756744	0.24711130844777096	208	21.4977	0.2748617762413709	-0.9768486861385173	baseline
Cn102	NC_026758.1	132	0.3875825385179751	0.4109516798149698	0.162770596349919	0.2819173363949483	0.5059770114942529	204.5	942867	0.13999853637893786	147	14.0847	0.15590746096745353	-1.0649854096998872	baseline
Cn103	NC_026745.1	224	0.37017825669856996	0.4059660564276078	0.18555115523718244	0.24914383561643835	0.5053059685412626	202.5	2291499	0.09775260648160877	220.5	31.875899999999998	0.09622522200533364	0.1098008213101434	baseline
Cn103	NC_026746.1	122	0.38770999115826704	0.4449404544365416	0.19153658496186834	0.30132743362831854	0.6252157497303129	86	1621675	0.07523085698429094	113	6.6716999999999995	0.06968103966577767	1.3489815189531904	baseline
Cn103	NC_026747.1	102	0.3438636914867815	0.39503374748577375	0.15611945344801748	0.2711309523809524	0.4970657276995305	189	1575141	0.06475610754846708	104	10.3782	0.06602583514745664	-0.1927116455647415	baseline
Cn103	NC_026748.1	348	0.49890829694323147	0.46920725018581055	0.16454068567656865	0.3159040950907759	0.585387323943662	217	1084805	0.3207949815865524	360.5	18.5325	0.3323177898331958	-0.6744907594765952	baseline
Cn103	NC_026749.1	338	0.4373913043478261	0.4323053895559114	0.1744812188421943	0.27586206896551724	0.5413563829787233	195.5	1814975	0.1862284604471136	297	33.3585	0.16363861761181284	1.2290720506017956	baseline
Cn103	NC_026750.1	279	0.4533333333333333	0.42099932397394235	0.14241308017721924	0.32159214407700665	0.49664422684618525	221	1422463	0.19613866933621474	278	11.8608	0.1954356633529308	0.0843113449345744	baseline
Cn103	NC_026751.1	378	0.40045045045045047	0.433928962739243	0.16649890991394425	0.2980769230769231	0.5484945804897632	201	1399503	0.2700958840388338	343	22.238999999999997	0.24508700588708993	1.5738117721120557	baseline
Cn103	NC_026752.1	313	0.44881889763779526	0.45895050643887997	0.180830474325899	0.3160377358490566	0.589622641509434	103	1398693	0.22378034350640205	298	14.0847	0.21305604589427415	1.0649854096998872	baseline
Cn103	NC_026753.1	331	0.3864734299516908	0.40815912138961713	0.17180205794768022	0.2654589371980677	0.5043668954996186	208	1186808	0.27889936704167817	318	17.7912	0.26794561546602313	0.7306983227663114	baseline
Cn103	NC_026754.1	139	0.32286995515695066	0.3859323315610655	0.17693868600497514	0.25898820520108	0.4743273604033098	215	1059964	0.13113652916514146	171.5	24.462899999999998	0.1617979478548328	-1.3285424050296573	baseline
Cn103	NC_026755.1	339	0.33783783783783783	0.4012845018828266	0.20291309929881646	0.2387057387057387	0.519978876958282	195	1561994	0.21703028308687486	337.5	20.0151	0.2160699720997648	0.07494341771962168	baseline
Cn103	NC_026756.1	364	0.37263017356475303	0.39220365836825316	0.15895685846127058	0.25471238219044523	0.5056020733652313	213	774062	0.4702465693962499	369	25.9455	0.47670600029455	-0.1927116455647415	baseline
Cn103	NC_026757.1	194	0.3788165405548918	0.4124159331756994	0.1885999546906155	0.25	0.5305010893246187	213	756744	0.25636146437897095	208	21.4977	0.2748617762413709	-0.6512324574256781	baseline
Cn103	NC_026758.1	171	0.3835616438356164	0.40790020214768763	0.1544353354399009	0.29568655643422	0.5100721784776903	127	942867	0.1813617403090786	147	14.0847	0.15590746096745353	1.7039766555198195	baseline
Cn104	NC_026745.1	210	0.3816123816123816	0.4118179730190521	0.1799935684541605	0.2569793864632365	0.5112672715412441	213	2291499	0.09164306857650822	220.5	31.875899999999998	0.09622522200533364	-0.3294024639304302	baseline
Cn104	NC_026746.1	109	0.3333333333333333	0.42108407724271163	0.19230304744640878	0.26244343891402716	0.5959595959595959	70	1621675	0.06721445419088289	113	6.6716999999999995	0.06968103966577767	-0.5995473417569736	baseline
Cn104	NC_026747.1	97	0.3542600896860987	0.40306411297522937	0.17293356531569587	0.24669603524229075	0.5294117647058824	203	1575141	0.06158178855099321	104	10.3782	0.06602583514745664	-0.6744907594765952	baseline
Cn104	NC_026748.1	370	0.5	0.47818436311045515	0.16916111016392502	0.3248430709802028	0.6115161138980114	220	1084805	0.3410751241006448	360.5	18.5325	0.3323177898331958	0.5126129772022123	baseline
Cn104	NC_026749.1	328	0.4292615596963423	0.431151018573132	0.1652312367907984	0.30590836547413214	0.529734262125903	203.5	1814975	0.1807187426824061	297	33.3585	0.16363861761181284	0.9292983797233089	baseline
Cn104	NC_026750.1	281	0.4588235294117647	0.4330182917273283	0.14320156066828066	0.3524229074889868	0.5042372881355932	224	1422463	0.19754468130278258	278	11.8608	0.1954356633529308	0.25293403480372323	baseline
Cn104	NC_026751.1	343	0.4097560975609756	0.4303881579944002	0.15814210411151872	0.31007775794505654	0.530192608016658	213	1399503	0.24508700588708993	343	22.238999999999997	0.24508700588708993	0	baseline
Cn104	NC_026752.1	306	0.4444444444444444	0.45403652688191054	0.1754466433879246	0.3174984215510891	0.5825	88	1398693	0.21877567128740905	298	14.0847	0.21305604589427415	0.5679922185066064	baseline
Cn104	NC_026753.1	306	0.3800221448908573	0.41225303704829275	0.16800910545015527	0.2833850931677019	0.4910824162300903	212	1186808	0.2578344601654185	318	17.7912	0.26794561546602313	-0.6744907594765952	baseline
Cn104	NC_026754.1	172	0.3732243807174427	0.41089517091724054	0.19551495099089228	0.2430000536394357	0.5364010989010989	212.5	1059964	0.16226966198852039	171.5	24.462899999999998	0.1617979478548328	0.02043911392353319	baseline
Cn104	NC_026755.1	332	0.3924512987012987	0.4399710845052862	0.19348029406503078	0.29411764705882354	0.5652173913043478	181	1561994	0.21254883181369455	337.5	20.0151	0.2160699720997648	-0.27479253163861284	baseline
Cn104	NC_026756.1	345	0.4155844155844156	0.42466014159581844	0.17350443150761358	0.28061224489795916	0.5414847161572053	220	774062	0.4457007319827094	369	25.9455	0.47670600029455	-0.9250158987107592	baseline
Cn104	NC_026757.1	192	0.4129807692307692	0.4385774545326126	0.1806754032099277	0.280499720826354	0.5655830428009792	212	756744	0.2537185626843424	208	21.4977	0.2748617762413709	-0.7442656656293465	baseline
Cn104	NC_026758.1	134	0.3974358974358974	0.4151197597774336	0.1667816723878989	0.2739400584795322	0.529458493313915	206	942867	0.1421197263240733	147	14.0847	0.15590746096745353	-0.9229873550732355	baseline
Cn105	NC_026745.1	217	0.38197424892703863	0.42842996333134137	0.1983707139265591	0.2647058823529412	0.5708154506437768	215	2291499	0.0946978375290585	220.5	31.875899999999998	0.09622522200533364	-0.1098008213101434	baseline
Cn105	NC_026746.1	120	0.35355392156862747	0.4185710671108919	0.18909761052936447	0.25935918541552344	0.5774291497975708	76.5	1621675	0.07399756424684355	113	6.6716999999999995	0.06968103966577767	1.0492078480747036	baseline
Cn105	NC_026747.1	92	0.3777008600797147	0.3986420374469671	0.16779569954810736	0.24292332104832104	0.5786821705426356	200	1575141	0.05840746955351933	104	10.3782	0.06602583514745664	-1.1562698733884489	baseline
Cn105	NC_026748.1	347	0.4826086956521739	0.4575114567362959	0.1612097814195735	0.30381325730577335	0.5854272300469483	224	1084805	0.31987315692682095	360.5	18.5325	0.3323177898331958	-0.7284500202347228	baseline
Cn105	NC_026749.1	318	0.44199170124481324	0.4333460028438044	0.1743731788173556	0.2575185479597244	0.5389632107023411	200.5	1814975	0.1752090249176986	297	33.3585	0.16363861761181284	0.6295247088448221	baseline
Cn105	NC_026750.1	269	0.45454545454545453	0.43829460194998054	0.13406590317979625	0.35294117647058826	0.5066666666666667	227	1422463	0.1891086095033755	278	11.8608	0.1954356633529308	-0.7588021044111696	baseline
Cn105	NC_026751.1	339	0.4074074074074074	0.43352744031584056	0.16075783599262178	0.3007537688442211	0.5503026412325752	219	1399503	0.2422288483840335	343	22.238999999999997	0.24508700588708993	-0.17986420252709207	baseline
Cn105	NC_026752.1	311	0.4382716049382716	0.4593762237598324	0.17730536380180367	0.3224925083729949	0.5917508417508417	101	1398693	0.22235043715811834	298	14.0847	0.21305604589427415	0.9229873550732355	baseline
Cn105	NC_026753.1	327	0.38197424892703863	0.420891550691649	0.17900886462520613	0.2804163386687658	0.5274605889695345	214	1186808	0.2755289819414766	318	17.7912	0.26794561546602313	0.5058680696074463	baseline
Cn105	NC_026754.1	156	0.3223350253807107	0.3779654341213648	0.19579446601244346	0.20833333333333334	0.4938290308245465	218	1059964	0.14717480971051847	171.5	24.462899999999998	0.1617979478548328	-0.6336125316295289	baseline
Cn105	NC_026755.1	314	0.3978260869565218	0.4283069680481843	0.1933907958779367	0.25862068965517243	0.540259009009009	171.5	1561994	0.20102509996837378	337.5	20.0151	0.2160699720997648	-1.174113544274073	baseline
Cn105	NC_026756.1	340	0.40241439015005775	0.4122158572243306	0.15263933415808223	0.27419254658385095	0.5070253022839228	219.5	774062	0.43924130108440923	369	25.9455	0.47670600029455	-1.1177275442755006	baseline
Cn105	NC_026757.1	210	0.4039605643379228	0.4340521747401612	0.17533357640060182	0.28807560137457044	0.5331168831168831	206	756744	0.2775046779359995	208	21.4977	0.2748617762413709	0.09303320820366831	baseline
Cn105	NC_026758.1	140	0.39425465838509316	0.41458268203854565	0.16335489843313886	0.2727272727272727	0.4967391304347826	201	942867	0.14848329615947956	147	14.0847	0.15590746096745353	-0.49699319119328067	baseline
Cn106	NC_026745.1	192	0.40042194092827005	0.42774023123051386	0.17790254856689802	0.27406413924654266	0.5394138755980862	217	2291499	0.08378794841280753	220.5	31.875899999999998	0.09622522200533364	-0.894092402096882	baseline
Cn106	NC_026746.1	110	0.38095238095238093	0.41914474577716254	0.1771501606053178	0.26857111036863796	0.5659090909090909	83	1621675	0.06783110055960657	113	6.6716999999999995	0.06968103966577767	-0.44966050631773014	baseline
Cn106	NC_026747.1	89	0.38636363636363635	0.4198578400056244	0.16732772655879266	0.2814814814814815	0.5493562231759657	209	1575141	0.056502878155035005	104	10.3782	0.06602583514745664	-1.445337341735561	baseline
Cn106	NC_026748.1	380	0.4724087448760492	0.46092708365477736	0.1677443561667519	0.2989550649932765	0.5935250203922403	224.5	1084805	0.3502933706979595	360.5	18.5325	0.3323177898331958	1.0522055847834886	baseline
Cn106	NC_026749.1	258	0.42857142857142855	0.4383721475316174	0.17647773064905614	0.29871347723085023	0.5485759493670886	158.5	1814975	0.14215071832945358	297	33.3585	0.16363861761181284	-1.1691173164260984	baseline
Cn106	NC_026750.1	265	0.4479638009049774	0.4340939947050958	0.14053839189980294	0.33185840707964603	0.5045871559633027	229	1422463	0.1862965855702398	278	11.8608	0.1954356633529308	-1.0960474841494672	baseline
Cn106	NC_026751.1	338	0.4130252100840336	0.42623539983341596	0.1603845036151102	0.2958433116660965	0.5204951298701299	222	1399503	0.24151430900826937	343	22.238999999999997	0.24508700588708993	-0.2248302531588651	baseline
Cn106	NC_026752.1	294	0.4466124661246612	0.46146469707006915	0.18238382803523634	0.31214285714285717	0.6135875402792696	111.5	1398693	0.21019623319770672	298	14.0847	0.21305604589427415	-0.2839961092533032	baseline
Cn106	NC_026753.1	282	0.3755733944954128	0.4193458314601256	0.1732041965725331	0.29467084639498436	0.4912658714890342	219	1186808	0.2376121495642092	318	17.7912	0.26794561546602313	-2.0234722784297854	baseline
Cn106	NC_026754.1	121	0.32857142857142857	0.3887768529996914	0.18907039640223283	0.23076923076923078	0.4692982456140351	226	1059964	0.11415482035238933	171.5	24.462899999999998	0.1617979478548328	-2.064350506276852	baseline
Cn106	NC_026755.1	305	0.3490566037735849	0.41075806045530533	0.19422098587216927	0.2524752475247525	0.5387931034482759	194	1561994	0.19526323404571339	337.5	20.0151	0.2160699720997648	-1.6237740505918032	baseline
Cn106	NC_026756.1	304	0.40455486542443064	0.4141163289341431	0.1514056549503133	0.29002079002078995	0.5108461407588045	223	774062	0.3927333986166483	369	25.9455	0.47670600029455	-2.505251392341639	baseline
Cn106	NC_026757.1	194	0.43784232365145226	0.4559128363526132	0.19000793282594694	0.28705566733735743	0.5926312817617165	211.5	756744	0.25636146437897095	208	21.4977	0.2748617762413709	-0.6512324574256781	baseline
Cn106	NC_026758.1	139	0.3744292237442922	0.4099018758534446	0.15784797269650572	0.29937759336099584	0.4933595815948757	206	942867	0.14742270118691184	147	14.0847	0.15590746096745353	-0.5679922185066064	baseline
Cn10601	NC_026745.1	176	0.43148403083700443	0.4362753557392183	0.17880952622899202	0.2783730158730159	0.5440143655227454	199	2291499	0.0768056193784069	220.5	31.875899999999998	0.09622522200533364	-1.3960390138003949	baseline
Cn10601	NC_026746.1	114	0.351000351000351	0.4284586068926541	0.18309239704025632	0.28253558198479234	0.5932203389830508	79.5	1621675	0.07029768603450137	113	6.6716999999999995	0.06968103966577767	0.1498868354392434	baseline
Cn10601	NC_026747.1	97	0.39285714285714285	0.42301954241092554	0.17025708249989627	0.271889400921659	0.5815899581589958	189	1575141	0.06158178855099321	104	10.3782	0.06602583514745664	-0.6744907594765952	baseline
Cn10601	NC_026748.1	352	0.47949364723467863	0.4845266269798923	0.17751246662725723	0.3274336283185841	0.6226365546218487	216	1084805	0.3244822802254783	360.5	18.5325	0.3323177898331958	-0.45865371644408476	baseline
Cn10601	NC_026749.1	296	0.38354914786632843	0.42190844618005435	0.18004494458749928	0.2752822019483532	0.537246963562753	152.5	1814975	0.1630876458353421	297	33.3585	0.16363861761181284	-0.029977367087848674	baseline
Cn10601	NC_026750.1	292	0.507730998509687	0.4855343239021328	0.17961756959425723	0.3344346549192364	0.6473624243248759	222.5	1422463	0.20527774711890573	278	11.8608	0.1954356633529308	1.1803588290840417	baseline
Cn10601	NC_026751.1	328	0.40453756508802385	0.44338610802910516	0.1630460141140928	0.3085210824417873	0.5833333333333334	209	1399503	0.23436891525062828	343	22.238999999999997	0.24508700588708993	-0.6744907594765952	baseline
Cn10601	NC_026752.1	305	0.4056603773584906	0.4430322103093469	0.1921869526233969	0.2702702702702703	0.5909090909090909	90	1398693	0.2180607181132672	298	14.0847	0.21305604589427415	0.49699319119328067	baseline
Cn10601	NC_026753.1	314	0.3851328044153156	0.42077207343651973	0.1831596903157151	0.28132363132363136	0.5	197	1186808	0.2645752303658216	318	17.7912	0.26794561546602313	-0.22483025315886507	baseline
Cn10601	NC_026754.1	146	0.3565936551011178	0.3725850414737965	0.16361644911714912	0.2540345752322574	0.45194432169686255	204.5	1059964	0.13774052703676729	171.5	24.462899999999998	0.1617979478548328	-1.0423948101001925	baseline
Cn10601	NC_026755.1	354	0.3562282929863667	0.4015525674258243	0.1782593134259865	0.26540471260968157	0.49696715415967396	188	1561994	0.22663339295797552	337.5	20.0151	0.2160699720997648	0.8243775949158385	baseline
Cn10601	NC_026756.1	349	0.39215686274509803	0.4069721128022826	0.1596199536633457	0.26356589147286824	0.5265486725663717	205	774062	0.4508682767013495	369	25.9455	0.47670600029455	-0.770846582258966	baseline
Cn10601	NC_026757.1	194	0.3795055821371611	0.4217604209511894	0.17748278983133098	0.262475037286079	0.5900588482555695	201.5	756744	0.25636146437897095	208	21.4977	0.2748617762413709	-0.6512324574256781	baseline
Cn10601	NC_026758.1	152	0.37208087512291055	0.3941454871835327	0.1661231647671244	0.25899843505477305	0.4916505030912838	206	942867	0.16121043583029207	147	14.0847	0.15590746096745353	0.35499513656662907	baseline
Cn10602	NC_018792.1	2	0.488262910798122	0.488262910798122	0.2523010111275944	0.39906103286384975	0.5774647887323944	49	NA	NA	1	0	NA	NA	NA
Cn10602	NC_026745.1	239	0.37168141592920356	0.4053428707536221	0.1843845170003724	0.2594902201322156	0.5176237521868889	199	2291499	0.10429853995135936	220.5	31.875899999999998	0.09622522200533364	0.5803757697821866	baseline
Cn10602	NC_026746.1	124	0.3270981588162205	0.39529793790284756	0.17079863286399918	0.2568474033827661	0.5548076923076923	93.5	1621675	0.07646414972173833	113	6.6716999999999995	0.06968103966577767	1.6487551898316772	baseline
Cn10602	NC_026747.1	101	0.38	0.4116465476876928	0.14751637138973464	0.3010204081632653	0.4788732394366197	185	1575141	0.06412124374897231	104	10.3782	0.06602583514745664	-0.2890674683471122	baseline
Cn10602	NC_026748.1	370	0.49665551839464883	0.4717288233582496	0.16897558251767614	0.3003205128205128	0.6020045458941871	215	1084805	0.3410751241006448	360.5	18.5325	0.3323177898331958	0.5126129772022123	baseline
Cn10602	NC_026749.1	260	0.43163837678829187	0.45968596929192057	0.1727913396111496	0.3333333333333333	0.5803657528585204	128	1814975	0.14325266188239508	297	33.3585	0.16363861761181284	-1.109162582250401	baseline
Cn10602	NC_026750.1	274	0.449363156259708	0.43359084461940883	0.14536469120741696	0.3211589371507011	0.5037117986207936	223.5	1422463	0.1926236394197951	278	11.8608	0.1954356633529308	-0.3372453797382976	baseline
Cn10602	NC_026751.1	316	0.42673655644156955	0.43778566064007485	0.15765761604138293	0.308596837944664	0.5332589709512057	216	1399503	0.22579444274145893	343	22.238999999999997	0.24508700588708993	-1.2140833670578715	baseline
Cn10602	NC_026752.1	298	0.42709816954159413	0.4509896081667973	0.1844753625373938	0.3012987012987013	0.6073170731707317	88.5	1398693	0.21305604589427415	298	14.0847	0.21305604589427415	0	baseline
Cn10602	NC_026753.1	310	0.3628594320306241	0.4106817557933968	0.1784641815239411	0.27616251083084625	0.4868943825184858	205	1186808	0.26120484526562004	318	17.7912	0.26794561546602313	-0.44966050631773014	baseline
Cn10602	NC_026754.1	165	0.33183856502242154	0.3710411096501962	0.18555376319375283	0.2074468085106383	0.4782608695652174	195	1059964	0.15566566411689453	171.5	24.462899999999998	0.1617979478548328	-0.2657084810059315	baseline
Cn10602	NC_026755.1	337	0.35714285714285715	0.40196134203604433	0.18726692622287844	0.25	0.5242290748898678	196	1561994	0.21574986843739477	337.5	20.0151	0.2160699720997648	-0.024981139239873894	baseline
Cn10602	NC_026756.1	332	0.41023017902813297	0.4011544804400597	0.1637517516113577	0.2466591379634858	0.5229549729376991	215	774062	0.42890621164712905	369	25.9455	0.47670600029455	-1.426066177179087	baseline
Cn10602	NC_026757.1	183	0.4358974358974359	0.4522021089684842	0.19897844908154397	0.2800307514895253	0.6296239837398374	202	756744	0.24182550505851383	208	21.4977	0.2748617762413709	-1.1629151025458537	baseline
Cn10602	NC_026758.1	153	0.36752136752136755	0.3947067000058155	0.1514194859858931	0.2804878048780488	0.4854771784232365	205	942867	0.1622710308028598	147	14.0847	0.15590746096745353	0.42599416387995487	baseline
Cn10603	NC_026745.1	242	0.3836342229199372	0.4152522325430598	0.18150412952000827	0.2577987421383648	0.5475690065854001	198	2291499	0.10560772664530947	220.5	31.875899999999998	0.09622522200533364	0.6744907594765952	baseline
Cn10603	NC_026746.1	113	0.3185840707964602	0.4323045341012459	0.20153278121445176	0.27467811158798283	0.6071428571428571	100	1621675	0.06968103966577767	113	6.6716999999999995	0.06968103966577767	0	baseline
Cn10603	NC_026747.1	101	0.39555555555555555	0.4092264988688424	0.16889676487198363	0.27586206896551724	0.4954545454545455	173	1575141	0.06412124374897231	104	10.3782	0.06602583514745664	-0.2890674683471122	baseline
Cn10603	NC_026748.1	360	0.49292919303797467	0.48200328540928733	0.17898080354793852	0.322028274934105	0.6453667640376501	213.5	1084805	0.3318568775033301	360.5	18.5325	0.3323177898331958	-0.02697963037906381	baseline
Cn10603	NC_026749.1	279	0.39914163090128757	0.42657857954463296	0.18093758887903222	0.2658474015226746	0.5615530303030303	177	1814975	0.15372112563533935	297	33.3585	0.16363861761181284	-0.5395926075812761	baseline
Cn10603	NC_026750.1	269	0.4594594594594595	0.4408190088123202	0.1386884038987562	0.35267857142857145	0.5043478260869565	224	1422463	0.1891086095033755	278	11.8608	0.1954356633529308	-0.7588021044111696	baseline
Cn10603	NC_026751.1	328	0.4	0.41539044357468957	0.15541990548882312	0.27209821428571423	0.5060548722800379	207	1399503	0.23436891525062828	343	22.238999999999997	0.24508700588708993	-0.6744907594765952	baseline
Cn10603	NC_026752.1	281	0.4632352941176471	0.46221928985877486	0.1703191407846581	0.3219178082191781	0.5771144278606966	84	1398693	0.20090184193386254	298	14.0847	0.21305604589427415	-1.2069834643265387	baseline
Cn10603	NC_026753.1	306	0.38839285714285715	0.4199973353512439	0.17486413025153416	0.2857142857142857	0.4932641984880791	207	1186808	0.2578344601654185	318	17.7912	0.26794561546602313	-0.6744907594765952	baseline
Cn10603	NC_026754.1	143	0.3392070484581498	0.38751968835839007	0.18326619524390592	0.24645354645354645	0.47608695652173916	195	1059964	0.13491024223464193	171.5	24.462899999999998	0.1617979478548328	-1.1650294936413919	baseline
Cn10603	NC_026755.1	329	0.38461538461538464	0.4134881990678577	0.1824187590056396	0.25757575757575757	0.5284974093264249	189	1561994	0.21062820983947442	337.5	20.0151	0.2160699720997648	-0.4246793670778562	baseline
Cn10603	NC_026756.1	359	0.38461538461538464	0.4018516633442134	0.16409844072937363	0.24615384615384617	0.5176551785555259	208	774062	0.4637871384979498	369	25.9455	0.47670600029455	-0.385423291129483	baseline
Cn10603	NC_026757.1	189	0.4385245901639344	0.4466565659294847	0.1864791623192966	0.2765957446808511	0.5874439461883408	199	756744	0.24975421014239954	208	21.4977	0.2748617762413709	-0.8838154779348489	baseline
Cn10603	NC_026758.1	149	0.3782608695652174	0.42676381641957006	0.15676356620231424	0.3238095238095238	0.5042016806722689	206	942867	0.15802865091258894	147	14.0847	0.15590746096745353	0.1419980546266516	baseline
Cn107	NC_026745.1	183	0.4177777777777778	0.4441761821677619	0.19003675054084562	0.2740070387129211	0.5708206686930091	218	2291499	0.07986038833095717	220.5	31.875899999999998	0.09622522200533364	-1.176437371180108	baseline
Cn107	NC_026746.1	111	0.4380952380952381	0.4502246395664935	0.19251102081873803	0.29062460726404427	0.5787634019124891	105	1621675	0.06844774692833028	113	6.6716999999999995	0.06968103966577767	-0.2997736708784868	baseline
Cn107	NC_026747.1	86	0.3379029733959311	0.3987535670962833	0.17133477623385676	0.2577701175406872	0.5068271649299316	206.5	1575141	0.05459828675655068	104	10.3782	0.06602583514745664	-1.7344048100826734	baseline
Cn107	NC_026748.1	366	0.47173859619274466	0.469255928806178	0.17058354187309033	0.31828400497928394	0.6181644907735384	226	1084805	0.3373878254617189	360.5	18.5325	0.3323177898331958	0.2967759341697019	baseline
Cn107	NC_026749.1	314	0.4785372144436256	0.46711435976385296	0.17566467066378916	0.31891159299416183	0.5866666666666667	158.5	1814975	0.1730051378118156	297	33.3585	0.16363861761181284	0.5096152404934274	baseline
Cn107	NC_026750.1	252	0.45167981921861483	0.4367534183609799	0.12728259996119365	0.35330190487141166	0.510617020110691	233	1422463	0.1771575077875488	278	11.8608	0.1954356633529308	-2.1920949682989344	baseline
Cn107	NC_026751.1	365	0.4049586776859504	0.42410639238994613	0.1555427534651638	0.2962962962962963	0.5263157894736842	221	1399503	0.26080687215390036	343	22.238999999999997	0.24508700588708993	0.9892531138990064	baseline
Cn107	NC_026752.1	294	0.41633333333333333	0.45198538563074064	0.17715668109820618	0.3128063725490196	0.5790164369034995	119	1398693	0.21019623319770672	298	14.0847	0.21305604589427415	-0.2839961092533032	baseline
Cn107	NC_026753.1	276	0.3829885057471264	0.4101135831718264	0.17164931689365312	0.2788600288600288	0.49429028354080223	224	1186808	0.23255657191390688	318	17.7912	0.26794561546602313	-2.3607176581680833	baseline
Cn107	NC_026754.1	145	0.4017094017094017	0.42837768978593765	0.1898411336742016	0.2606837606837607	0.5450643776824035	222	1059964	0.13679709876939217	171.5	24.462899999999998	0.1617979478548328	-1.083273037947259	baseline
Cn107	NC_026755.1	284	0.34764588859416445	0.4207636863853988	0.20200917192087647	0.25109649122807015	0.5698644421272159	189.5	1561994	0.18181888022617246	337.5	20.0151	0.2160699720997648	-2.6729818986665066	baseline
Cn107	NC_026756.1	319	0.405982905982906	0.41002892438821464	0.1592415517335464	0.26850757494359084	0.5021189864779931	226	774062	0.4121116913115487	369	25.9455	0.47670600029455	-1.9271164556474147	baseline
Cn107	NC_026757.1	181	0.35135135135135137	0.4124755032534636	0.17131816075189227	0.2631578947368421	0.5291666666666667	218	756744	0.23918260336388528	208	21.4977	0.2748617762413709	-1.2559483107495222	baseline
Cn107	NC_026758.1	131	0.37606837606837606	0.4055272256950085	0.15995313935676317	0.2798235519754507	0.49184350132626	167	942867	0.13893794140637014	147	14.0847	0.15590746096745353	-1.1359844370132128	baseline
Cn108	NC_018792.1	1	0.375	0.375	NA	0.375	0.375	64	NA	NA	1	0	NA	NA	NA
Cn108	NC_026745.1	220	0.3713573827320984	0.4114573798371685	0.1858003424225239	0.25455675227837615	0.5165977147360126	209.5	2291499	0.09600702422300862	220.5	31.875899999999998	0.09622522200533364	-0.015685831615734773	baseline
Cn108	NC_026746.1	108	0.36585365853658536	0.4340871301505895	0.20088856353825404	0.2589605734767025	0.6230867346938775	82	1621675	0.06659780782215918	113	6.6716999999999995	0.06968103966577767	-0.7494341771962169	baseline
Cn108	NC_026747.1	96	0.4019067611300621	0.4334234929502768	0.15885947558185656	0.31669352981809806	0.5066678520625889	206.5	1575141	0.06094692475149843	104	10.3782	0.06602583514745664	-0.770846582258966	baseline
Cn108	NC_026748.1	370	0.48931448298536906	0.47684274932524023	0.17339946765723294	0.3198479235718463	0.6071888537641963	220	1084805	0.3410751241006448	360.5	18.5325	0.3323177898331958	0.5126129772022123	baseline
Cn108	NC_026749.1	297	0.4419642857142857	0.44338702531460294	0.16562135937953254	0.3055555555555556	0.5384615384615384	201	1814975	0.16363861761181284	297	33.3585	0.16363861761181284	0	baseline
Cn108	NC_026750.1	252	0.4527888299440024	0.4337403095156298	0.12657815927676386	0.35204747000521647	0.49337662337662336	226	1422463	0.1771575077875488	278	11.8608	0.1954356633529308	-2.1920949682989344	baseline
Cn108	NC_026751.1	326	0.4331168831168831	0.450168431805445	0.1616475428162473	0.3326864406779661	0.5524879965080751	193	1399503	0.23293983649910005	343	22.238999999999997	0.24508700588708993	-0.7644228607401413	baseline
Cn108	NC_026752.1	291	0.4222222222222222	0.4574386774164109	0.1750586858193682	0.31359265734265734	0.604168899367699	100	1398693	0.20805137367528115	298	14.0847	0.21305604589427415	-0.49699319119328067	baseline
Cn108	NC_026753.1	310	0.3759057971014493	0.41849840677014594	0.17343813557790574	0.2818694574856547	0.5213421342134213	209	1186808	0.26120484526562004	318	17.7912	0.26794561546602313	-0.44966050631773014	baseline
Cn108	NC_026754.1	172	0.36583854596955034	0.39203557890408924	0.1744205573581203	0.23641571194762684	0.4882485182914368	214	1059964	0.16226966198852039	171.5	24.462899999999998	0.1617979478548328	0.02043911392353319	baseline
Cn108	NC_026755.1	309	0.37	0.40806668323466416	0.18273622922998528	0.2636363636363636	0.5260663507109005	189	1561994	0.19782406334467356	337.5	20.0151	0.2160699720997648	-1.423924936672812	baseline
Cn108	NC_026756.1	308	0.3325859491778774	0.3891456603878225	0.16310596796148005	0.2575595005852517	0.4872596153846154	213	774062	0.39790094333528836	369	25.9455	0.47670600029455	-2.3510820758898463	baseline
Cn108	NC_026757.1	209	0.4	0.43567728822965013	0.19216768402997841	0.27205882352941174	0.5681818181818182	186	756744	0.2761832270886852	208	21.4977	0.2748617762413709	0.046516604101834155	baseline
Cn108	NC_026758.1	151	0.34854771784232363	0.39038029734435953	0.15579601118273023	0.27815789473684216	0.47426545086119554	190	942867	0.16014984085772438	147	14.0847	0.15590746096745353	0.2839961092533032	baseline
Cn109	NC_018792.1	1	0.26666666666666666	0.26666666666666666	NA	0.26666666666666666	0.26666666666666666	60	NA	NA	1	0	NA	NA	NA
Cn109	NC_026745.1	235	0.3775933609958506	0.4095992475201238	0.19070146045539255	0.2405357142857143	0.5470374393190434	204	2291499	0.1025529576927592	220.5	31.875899999999998	0.09622522200533364	0.4548891168563084	baseline
Cn109	NC_026746.1	120	0.35103808089500865	0.4153886265616001	0.15720977472664716	0.2831440975121055	0.5410682834304296	72	1621675	0.07399756424684355	113	6.6716999999999995	0.06968103966577767	1.0492078480747036	baseline
Cn109	NC_026747.1	97	0.37433155080213903	0.39491684253341175	0.15243572259942706	0.25961538461538464	0.5064377682403434	190	1575141	0.06158178855099321	104	10.3782	0.06602583514745664	-0.6744907594765952	baseline
Cn109	NC_026748.1	371	0.49377593360995853	0.4727159237258136	0.16480868857609593	0.3263600611754425	0.6130392156862745	214	1084805	0.3419969487603763	360.5	18.5325	0.3323177898331958	0.56657223796034	baseline
Cn109	NC_026749.1	300	0.458517417162277	0.4541134962055726	0.16596105556022453	0.34231940053857857	0.5423728813559322	189	1814975	0.1652915329412251	297	33.3585	0.16363861761181284	0.08993210126354602	baseline
Cn109	NC_026750.1	278	0.4528996439563092	0.4309763210694865	0.14080745741141204	0.3432352941176471	0.4925130740317045	220	1422463	0.1954356633529308	278	11.8608	0.1954356633529308	0	baseline
Cn109	NC_026751.1	353	0.4147465437788018	0.43751836313964276	0.1667902377970573	0.29914529914529914	0.5454545454545454	199	1399503	0.25223239964473104	343	22.238999999999997	0.24508700588708993	0.4496605063177302	baseline
Cn109	NC_026752.1	318	0.43164871582435793	0.44642272399101907	0.17560137026421632	0.30908618899273105	0.5645380434782609	83.5	1398693	0.22735510937711134	298	14.0847	0.21305604589427415	1.4199805462665163	baseline
Cn109	NC_026753.1	320	0.38874489302815973	0.40967293343370836	0.1767175690213945	0.2727272727272727	0.4805867040448538	204	1186808	0.26963080801612394	318	17.7912	0.26794561546602313	0.11241512657943253	baseline
Cn109	NC_026754.1	151	0.32142857142857145	0.3775598291565481	0.17448523441464903	0.23906908744730043	0.46813772848475477	209	1059964	0.14245766837364288	171.5	24.462899999999998	0.1617979478548328	-0.8380036708648607	baseline
Cn109	NC_026755.1	318	0.35140884285555185	0.40888451653156493	0.19013493632665687	0.25	0.5464266230223678	187	1561994	0.20358592926733393	337.5	20.0151	0.2160699720997648	-0.9742644303550819	baseline
Cn109	NC_026756.1	401	0.35294117647058826	0.38915239286257985	0.1628993249099283	0.2571428571428571	0.5022026431718062	210	774062	0.5180463580436709	369	25.9455	0.47670600029455	1.2333545316143455	baseline
Cn109	NC_026757.1	193	0.4230769230769231	0.4503408999050838	0.19064397981410625	0.26717557251908397	0.6	195	756744	0.2550400135316567	208	21.4977	0.2748617762413709	-0.6977490615275123	baseline
Cn109	NC_026758.1	157	0.36787564766839376	0.4009074097851873	0.1552926235247695	0.2916666666666667	0.48760330578512395	196	942867	0.16651341069313064	147	14.0847	0.15590746096745353	0.7099902731332581	baseline
Cn11	NC_026745.1	235	0.375	0.40251975001573453	0.17594729305173415	0.25160944206008584	0.5175896860986546	202	2291499	0.1025529576927592	220.5	31.875899999999998	0.09622522200533364	0.4548891168563084	baseline
Cn11	NC_026746.1	140	0.40767164680208157	0.46708329455577163	0.22701872106054918	0.25810593900481543	0.6719364351245085	118	1621675	0.08633049162131747	113	6.6716999999999995	0.06968103966577767	4.046944556859572	het_enriched
Cn11	NC_026747.1	112	0.37201453790238836	0.421149783608554	0.18216964880362047	0.28125	0.5378102034295452	193.5	1575141	0.07110474554341484	104	10.3782	0.06602583514745664	0.770846582258966	baseline
Cn11	NC_026748.1	392	0.4665171898355755	0.4491358185402986	0.1662484338792244	0.31862352234021235	0.5519209573295544	211	1084805	0.3613552666147372	360.5	18.5325	0.3323177898331958	1.6997167138810199	baseline
Cn11	NC_026749.1	317	0.39805825242718446	0.41409677478622786	0.17396284588449976	0.26811594202898553	0.504424778761062	188	1814975	0.17465805314122784	297	33.3585	0.16363861761181284	0.5995473417569736	baseline
Cn11	NC_026750.1	289	0.4558139534883721	0.4334832023590122	0.14326367479517285	0.3488372093023256	0.502283105022831	214	1422463	0.20316872916905396	278	11.8608	0.1954356633529308	0.9274247942803184	baseline
Cn11	NC_026751.1	347	0.42452830188679247	0.4396788970789555	0.1685134693578224	0.3082134580453891	0.5381196581196581	205	1399503	0.24794516339014638	343	22.238999999999997	0.24508700588708993	0.17986420252709207	baseline
Cn11	NC_026752.1	319	0.42857142857142855	0.4347275553214304	0.18091266379812512	0.2752472969864274	0.5657632191553044	128	1398693	0.2280700625512532	298	14.0847	0.21305604589427415	1.490979573579842	baseline
Cn11	NC_026753.1	316	0.39625850340136054	0.4306891622240318	0.18585561447533394	0.28391261171797416	0.546058994197292	205.5	1186808	0.2662604229159224	318	17.7912	0.26794561546602313	-0.11241512657943253	baseline
Cn11	NC_026754.1	224	0.35941100230414746	0.3786437013546728	0.17666230692907758	0.23752014736357357	0.4833704239456994	198	1059964	0.21132793189202653	171.5	24.462899999999998	0.1617979478548328	2.1461069619709847	baseline
Cn11	NC_026755.1	353	0.36666666666666664	0.40869847450570385	0.18820311495896966	0.25	0.5248868778280543	188	1561994	0.22599318563323548	337.5	20.0151	0.2160699720997648	0.7744153164360907	baseline
Cn11	NC_026756.1	353	0.37727272727272726	0.39660079633419953	0.16084440686429916	0.2711864406779661	0.4790697674418605	208	774062	0.4560358214199896	369	25.9455	0.47670600029455	-0.6166772658071727	baseline
Cn11	NC_026757.1	230	0.4132457580733443	0.4344888154404721	0.20361298286913934	0.26264239327158523	0.5731747449579239	204	756744	0.30393369488228517	208	21.4977	0.2748617762413709	1.0233652902403514	baseline
Cn11	NC_026758.1	151	0.40816326530612246	0.4086784218598377	0.1623124633892529	0.26423200859291085	0.5034562211981567	206	942867	0.16014984085772438	147	14.0847	0.15590746096745353	0.2839961092533032	baseline
Cn110	NC_026745.1	220	0.36530198137980424	0.4102440315177563	0.1852986696400142	0.2680281155015197	0.532261627439955	210	2291499	0.09600702422300862	220.5	31.875899999999998	0.09622522200533364	-0.015685831615734773	baseline
Cn110	NC_026746.1	101	0.36619718309859156	0.42199834715667545	0.18560327188160014	0.2714285714285714	0.6190476190476191	75	1621675	0.06228128324109332	113	6.6716999999999995	0.06968103966577767	-1.7986420252709205	baseline
Cn110	NC_026747.1	92	0.40226511990462654	0.4192210146999893	0.16845228878289312	0.2625858123569794	0.5289815817984832	203	1575141	0.05840746955351933	104	10.3782	0.06602583514745664	-1.1562698733884489	baseline
Cn110	NC_026748.1	363	0.5084745762711864	0.48044840263930866	0.16930737329581946	0.3211794019933555	0.5957876821614722	218	1084805	0.3346223514825245	360.5	18.5325	0.3323177898331958	0.13489815189531904	baseline
Cn110	NC_026749.1	312	0.4493589743589744	0.4301708977427916	0.17707567455178608	0.27220600500417014	0.5517241379310345	202	1814975	0.1719031942588741	297	33.3585	0.16363861761181284	0.44966050631773014	baseline
Cn110	NC_026750.1	281	0.43478260869565216	0.4101563828825356	0.1380094591705959	0.31759656652360513	0.4847161572052402	223	1422463	0.19754468130278258	278	11.8608	0.1954356633529308	0.25293403480372323	baseline
Cn110	NC_026751.1	350	0.42343987823439877	0.4328124573560025	0.15958724081016967	0.3103419092755586	0.5331670916454178	212.5	1399503	0.2500887815174387	343	22.238999999999997	0.24508700588708993	0.31476235442241113	baseline
Cn110	NC_026752.1	294	0.4476689612015019	0.44860876259874977	0.16410329113268676	0.3106806986117331	0.55	99.5	1398693	0.21019623319770672	298	14.0847	0.21305604589427415	-0.2839961092533032	baseline
Cn110	NC_026753.1	300	0.3879502461777663	0.42069778824698956	0.17621267436318688	0.2804591836734694	0.5154221581141694	211	1186808	0.25277888251511615	318	17.7912	0.26794561546602313	-1.0117361392148927	baseline
Cn110	NC_026754.1	145	0.4032258064516129	0.40881254242781057	0.17981792250856068	0.24479166666666666	0.5235849056603774	214	1059964	0.13679709876939217	171.5	24.462899999999998	0.1617979478548328	-1.083273037947259	baseline
Cn110	NC_026755.1	327	0.37446808510638296	0.4241759680587791	0.18878674498312428	0.2757124798896805	0.5543708408953418	191	1561994	0.20934779518999433	337.5	20.0151	0.2160699720997648	-0.5246039240373518	baseline
Cn110	NC_026756.1	344	0.40943267259056737	0.4140315755555121	0.14013926386180173	0.2970880172207606	0.5086779066219103	217	774062	0.44440884580304935	369	25.9455	0.47670600029455	-0.9635582278237074	baseline
Cn110	NC_026757.1	208	0.38611550335065126	0.42042801728076873	0.18616963463279912	0.2690620929222753	0.5601165254237288	212.5	756744	0.2748617762413709	208	21.4977	0.2748617762413709	0	baseline
Cn110	NC_026758.1	129	0.41350210970464135	0.42604527157187244	0.17070997775813396	0.2767857142857143	0.5294117647058824	208	942867	0.13681675146123473	147	14.0847	0.15590746096745353	-1.2779824916398645	baseline
Cn111	NC_026745.1	217	0.3901345291479821	0.42584789445705357	0.19919809614131165	0.24873096446700507	0.5644444444444444	200	2291499	0.0946978375290585	220.5	31.875899999999998	0.09622522200533364	-0.1098008213101434	baseline
Cn111	NC_026746.1	109	0.32857142857142857	0.44346246440977427	0.21813214639396722	0.24669603524229075	0.6813725490196079	71	1621675	0.06721445419088289	113	6.6716999999999995	0.06968103966577767	-0.5995473417569736	baseline
Cn111	NC_026747.1	103	0.38461538461538464	0.4150169095546172	0.16207303987453095	0.2814511729405347	0.5470889894419306	199	1575141	0.06539097134796186	104	10.3782	0.06602583514745664	-0.09635582278237075	baseline
Cn111	NC_026748.1	359	0.4930232558139535	0.4809060507843486	0.18801885167634735	0.2975100772589856	0.6528970765521398	222	1084805	0.3309350528435986	360.5	18.5325	0.3323177898331958	-0.08093889113719142	baseline
Cn111	NC_026749.1	265	0.41784037558685444	0.43863563488426627	0.18659127351061033	0.2857142857142857	0.5701754385964912	136	1814975	0.14600752076474882	297	33.3585	0.16363861761181284	-0.9592757468111576	baseline
Cn111	NC_026750.1	274	0.4442049808429119	0.4205602910805661	0.13972412930505904	0.3151191038531615	0.5037416088918235	225	1422463	0.1926236394197951	278	11.8608	0.1954356633529308	-0.3372453797382976	baseline
Cn111	NC_026751.1	361	0.4256198347107438	0.4338565001774011	0.1574219249954943	0.30612244897959184	0.5350877192982456	214	1399503	0.2579487146508439	343	22.238999999999997	0.24508700588708993	0.8093889113719143	baseline
Cn111	NC_026752.1	303	0.4388888888888889	0.44937477616236593	0.17383766639158482	0.29912280701754385	0.5797101449275363	101	1398693	0.21663081176498344	298	14.0847	0.21305604589427415	0.35499513656662907	baseline
Cn111	NC_026753.1	312	0.392822231531909	0.42780110931800164	0.17273198329857103	0.3014687222433702	0.5238095238095238	209	1186808	0.26289003781572085	318	17.7912	0.26794561546602313	-0.3372453797382976	baseline
Cn111	NC_026754.1	153	0.36774193548387096	0.4024042253615939	0.202836738658307	0.22926829268292684	0.5102040816326531	213	1059964	0.1443445249083931	171.5	24.462899999999998	0.1617979478548328	-0.756247215170728	baseline
Cn111	NC_026755.1	305	0.4	0.4446505920909216	0.19671387539746607	0.28205128205128205	0.579185520361991	189	1561994	0.19526323404571339	337.5	20.0151	0.2160699720997648	-1.6237740505918032	baseline
Cn111	NC_026756.1	351	0.3900709219858156	0.4008801879685421	0.1568070324765741	0.26097665452987795	0.50223432481497	216	774062	0.45345204906066955	369	25.9455	0.47670600029455	-0.6937619240330694	baseline
Cn111	NC_026757.1	215	0.42016806722689076	0.4350319634449435	0.18021491508834955	0.2809744064138144	0.5714285714285714	212	756744	0.2841119321725709	208	21.4977	0.2748617762413709	0.3256162287128391	baseline
Cn111	NC_026758.1	141	0.37117903930131	0.4059820239223337	0.16314317093698288	0.27638190954773867	0.5	201	942867	0.14954389113204727	147	14.0847	0.15590746096745353	-0.42599416387995487	baseline
Cn112	NC_018792.1	1	0.22608695652173913	0.22608695652173913	NA	0.22608695652173913	0.22608695652173913	115	NA	NA	1	0	NA	NA	NA
Cn112	NC_026745.1	215	0.3709677419354839	0.41834867848975377	0.1857418476320949	0.27681138585393905	0.5260983263598327	217	2291499	0.09382504639975842	220.5	31.875899999999998	0.09622522200533364	-0.1725441477730825	baseline
Cn112	NC_026746.1	115	0.352112676056338	0.4360495891852644	0.19181773874348823	0.2866339668914776	0.6088235294117648	78	1621675	0.07091433240322506	113	6.6716999999999995	0.06968103966577767	0.2997736708784868	baseline
Cn112	NC_026747.1	95	0.39285714285714285	0.4096552279878575	0.16563282608720079	0.2629348795718109	0.5224436392914653	206	1575141	0.06031206095200366	104	10.3782	0.06602583514745664	-0.8672024050413367	baseline
Cn112	NC_026748.1	359	0.4782608695652174	0.46788321615264156	0.164285452808144	0.32557679630850367	0.5909090909090909	224	1084805	0.3309350528435986	360.5	18.5325	0.3323177898331958	-0.08093889113719142	baseline
Cn112	NC_026749.1	306	0.423728813559322	0.4321730700583685	0.1680349238603768	0.2900015094909242	0.5278133674994662	152	1814975	0.1685973636000496	297	33.3585	0.16363861761181284	0.26979630379063807	baseline
Cn112	NC_026750.1	255	0.45374449339207046	0.4381667233199452	0.1277085244730261	0.37073530600695287	0.5	227	1422463	0.17926652573740057	278	11.8608	0.1954356633529308	-1.9391609334952111	baseline
Cn112	NC_026751.1	309	0.4484304932735426	0.4349705373401082	0.15220236595197995	0.3192488262910798	0.5238095238095238	204	1399503	0.22079266711111017	343	22.238999999999997	0.24508700588708993	-1.5288457214802826	baseline
Cn112	NC_026752.1	290	0.46047307812013694	0.46269120261210683	0.17130701342048804	0.33218125960061445	0.5856905758406696	97	1398693	0.2073364205011393	298	14.0847	0.21305604589427415	-0.5679922185066064	baseline
Cn112	NC_026753.1	319	0.3898305084745763	0.42317675923458187	0.1794817815917908	0.2912077826725404	0.5264460253634395	215	1186808	0.26878821174107353	318	17.7912	0.26794561546602313	0.05620756328971627	baseline
Cn112	NC_026754.1	170	0.38013136288998356	0.41781409229035427	0.18754928984681538	0.2531069490635393	0.5620779220779222	211	1059964	0.16038280545377015	171.5	24.462899999999998	0.1617979478548328	-0.06131734177059957	baseline
Cn112	NC_026755.1	330	0.38894510498355683	0.4216417786959586	0.1905797688684577	0.26439393939393935	0.5488636363636363	179.5	1561994	0.21126841716421446	337.5	20.0151	0.2160699720997648	-0.3747170885981084	baseline
Cn112	NC_026756.1	302	0.3643704850361197	0.3946976056876121	0.16647578316095132	0.2596952480933708	0.5125118663375736	214.5	774062	0.39014962625732824	369	25.9455	0.47670600029455	-2.5823360505675357	baseline
Cn112	NC_026757.1	194	0.3786848072562358	0.43157026644367014	0.1895696913903129	0.2757222739981361	0.592237308146399	207.5	756744	0.25636146437897095	208	21.4977	0.2748617762413709	-0.6512324574256781	baseline
Cn112	NC_026758.1	144	0.3787025043177893	0.3896189549634424	0.15218324948460324	0.26195719399516465	0.478210751237067	215.5	942867	0.1527256760497504	147	14.0847	0.15590746096745353	-0.21299708193997743	baseline
Cn113	NC_018792.1	1	0.39705882352941174	0.39705882352941174	NA	0.39705882352941174	0.39705882352941174	68	NA	NA	1	0	NA	NA	NA
Cn113	NC_026745.1	211	0.41148325358851673	0.43291596102893154	0.18754721926893123	0.26863427757556574	0.5737508964857758	213	2291499	0.09207946414115827	220.5	31.875899999999998	0.09622522200533364	-0.29803080069896065	baseline
Cn113	NC_026746.1	127	0.352112676056338	0.44350813702682773	0.21622723527596446	0.26280941665224167	0.6717948717948719	82	1621675	0.07831408882790941	113	6.6716999999999995	0.06968103966577767	2.098415696149407	baseline
Cn113	NC_026747.1	98	0.396969696969697	0.42864761390168765	0.15797214013268746	0.3087904360056259	0.5475442699632476	203.5	1575141	0.06221665235048798	104	10.3782	0.06602583514745664	-0.5781349366942244	baseline
Cn113	NC_026748.1	301	0.5359477124183006	0.4868285453189906	0.1709166161850266	0.3349282296650718	0.606694560669456	218	1084805	0.2774692225791732	360.5	18.5325	0.3323177898331958	-3.210576015108593	het_depleted
Cn113	NC_026749.1	305	0.4495798319327731	0.45023138208033564	0.16862674381636972	0.3127962085308057	0.5645161290322581	204	1814975	0.16804639182357883	297	33.3585	0.16363861761181284	0.2398189367027894	baseline
Cn113	NC_026750.1	271	0.4647887323943662	0.4448904936203686	0.1435563557507884	0.35666095960213606	0.5121030586401714	224	1422463	0.19051462146994333	278	11.8608	0.1954356633529308	-0.5901794145420208	baseline
Cn113	NC_026751.1	351	0.41025641025641024	0.43253858464319517	0.15856648943503163	0.31057781919850885	0.5367407701468837	215	1399503	0.25080332089320284	343	22.238999999999997	0.24508700588708993	0.35972840505418413	baseline
Cn113	NC_026752.1	288	0.42857142857142855	0.4426696996755714	0.1711139413820307	0.3152734778121775	0.5631793478260869	105.5	1398693	0.20590651415285557	298	14.0847	0.21305604589427415	-0.7099902731332581	baseline
Cn113	NC_026753.1	289	0.39908256880733944	0.42582726388272735	0.17159604455493224	0.291970802919708	0.5211864406779662	213	1186808	0.24351032348956192	318	17.7912	0.26794561546602313	-1.6300193354017716	baseline
Cn113	NC_026754.1	163	0.3771186440677966	0.40706295158898304	0.1870239565611558	0.25662020905923344	0.5021551724137931	212	1059964	0.1537788075821443	171.5	24.462899999999998	0.1617979478548328	-0.34746493670006423	baseline
Cn113	NC_026755.1	314	0.34615384615384615	0.4214870438056152	0.19409692729905803	0.2694906444906445	0.552404718693285	179.5	1561994	0.20102509996837378	337.5	20.0151	0.2160699720997648	-1.174113544274073	baseline
Cn113	NC_026756.1	362	0.3870105982307086	0.39608643705031366	0.1581531307314408	0.25584332191780823	0.5085520705012793	220	774062	0.46766279703692987	369	25.9455	0.47670600029455	-0.26979630379063807	baseline
Cn113	NC_026757.1	193	0.36363636363636365	0.4083078220487463	0.18099553571658059	0.26605504587155965	0.5378787878787878	218	756744	0.2550400135316567	208	21.4977	0.2748617762413709	-0.6977490615275123	baseline
Cn113	NC_026758.1	138	0.40470555861309854	0.4242921123964296	0.16088595269838937	0.29507167360940945	0.5	205.5	942867	0.14636210621434412	147	14.0847	0.15590746096745353	-0.6389912458199323	baseline
Cn114	NC_026745.1	163	0.4029126213592233	0.4406552070114798	0.18299218431490397	0.30504212246950835	0.5505860756831176	203	2291499	0.07113247703795639	220.5	31.875899999999998	0.09622522200533364	-1.803870635809499	baseline
Cn114	NC_026746.1	113	0.3574660633484163	0.42418187993172896	0.18643761876965695	0.2631578947368421	0.5957446808510638	66	1621675	0.06968103966577767	113	6.6716999999999995	0.06968103966577767	0	baseline
Cn114	NC_026747.1	96	0.3681177191906806	0.41313868990548314	0.17358452252720394	0.27089497938394375	0.5454545454545454	199.5	1575141	0.06094692475149843	104	10.3782	0.06602583514745664	-0.770846582258966	baseline
Cn114	NC_026748.1	354	0.5214627855563744	0.488287585686577	0.18264365230097385	0.29934242258593524	0.64526508129866	215	1084805	0.3263259295449412	360.5	18.5325	0.3323177898331958	-0.3507351949278295	baseline
Cn114	NC_026749.1	326	0.4354715378079864	0.42466918510766477	0.17560552761635162	0.27303860523038603	0.5305960903083701	203.5	1814975	0.1796167991294646	297	33.3585	0.16363861761181284	0.8693436455476116	baseline
Cn114	NC_026750.1	279	0.5344827586206896	0.4800520650407055	0.17737285984636367	0.3093602909713308	0.6231289896544134	223	1422463	0.19613866933621474	278	11.8608	0.1954356633529308	0.0843113449345744	baseline
Cn114	NC_026751.1	349	0.4	0.44857430789111147	0.1663385426912946	0.3125	0.5872340425531914	205	1399503	0.24937424214167458	343	22.238999999999997	0.24508700588708993	0.2697963037906381	baseline
Cn114	NC_026752.1	310	0.42104072398190046	0.43748142039380256	0.1763475844282528	0.2890946037480244	0.5743639921722112	102	1398693	0.22163548398397648	298	14.0847	0.21305604589427415	0.8519883277599097	baseline
Cn114	NC_026753.1	324	0.38617156979988837	0.41701724830575004	0.18208888857718503	0.2777165932452276	0.5159090909090909	200.5	1186808	0.2730011931163255	318	17.7912	0.26794561546602313	0.3372453797382976	baseline
Cn114	NC_026754.1	158	0.3769600135979263	0.4075262818815359	0.17490772675024366	0.2665107061610263	0.5193723459141961	209	1059964	0.1490616662452687	171.5	24.462899999999998	0.1617979478548328	-0.5518560759353961	baseline
Cn114	NC_026755.1	303	0.36363636363636365	0.4051614906426958	0.17710445123544774	0.27343796711509716	0.5	192	1561994	0.1939828193962333	337.5	20.0151	0.2160699720997648	-1.7236986075512988	baseline
Cn114	NC_026756.1	347	0.4189189189189189	0.41410782338937424	0.15784571596149477	0.2805153956516941	0.5271218408147869	213	774062	0.44828450434202943	369	25.9455	0.47670600029455	-0.8479312404848626	baseline
Cn114	NC_026757.1	187	0.4080717488789238	0.4215625236780821	0.17991695529633753	0.2511682242990654	0.5569444444444445	208	756744	0.24711130844777096	208	21.4977	0.2748617762413709	-0.9768486861385173	baseline
Cn114	NC_026758.1	102	0.4226190476190476	0.44452314040090274	0.16159284328302656	0.32353797763280523	0.5545993470416404	170.5	942867	0.10818068720190653	147	14.0847	0.15590746096745353	-3.1949562290996614	het_depleted
Cn115	NC_026745.1	182	0.3444387188837799	0.41261611448295393	0.20192752432950947	0.24748317237342699	0.5546309040857722	207	2291499	0.07942399276630713	220.5	31.875899999999998	0.09622522200533364	-1.2078090344115775	baseline
Cn115	NC_026746.1	107	0.375	0.44794374497869094	0.20529138940079425	0.28037995414346545	0.6202814001372683	79	1621675	0.0659811614534355	113	6.6716999999999995	0.06968103966577767	-0.8993210126354603	baseline
Cn115	NC_026747.1	93	0.3901345291479821	0.42597079147568506	0.15598356395467083	0.3333333333333333	0.5357142857142857	213	1575141	0.059042333353014106	104	10.3782	0.06602583514745664	-1.0599140506060782	baseline
Cn115	NC_026748.1	359	0.4808743169398907	0.472623382588927	0.16805091716370368	0.3275820229081732	0.6081932773109243	219	1084805	0.3309350528435986	360.5	18.5325	0.3323177898331958	-0.08093889113719142	baseline
Cn115	NC_026749.1	230	0.472019781363873	0.44491600109749324	0.18864226769576312	0.2575899890922312	0.5932765608414552	127.5	1814975	0.12672350858827258	297	33.3585	0.16363861761181284	-2.008483594885861	baseline
Cn115	NC_026750.1	279	0.4396551724137931	0.4321039880495234	0.14829492629121713	0.32677195685670263	0.4953604261534496	224	1422463	0.19613866933621474	278	11.8608	0.1954356633529308	0.0843113449345744	baseline
Cn115	NC_026751.1	347	0.425	0.43996889070115325	0.15770048386348345	0.3132006726457399	0.5384615384615384	213	1399503	0.24794516339014638	343	22.238999999999997	0.24508700588708993	0.17986420252709207	baseline
Cn115	NC_026752.1	292	0.47458172458172454	0.47150895213355876	0.17130024956194548	0.3275217391304348	0.6053896761133604	101	1398693	0.208766326849423	298	14.0847	0.21305604589427415	-0.42599416387995487	baseline
Cn115	NC_026753.1	319	0.38461538461538464	0.419778875049067	0.17824614828326885	0.2830146175410493	0.4989270386266095	209	1186808	0.26878821174107353	318	17.7912	0.26794561546602313	0.05620756328971627	baseline
Cn115	NC_026754.1	130	0.3809503442966511	0.4158731622100061	0.19516762705734855	0.25223222194663925	0.5216450216450217	201	1059964	0.1226456747587654	171.5	24.462899999999998	0.1617979478548328	-1.6964464556532546	baseline
Cn115	NC_026755.1	293	0.37209302325581395	0.40956305742929205	0.18809439814926884	0.2594142259414226	0.5094339622641509	203	1561994	0.18758074614883286	337.5	20.0151	0.2160699720997648	-2.2233213923487765	baseline
Cn115	NC_026756.1	355	0.40425531914893614	0.39794044917092103	0.15607914694477756	0.2588502506265664	0.48944847114134593	215	774062	0.45861959377930966	369	25.9455	0.47670600029455	-0.5395926075812761	baseline
Cn115	NC_026757.1	211	0.4034334763948498	0.4377290406207856	0.1887497592450206	0.28910212733742147	0.5890804597701149	185	756744	0.27882612878331375	208	21.4977	0.2748617762413709	0.13954981230550245	baseline
Cn115	NC_026758.1	141	0.4009009009009009	0.4132775010217592	0.15053653714494017	0.29017857142857145	0.5	211	942867	0.14954389113204727	147	14.0847	0.15590746096745353	-0.42599416387995487	baseline
Cn116	NC_018792.1	1	0.3387096774193548	0.3387096774193548	NA	0.3387096774193548	0.3387096774193548	62	NA	NA	1	0	NA	NA	NA
Cn116	NC_026745.1	189	0.3924050632911392	0.4279212176923626	0.17885738595769735	0.2875	0.5259259259259259	222	2291499	0.0824787617188574	220.5	31.875899999999998	0.09622522200533364	-0.9882073917912907	baseline
Cn116	NC_026746.1	110	0.37037037037037035	0.44511378769217946	0.18658315045917315	0.293712898003238	0.6193412162162162	92.5	1621675	0.06783110055960657	113	6.6716999999999995	0.06968103966577767	-0.44966050631773014	baseline
Cn116	NC_026747.1	96	0.3870266479663394	0.41857908028034707	0.17189257520727017	0.2902324494305626	0.5321994519242226	167.5	1575141	0.06094692475149843	104	10.3782	0.06602583514745664	-0.770846582258966	baseline
Cn116	NC_026748.1	303	0.5	0.4735541561920807	0.16224902575697342	0.32818109293976866	0.5894776040004256	223	1084805	0.27931287189863613	360.5	18.5325	0.3323177898331958	-3.102657493592338	het_depleted
Cn116	NC_026749.1	261	0.45454545454545453	0.4525842162179573	0.18181747531037687	0.30985915492957744	0.5756302521008403	177	1814975	0.14380363365886584	297	33.3585	0.16363861761181284	-1.0791852151625523	baseline
Cn116	NC_026750.1	280	0.45824621253805803	0.43474888052046745	0.13777307571654332	0.3333333333333333	0.512739026510213	230	1422463	0.19684167531949864	278	11.8608	0.1954356633529308	0.1686226898691488	baseline
Cn116	NC_026751.1	337	0.4224137931034483	0.43742041726468994	0.14999722670814303	0.3235294117647059	0.5470085470085471	219	1399503	0.24079976963250527	343	22.238999999999997	0.24508700588708993	-0.2697963037906381	baseline
Cn116	NC_026752.1	305	0.43902439024390244	0.46366884427069854	0.1845705607044462	0.30303030303030304	0.611764705882353	108	1398693	0.2180607181132672	298	14.0847	0.21305604589427415	0.49699319119328067	baseline
Cn116	NC_026753.1	319	0.36909871244635195	0.41182611502443495	0.16589392286927032	0.2866209880995312	0.5021739130434782	221	1186808	0.26878821174107353	318	17.7912	0.26794561546602313	0.05620756328971627	baseline
Cn116	NC_026754.1	148	0.336231884057971	0.38130389959419614	0.17986746352275063	0.22040897698792436	0.4930516431924883	223.5	1059964	0.13962738357151752	171.5	24.462899999999998	0.1617979478548328	-0.9606383544060599	baseline
Cn116	NC_026755.1	322	0.3736967816172112	0.43447021920664064	0.18433709551039237	0.2857142857142857	0.599333855799373	183	1561994	0.2061467585662941	337.5	20.0151	0.2160699720997648	-0.7744153164360907	baseline
Cn116	NC_026756.1	351	0.37254901960784315	0.4069350940234649	0.16962499083600605	0.26063829787234044	0.5284385090082344	224	774062	0.45345204906066955	369	25.9455	0.47670600029455	-0.6937619240330694	baseline
Cn116	NC_026757.1	182	0.3795445191384278	0.4214590897064341	0.16896064251732926	0.2835004916420846	0.5344310055619317	200	756744	0.24050405421119955	208	21.4977	0.2748617762413709	-1.209431706647688	baseline
Cn116	NC_026758.1	143	0.38095238095238093	0.413691285102778	0.14743798579537917	0.3155863433943592	0.487012987012987	210	942867	0.15166508107718268	147	14.0847	0.15590746096745353	-0.2839961092533032	baseline
Cn117	NC_026745.1	212	0.3910672169811321	0.4144716431253053	0.18755907646915454	0.2423544540565817	0.549151015505569	213	2291499	0.0925158597058083	220.5	31.875899999999998	0.09622522200533364	-0.26665913746749115	baseline
Cn117	NC_026746.1	116	0.3386224305805986	0.4110917586291494	0.18179977454161492	0.268208516886931	0.5485347985347986	73.5	1621675	0.07153097877194876	113	6.6716999999999995	0.06968103966577767	0.44966050631773014	baseline
Cn117	NC_026747.1	97	0.355	0.4051588968771246	0.1632551614691413	0.2773109243697479	0.49344978165938863	193	1575141	0.06158178855099321	104	10.3782	0.06602583514745664	-0.6744907594765952	baseline
Cn117	NC_026748.1	364	0.5084770114942528	0.47615411228093757	0.17025754136561108	0.31803550526726493	0.6082853332302458	220	1084805	0.33554417614225596	360.5	18.5325	0.3323177898331958	0.18885741265344666	baseline
Cn117	NC_026749.1	296	0.4253565062388592	0.43701633310266325	0.17115978791551573	0.2963516746411483	0.5376610895799855	197.5	1814975	0.1630876458353421	297	33.3585	0.16363861761181284	-0.029977367087848674	baseline
Cn117	NC_026750.1	278	0.4384608397483934	0.4235861926579618	0.14176038721643408	0.30972906403940886	0.5153192414588493	225	1422463	0.1954356633529308	278	11.8608	0.1954356633529308	0	baseline
Cn117	NC_026751.1	355	0.3983050847457627	0.4295273002220041	0.16186237256989394	0.2938673341677096	0.5443992490613266	214	1399503	0.25366147839625924	343	22.238999999999997	0.24508700588708993	0.5395926075812763	baseline
Cn117	NC_026752.1	289	0.46190476190476193	0.4725045904520468	0.17623126388553592	0.35233160621761656	0.6016260162601627	91	1398693	0.20662146732699743	298	14.0847	0.21305604589427415	-0.6389912458199323	baseline
Cn117	NC_026753.1	320	0.37966865706591735	0.4130723219468729	0.17758048980932692	0.2801293103448276	0.49744509676016524	211	1186808	0.26963080801612394	318	17.7912	0.26794561546602313	0.11241512657943253	baseline
Cn117	NC_026754.1	155	0.3922413793103448	0.41711723432222353	0.17576934277869266	0.2773997913224937	0.5255411255411255	212	1059964	0.14623138144314335	171.5	24.462899999999998	0.1617979478548328	-0.6744907594765952	baseline
Cn117	NC_026755.1	332	0.3840909090909091	0.4315612146833963	0.19608697707928974	0.2589763177998472	0.5867139959432048	188	1561994	0.21254883181369455	337.5	20.0151	0.2160699720997648	-0.27479253163861284	baseline
Cn117	NC_026756.1	350	0.40116096149005787	0.40596323389300004	0.15563263530763752	0.27473287240729105	0.5130735492577598	218.5	774062	0.4521601628810095	369	25.9455	0.47670600029455	-0.7323042531460177	baseline
Cn117	NC_026757.1	190	0.3724968124203105	0.4073411665566742	0.1772802311198183	0.2507780082987552	0.5254965110037574	213	756744	0.25107566098971384	208	21.4977	0.2748617762413709	-0.8372988738330147	baseline
Cn117	NC_026758.1	141	0.3968253968253968	0.4214575300015195	0.1731717428669342	0.2916666666666667	0.5227272727272727	198	942867	0.14954389113204727	147	14.0847	0.15590746096745353	-0.42599416387995487	baseline
Cn118	NC_018792.1	1	0.6764705882352942	0.6764705882352942	NA	0.6764705882352942	0.6764705882352942	34	NA	NA	1	0	NA	NA	NA
Cn118	NC_026745.1	225	0.4008438818565401	0.4234994499019112	0.18818525616432913	0.26200873362445415	0.5431034482758621	214	2291499	0.09818900204625881	220.5	31.875899999999998	0.09622522200533364	0.14117248454161296	baseline
Cn118	NC_026746.1	100	0.32426261878316676	0.4055135132842225	0.17897098086986526	0.2829990671641791	0.5828719084533038	94	1621675	0.06166463687236962	113	6.6716999999999995	0.06968103966577767	-1.948528860710164	baseline
Cn118	NC_026747.1	97	0.40707964601769914	0.4248833077632286	0.15522455453125106	0.3142857142857143	0.548936170212766	202	1575141	0.06158178855099321	104	10.3782	0.06602583514745664	-0.6744907594765952	baseline
Cn118	NC_026748.1	361	0.5	0.4819200231790016	0.1838811079029026	0.31496062992125984	0.6340425531914894	221	1084805	0.33277870216306155	360.5	18.5325	0.3323177898331958	0.02697963037906381	baseline
Cn118	NC_026749.1	314	0.4674242424242424	0.45602391597080266	0.1831088872073796	0.28666036411835794	0.5778055676381035	211	1814975	0.1730051378118156	297	33.3585	0.16363861761181284	0.5096152404934274	baseline
Cn118	NC_026750.1	264	0.4474285027637587	0.4334161459843125	0.1409983041946492	0.352774064171123	0.49736763867898814	225	1422463	0.18559357958695588	278	11.8608	0.1954356633529308	-1.1803588290840417	baseline
Cn118	NC_026751.1	343	0.42857142857142855	0.44467026210351723	0.1655282377720891	0.3052682644866952	0.5478681012153817	216	1399503	0.24508700588708993	343	22.238999999999997	0.24508700588708993	0	baseline
Cn118	NC_026752.1	292	0.4278949799815214	0.45797380063189036	0.17796784758915038	0.3139740566037736	0.5932539682539683	102.5	1398693	0.208766326849423	298	14.0847	0.21305604589427415	-0.42599416387995487	baseline
Cn118	NC_026753.1	304	0.39127858751036854	0.4228744833289375	0.16878633002039725	0.2938786359838992	0.5242698477992596	213.5	1186808	0.25614926761531776	318	17.7912	0.26794561546602313	-0.7869058860560277	baseline
Cn118	NC_026754.1	167	0.3394495412844037	0.3923968164888556	0.1823084148881418	0.2572030689189634	0.48048124702198625	214	1059964	0.1575525206516448	171.5	24.462899999999998	0.1617979478548328	-0.1839520253117987	baseline
Cn118	NC_026755.1	307	0.3448275862068966	0.40586193874411886	0.1855555780558384	0.2625455242476519	0.5332792207792207	200	1561994	0.19654364869519347	337.5	20.0151	0.2160699720997648	-1.5238494936323075	baseline
Cn118	NC_026756.1	349	0.4008810572687225	0.4037802802997647	0.14507517831068079	0.27647058823529413	0.5	219	774062	0.4508682767013495	369	25.9455	0.47670600029455	-0.770846582258966	baseline
Cn118	NC_026757.1	169	0.35918367346938773	0.3975562737408756	0.16233885087680225	0.25738396624472576	0.5313807531380753	216	756744	0.22332519319611388	208	21.4977	0.2748617762413709	-1.814147559971532	baseline
Cn118	NC_026758.1	124	0.4	0.43443518673456305	0.1553025443703284	0.3315789473684211	0.4882107023411371	202.5	942867	0.13151377659839616	147	14.0847	0.15590746096745353	-1.6329776282064936	baseline
Cn119	NC_026745.1	241	0.4101123595505618	0.431339891292823	0.18268813935823902	0.27058823529411763	0.5754189944134078	201	2291499	0.10517133108065944	220.5	31.875899999999998	0.09622522200533364	0.6431190962451256	baseline
Cn119	NC_026746.1	109	0.32786885245901637	0.4122461053183641	0.19731218622885102	0.25116279069767444	0.5769230769230769	109	1621675	0.06721445419088289	113	6.6716999999999995	0.06968103966577767	-0.5995473417569736	baseline
Cn119	NC_026747.1	103	0.40654205607476634	0.40777241820553883	0.15898159669922823	0.279753964725063	0.4822661644695543	185	1575141	0.06539097134796186	104	10.3782	0.06602583514745664	-0.09635582278237075	baseline
Cn119	NC_026748.1	368	0.501054852320675	0.4778178446044265	0.173563252343688	0.3190270935960591	0.6087439613526571	217	1084805	0.3392314747811819	360.5	18.5325	0.3323177898331958	0.40469445568595713	baseline
Cn119	NC_026749.1	311	0.4492753623188406	0.4556834013788304	0.17891829933568426	0.3078745898651112	0.6001324064879179	200	1814975	0.17135222248240334	297	33.3585	0.16363861761181284	0.41968313922988143	baseline
Cn119	NC_026750.1	279	0.43859649122807015	0.42495144720930544	0.14277606101490678	0.3293168370091447	0.5021459227467812	225	1422463	0.19613866933621474	278	11.8608	0.1954356633529308	0.0843113449345744	baseline
Cn119	NC_026751.1	335	0.4166666666666667	0.43072019638073733	0.14948457891906408	0.30453442806493747	0.5228803716608594	216	1399503	0.23937069088097704	343	22.238999999999997	0.24508700588708993	-0.35972840505418413	baseline
Cn119	NC_026752.1	299	0.3883495145631068	0.4346332411218348	0.1875610743153565	0.2877750103777501	0.5940386760095111	88	1398693	0.213770999068416	298	14.0847	0.21305604589427415	0.0709990273133258	baseline
Cn119	NC_026753.1	321	0.36796536796536794	0.4101028976818933	0.17072109678936756	0.28078817733990147	0.4955357142857143	206	1186808	0.27047340429117434	318	17.7912	0.26794561546602313	0.1686226898691488	baseline
Cn119	NC_026754.1	177	0.36	0.388171966667026	0.1755402696623382	0.23671497584541062	0.49794238683127573	206	1059964	0.16698680332539598	171.5	24.462899999999998	0.1617979478548328	0.22483025315886507	baseline
Cn119	NC_026755.1	327	0.35319148936170214	0.41088648973573033	0.187744109606261	0.26339712918660285	0.5562587904360057	192	1561994	0.20934779518999433	337.5	20.0151	0.2160699720997648	-0.5246039240373518	baseline
Cn119	NC_026756.1	270	0.33471645919778703	0.3769249408087144	0.18851787618817137	0.21651972334118721	0.47489224137931035	226.5	774062	0.34880926850820737	369	25.9455	0.47670600029455	-3.8156905821818814	het_depleted
Cn119	NC_026757.1	165	0.34285714285714286	0.39238688289940155	0.16629673378384047	0.25806451612903225	0.5	203	756744	0.21803938980685675	208	21.4977	0.2748617762413709	-2.0002139763788684	baseline
Cn119	NC_026758.1	135	0.36666666666666664	0.4014962797836621	0.16547564587484953	0.2860674157303371	0.4901878465984535	207	942867	0.143180321296641	147	14.0847	0.15590746096745353	-0.8519883277599097	baseline
Cn12	NC_018792.1	1	0.25	0.25	NA	0.25	0.25	140	NA	NA	1	0	NA	NA	NA
Cn12	NC_026745.1	297	0.37383177570093457	0.3921540551886154	0.16972894362819435	0.24468085106382978	0.5064102564102564	166	2291499	0.12960948270106162	220.5	31.875899999999998	0.09622522200533364	2.39993223720742	baseline
Cn12	NC_026746.1	118	0.36220306916123607	0.4328008723849366	0.19280227089325414	0.29305958735212406	0.5554812834224598	82	1621675	0.07276427150939616	113	6.6716999999999995	0.06968103966577767	0.7494341771962169	baseline
Cn12	NC_026747.1	105	0.41304347826086957	0.4305344424507151	0.1577711161046442	0.3037037037037037	0.5502183406113537	145	1575141	0.06666069894695141	104	10.3782	0.06602583514745664	0.09635582278237075	baseline
Cn12	NC_026748.1	398	0.46408401257746434	0.45054343229924587	0.1726374482967524	0.28318557201846006	0.5926283881737908	182	1084805	0.36688621457312603	360.5	18.5325	0.3323177898331958	2.023472278429786	baseline
Cn12	NC_026749.1	344	0.3829572925060435	0.4085595295699347	0.16632886799492247	0.2772414217193457	0.5023644281145813	157	1814975	0.1895342911059381	297	33.3585	0.16363861761181284	1.4089362531288878	baseline
Cn12	NC_026750.1	334	0.4541284403669725	0.4158478227913218	0.1614624335563767	0.2701048951048951	0.5052393617021277	194.5	1422463	0.23480399841683053	278	11.8608	0.1954356633529308	4.721435316336167	het_enriched
Cn12	NC_026751.1	363	0.395	0.41187158137296015	0.15982767509381823	0.2894076171144704	0.5069681083442551	170	1399503	0.25937779340237216	343	22.238999999999997	0.24508700588708993	0.8993210126354604	baseline
Cn12	NC_026752.1	306	0.389412997903564	0.4123491636894341	0.17240107362474794	0.2727272727272727	0.5333333333333333	87.5	1398693	0.21877567128740905	298	14.0847	0.21305604589427415	0.5679922185066064	baseline
Cn12	NC_026753.1	355	0.3668639053254438	0.3933611626430649	0.1738483818953267	0.2508741258741259	0.4909996785599485	166	1186808	0.2991216776428875	318	17.7912	0.26794561546602313	2.0796798417195017	baseline
Cn12	NC_026754.1	188	0.3587802283922974	0.3774556992237578	0.17536824870537618	0.22555213148433487	0.4923925339366516	170	1059964	0.17736451426652228	171.5	24.462899999999998	0.1617979478548328	0.6744907594765952	baseline
Cn12	NC_026755.1	387	0.4	0.42233124228001473	0.17875070183845398	0.28478081058726223	0.5278637770897833	156	1561994	0.24776023467439698	337.5	20.0151	0.2160699720997648	2.4731327847475155	baseline
Cn12	NC_026756.1	393	0.33490566037735847	0.3784290391844844	0.1528664357969478	0.26595744680851063	0.47342995169082125	183	774062	0.5077112686063907	369	25.9455	0.47670600029455	0.9250158987107592	baseline
Cn12	NC_026757.1	252	0.3448051948051948	0.4074965159376113	0.19421592276528002	0.24189570119802678	0.5335850315380883	177	756744	0.3330056135231994	208	21.4977	0.2748617762413709	2.0467305804807028	baseline
Cn12	NC_026758.1	153	0.37948717948717947	0.40853436754055655	0.1737224763845274	0.2553191489361702	0.504950495049505	176	942867	0.1622710308028598	147	14.0847	0.15590746096745353	0.42599416387995487	baseline
Cn120	NC_026745.1	206	0.3862089375554898	0.40516465792634143	0.18549061035149186	0.24252799636803873	0.5183776757564025	218	2291499	0.08989748631790807	220.5	31.875899999999998	0.09622522200533364	-0.4548891168563084	baseline
Cn120	NC_026746.1	110	0.4081455419969716	0.44624296157635973	0.19636306612345097	0.26294573643410857	0.6201194508825102	94	1621675	0.06783110055960657	113	6.6716999999999995	0.06968103966577767	-0.44966050631773014	baseline
Cn120	NC_026747.1	94	0.3810283687943262	0.39955092065169695	0.16177824421504894	0.24253246753246754	0.4701286764705882	181	1575141	0.05967719715250888	104	10.3782	0.06602583514745664	-0.9635582278237074	baseline
Cn120	NC_026748.1	313	0.5208333333333334	0.47708364387812546	0.18212592805678388	0.3023255813953488	0.6217391304347826	222	1084805	0.28853111849595087	360.5	18.5325	0.3323177898331958	-2.5630648860110616	baseline
Cn120	NC_026749.1	293	0.43820224719101125	0.43836164123621046	0.18401361288323878	0.2682926829268293	0.5454545454545454	159	1814975	0.16143473050592985	297	33.3585	0.16363861761181284	-0.1199094683513947	baseline
Cn120	NC_026750.1	260	0.4657514168458081	0.4478190197501304	0.1431314014823798	0.3499439461883408	0.5242042264710556	229	1422463	0.18278155565382018	278	11.8608	0.1954356633529308	-1.5176042088223392	baseline
Cn120	NC_026751.1	362	0.4113799180170862	0.4316723910181933	0.1523964982276632	0.3157894736842105	0.5318170694977787	218	1399503	0.258663254026608	343	22.238999999999997	0.24508700588708993	0.8543549620036873	baseline
Cn120	NC_026752.1	300	0.4436987322893363	0.46283551433017533	0.17594853080239664	0.3253512435921777	0.5781784005468216	99.5	1398693	0.21448595224255787	298	14.0847	0.21305604589427415	0.1419980546266516	baseline
Cn120	NC_026753.1	296	0.4	0.4207749332841343	0.1730554878376864	0.27695574926433847	0.5116167434715821	218	1186808	0.24940849741491464	318	17.7912	0.26794561546602313	-1.2365663923737578	baseline
Cn120	NC_026754.1	144	0.36	0.3934840858116925	0.18733716419448826	0.2318062584149682	0.5122976019676163	222	1059964	0.13585367050201705	171.5	24.462899999999998	0.1617979478548328	-1.1241512657943253	baseline
Cn120	NC_026755.1	331	0.3432203389830508	0.41664467968782976	0.2030994179131547	0.2564102564102564	0.5738782051282051	195	1561994	0.2119086244889545	337.5	20.0151	0.2160699720997648	-0.32475481011836066	baseline
Cn120	NC_026756.1	330	0.4125303228214219	0.4136243255738033	0.16637948642262265	0.26408238608763235	0.5037919826652221	221	774062	0.426322439287809	369	25.9455	0.47670600029455	-1.5031508354049836	baseline
Cn120	NC_026757.1	191	0.3764705882352941	0.4301030995602784	0.18768100606319657	0.2637904858299595	0.5619877049180328	219	756744	0.2523971118370281	208	21.4977	0.2748617762413709	-0.7907822697311806	baseline
Cn120	NC_026758.1	129	0.37815126050420167	0.4080772571832272	0.1546191919243511	0.2914798206278027	0.49783549783549785	211	942867	0.13681675146123473	147	14.0847	0.15590746096745353	-1.2779824916398645	baseline
Cn121	NC_018792.1	1	0.65625	0.65625	NA	0.65625	0.65625	32	NA	NA	1	0	NA	NA	NA
Cn121	NC_026745.1	207	0.3793103448275862	0.39604474513865123	0.1752416797403166	0.253031181815671	0.48814165042235214	214	2291499	0.0903338818825581	220.5	31.875899999999998	0.09622522200533364	-0.42351745362483884	baseline
Cn121	NC_026746.1	111	0.36585365853658536	0.41751976955367315	0.1997504349301084	0.2355287569573284	0.5790664443915219	62	1621675	0.06844774692833028	113	6.6716999999999995	0.06968103966577767	-0.2997736708784868	baseline
Cn121	NC_026747.1	93	0.35294117647058826	0.39454171970187374	0.1636916790773971	0.26262626262626265	0.45	212	1575141	0.059042333353014106	104	10.3782	0.06602583514745664	-1.0599140506060782	baseline
Cn121	NC_026748.1	346	0.5156327889772886	0.47839778191782234	0.17524257114772104	0.31795754980450563	0.587843137254902	221	1084805	0.31895133226708944	360.5	18.5325	0.3323177898331958	-0.7824092809928505	baseline
Cn121	NC_026749.1	317	0.45248868778280543	0.4540253078020581	0.1683471758067282	0.32340425531914896	0.5517241379310345	171	1814975	0.17465805314122784	297	33.3585	0.16363861761181284	0.5995473417569736	baseline
Cn121	NC_026750.1	272	0.5774747474747475	0.5354604207701407	0.21430068283362216	0.3496369294605809	0.7398393446111289	229.5	1422463	0.19121762745322726	278	11.8608	0.1954356633529308	-0.5058680696074465	baseline
Cn121	NC_026751.1	356	0.4225471027372911	0.4397495458501195	0.17473475387555992	0.2935168195718655	0.5497516556291391	216	1399503	0.25437601777202334	343	22.238999999999997	0.24508700588708993	0.5845586582130492	baseline
Cn121	NC_026752.1	294	0.44077172153264976	0.45090679918012794	0.1817647253505194	0.28967551622418874	0.5783410138248848	87	1398693	0.21019623319770672	298	14.0847	0.21305604589427415	-0.2839961092533032	baseline
Cn121	NC_026753.1	304	0.3691791430046464	0.41429292737013484	0.17841993190955294	0.2742785793562708	0.5207937340237268	210	1186808	0.25614926761531776	318	17.7912	0.26794561546602313	-0.7869058860560277	baseline
Cn121	NC_026754.1	155	0.34913793103448276	0.4091430665041346	0.1922781300557381	0.2673611111111111	0.5123018042646255	212	1059964	0.14623138144314335	171.5	24.462899999999998	0.1617979478548328	-0.6744907594765952	baseline
Cn121	NC_026755.1	338	0.3699248120300752	0.4100983642788548	0.18653069980660358	0.2514780673871583	0.5	207.5	1561994	0.21639007576213481	337.5	20.0151	0.2160699720997648	0.024981139239873894	baseline
Cn121	NC_026756.1	368	0.38212250712250717	0.3943508675674581	0.17325340651647195	0.23561302681992335	0.5	218	774062	0.47541411411489004	369	25.9455	0.47670600029455	-0.0385423291129483	baseline
Cn121	NC_026757.1	200	0.38568868407578083	0.42765719562636706	0.1865214410288479	0.2714876910016978	0.5696280991735537	216	756744	0.26429016946285666	208	21.4977	0.2748617762413709	-0.37213283281467324	baseline
Cn121	NC_026758.1	126	0.38034960819770947	0.4118573405716646	0.14520465268786314	0.3007932927287766	0.4967943448956107	210	942867	0.1336349665435316	147	14.0847	0.15590746096745353	-1.490979573579842	baseline
Cn122	NC_026745.1	206	0.3907914764079148	0.4200003595872904	0.1859118162788398	0.26037641962299496	0.5490203761755486	217	2291499	0.08989748631790807	220.5	31.875899999999998	0.09622522200533364	-0.4548891168563084	baseline
Cn122	NC_026746.1	113	0.35294117647058826	0.4173315746536055	0.19118715186791663	0.2564102564102564	0.5789473684210527	76	1621675	0.06968103966577767	113	6.6716999999999995	0.06968103966577767	0	baseline
Cn122	NC_026747.1	101	0.3684210526315789	0.4102822786831158	0.15470937517570046	0.2692307692307692	0.5458515283842795	196	1575141	0.06412124374897231	104	10.3782	0.06602583514745664	-0.2890674683471122	baseline
Cn122	NC_026748.1	361	0.49107142857142855	0.4674680520714867	0.1616300655714295	0.324	0.5907172995780591	223	1084805	0.33277870216306155	360.5	18.5325	0.3323177898331958	0.02697963037906381	baseline
Cn122	NC_026749.1	315	0.43317972350230416	0.4264215552080963	0.16633112284048557	0.28539107950872655	0.5263157894736842	201	1814975	0.17355610958828635	297	33.3585	0.16363861761181284	0.5395926075812761	baseline
Cn122	NC_026750.1	241	0.45416666666666666	0.4317425880539685	0.1312922827509919	0.350210970464135	0.502127659574468	229	1422463	0.16942444197142562	278	11.8608	0.1954356633529308	-3.119519762579253	het_depleted
Cn122	NC_026751.1	335	0.431924882629108	0.44465702177228483	0.16263559435394348	0.3133296460176991	0.5458333333333333	216	1399503	0.23937069088097704	343	22.238999999999997	0.24508700588708993	-0.35972840505418413	baseline
Cn122	NC_026752.1	293	0.4444444444444444	0.45376812850036985	0.1648213687353825	0.3147208121827411	0.5714285714285714	103	1398693	0.20948128002356486	298	14.0847	0.21305604589427415	-0.35499513656662907	baseline
Cn122	NC_026753.1	294	0.41140826750420356	0.43187509845040356	0.17406538112539274	0.2951656310169788	0.5496960206337509	214	1186808	0.24772330486481386	318	17.7912	0.26794561546602313	-1.3489815189531904	baseline
Cn122	NC_026754.1	113	0.30454545454545456	0.3526340465562439	0.1743084267070775	0.21212121212121213	0.4246575342465753	211	1059964	0.10660739421338838	171.5	24.462899999999998	0.1617979478548328	-2.391376329053383	baseline
Cn122	NC_026755.1	288	0.39437889064387255	0.42510882784822046	0.18639646789974393	0.27680910420848504	0.5384615384615384	197	1561994	0.18437970952513263	337.5	20.0151	0.2160699720997648	-2.4731327847475155	baseline
Cn122	NC_026756.1	311	0.4148471615720524	0.4138925894855468	0.15946276626969413	0.28069044549491473	0.5138666618171237	224	774062	0.40177660187426845	369	25.9455	0.47670600029455	-2.235455088551001	baseline
Cn122	NC_026757.1	170	0.43384851848689265	0.44344820583150446	0.1822803457749402	0.28264098453413805	0.5674603174603174	216	756744	0.22464664404342816	208	21.4977	0.2748617762413709	-1.7676309558696979	baseline
Cn122	NC_026758.1	126	0.4102751756440281	0.4221815695963892	0.16454517004817096	0.2963772338772339	0.49786324786324787	219.5	942867	0.1336349665435316	147	14.0847	0.15590746096745353	-1.490979573579842	baseline
Cn123	NC_026745.1	216	0.38113280246596454	0.4163037121502334	0.18476714973221792	0.27169421487603307	0.5314503205128205	215	2291499	0.09426144196440846	220.5	31.875899999999998	0.09622522200533364	-0.14117248454161296	baseline
Cn123	NC_026746.1	108	0.34243682439687884	0.45021134956941455	0.1965999917006594	0.29801701413850945	0.619375	98	1621675	0.06659780782215918	113	6.6716999999999995	0.06968103966577767	-0.7494341771962169	baseline
Cn123	NC_026747.1	95	0.38461538461538464	0.4033214453124347	0.1389991819161318	0.30457978145202813	0.45572100313479624	196	1575141	0.06031206095200366	104	10.3782	0.06602583514745664	-0.8672024050413367	baseline
Cn123	NC_026748.1	361	0.4890829694323144	0.47057993890196226	0.1689970603295139	0.32882882882882886	0.6	221	1084805	0.33277870216306155	360.5	18.5325	0.3323177898331958	0.02697963037906381	baseline
Cn123	NC_026749.1	323	0.44396551724137934	0.44016318409305766	0.17377169205070328	0.31079545454545454	0.5405405405405406	206	1814975	0.17796388380005235	297	33.3585	0.16363861761181284	0.7794115442840656	baseline
Cn123	NC_026750.1	275	0.44635193133047213	0.433824839093042	0.14392918961665782	0.3395889792231256	0.5086581709145427	228	1422463	0.19332664540307903	278	11.8608	0.1954356633529308	-0.25293403480372323	baseline
Cn123	NC_026751.1	359	0.4024390243902439	0.42796777707100153	0.1645634132630113	0.2893446852425181	0.527046783625731	213	1399503	0.2565196358993157	343	22.238999999999997	0.24508700588708993	0.7194568101083683	baseline
Cn123	NC_026752.1	311	0.4206896551724138	0.44565523562695536	0.1820259920814114	0.29724125495852866	0.5703412823075824	107	1398693	0.22235043715811834	298	14.0847	0.21305604589427415	0.9229873550732355	baseline
Cn123	NC_026753.1	302	0.3932468666209391	0.4167389454991057	0.1734269830843369	0.27667757774140755	0.5	214	1186808	0.25446407506521695	318	17.7912	0.26794561546602313	-0.8993210126354603	baseline
Cn123	NC_026754.1	172	0.3438467492260062	0.39560551638044145	0.16495925926516802	0.27466515187754126	0.48398151377746773	213.5	1059964	0.16226966198852039	171.5	24.462899999999998	0.1617979478548328	0.02043911392353319	baseline
Cn123	NC_026755.1	329	0.35294117647058826	0.41597233560500885	0.18605709342401233	0.27705627705627706	0.5454545454545454	189	1561994	0.21062820983947442	337.5	20.0151	0.2160699720997648	-0.4246793670778562	baseline
Cn123	NC_026756.1	333	0.41228070175438597	0.40457974702379	0.16645118609218415	0.2579185520361991	0.5163934426229508	220	774062	0.4301980978267891	369	25.9455	0.47670600029455	-1.3875238480661387	baseline
Cn123	NC_026757.1	179	0.42916666666666664	0.444777418083168	0.16760018691135486	0.31227836879432624	0.5540189760114571	207	756744	0.2365397016692567	208	21.4977	0.2748617762413709	-1.3489815189531904	baseline
Cn123	NC_026758.1	124	0.3965880983558854	0.42672291693466924	0.16580700880330604	0.31578363178925556	0.5048902948688182	218.5	942867	0.13151377659839616	147	14.0847	0.15590746096745353	-1.6329776282064936	baseline
Cn124	NC_018792.1	1	0.22666666666666666	0.22666666666666666	NA	0.22666666666666666	0.22666666666666666	75	NA	NA	1	0	NA	NA	NA
Cn124	NC_026745.1	199	0.3891213389121339	0.42167523367288373	0.19151315935838706	0.25914459897123265	0.5590957899803755	219	2291499	0.0868427173653578	220.5	31.875899999999998	0.09622522200533364	-0.6744907594765952	baseline
Cn124	NC_026746.1	112	0.3759057971014493	0.42482099897455033	0.20031708463714354	0.2372333430742256	0.6200856401220183	78.5	1621675	0.06906439329705398	113	6.6716999999999995	0.06968103966577767	-0.1498868354392434	baseline
Cn124	NC_026747.1	92	0.3811541565778854	0.40009116017242424	0.14878557406976733	0.26490066225165565	0.4916067388493859	190.5	1575141	0.05840746955351933	104	10.3782	0.06602583514745664	-1.1562698733884489	baseline
Cn124	NC_026748.1	342	0.4925619387644704	0.46707319684326615	0.16511534668334224	0.33077149475922835	0.56594191704642	228	1084805	0.3152640336281636	360.5	18.5325	0.3323177898331958	-0.998246324025361	baseline
Cn124	NC_026749.1	293	0.4444444444444444	0.4489696978266117	0.1707425220334224	0.3162393162393162	0.5333333333333333	208	1814975	0.16143473050592985	297	33.3585	0.16363861761181284	-0.1199094683513947	baseline
Cn124	NC_026750.1	256	0.4397482657512694	0.4259612977000865	0.13735081201349997	0.34505645407384805	0.49361702127659574	230	1422463	0.17996953172068447	278	11.8608	0.1954356633529308	-1.8548495885606369	baseline
Cn124	NC_026751.1	346	0.40304541356772594	0.4303887403095329	0.1667501520628573	0.2892628205128205	0.5468110321051498	221	1399503	0.24723062401438226	343	22.238999999999997	0.24508700588708993	0.13489815189531906	baseline
Cn124	NC_026752.1	296	0.4319004524886878	0.44991587334901834	0.1761507223823842	0.3012252511976936	0.5911410018552876	109.5	1398693	0.21162613954599044	298	14.0847	0.21305604589427415	-0.1419980546266516	baseline
Cn124	NC_026753.1	298	0.3829710144927536	0.4205772741263642	0.18285813355047334	0.2803445039690298	0.5195508435932513	220.5	1186808	0.2510936899650154	318	17.7912	0.26794561546602313	-1.1241512657943253	baseline
Cn124	NC_026754.1	143	0.39148936170212767	0.4044269458573689	0.1738623908924064	0.2559664972708451	0.49893617021276593	225	1059964	0.13491024223464193	171.5	24.462899999999998	0.1617979478548328	-1.1650294936413919	baseline
Cn124	NC_026755.1	310	0.37708410142968335	0.4177333129570619	0.18624509815423393	0.26765821927090394	0.5410399656209712	207	1561994	0.1984642706694136	337.5	20.0151	0.2160699720997648	-1.3739626581930642	baseline
Cn124	NC_026756.1	234	0.29864864864864865	0.3722977881439606	0.18408202576904692	0.23472082303019204	0.4662157287157287	215.5	774062	0.3023013660404464	369	25.9455	0.47670600029455	-5.20321443024802	het_depleted
Cn124	NC_026757.1	179	0.4050632911392405	0.43025700840215503	0.17341151337570004	0.2879229567933368	0.557057057057057	223	756744	0.2365397016692567	208	21.4977	0.2748617762413709	-1.3489815189531904	baseline
Cn124	NC_026758.1	140	0.40823162766394205	0.4314338514145909	0.16488733943003753	0.32004697430229345	0.49916352807217307	155	942867	0.14848329615947956	147	14.0847	0.15590746096745353	-0.49699319119328067	baseline
Cn125	NC_026745.1	201	0.4230769230769231	0.4426360640441796	0.18515348009923704	0.2785388127853881	0.5508474576271186	216	2291499	0.08771550849465787	220.5	31.875899999999998	0.09622522200533364	-0.6117474330136561	baseline
Cn125	NC_026746.1	105	0.32	0.4320352782159299	0.22582945411693853	0.2345132743362832	0.6666666666666666	91	1621675	0.0647478687159881	113	6.6716999999999995	0.06968103966577767	-1.199094683513947	baseline
Cn125	NC_026747.1	107	0.4051724137931034	0.42780777494875283	0.1674877308999274	0.2785947712418301	0.501101321585903	199	1575141	0.06793042654594096	104	10.3782	0.06602583514745664	0.2890674683471122	baseline
Cn125	NC_026748.1	363	0.4721030042918455	0.4682625783831771	0.16952280536600012	0.3303827751196172	0.5941319864611283	222	1084805	0.3346223514825245	360.5	18.5325	0.3323177898331958	0.13489815189531904	baseline
Cn125	NC_026749.1	317	0.4588235294117647	0.44796680090906316	0.1785602422627217	0.3013698630136986	0.5714285714285714	196	1814975	0.17465805314122784	297	33.3585	0.16363861761181284	0.5995473417569736	baseline
Cn125	NC_026750.1	264	0.44989082969432315	0.43184098439334684	0.13411032262785494	0.35027472527472525	0.5021415962092353	229	1422463	0.18559357958695588	278	11.8608	0.1954356633529308	-1.1803588290840417	baseline
Cn125	NC_026751.1	339	0.42436974789915966	0.43510177253192284	0.15996511382922676	0.2962871475260318	0.539032749428789	221	1399503	0.2422288483840335	343	22.238999999999997	0.24508700588708993	-0.17986420252709207	baseline
Cn125	NC_026752.1	301	0.42758620689655175	0.443865241347082	0.16908141244928643	0.3125	0.5555555555555556	110	1398693	0.21520090541669973	298	14.0847	0.21305604589427415	0.21299708193997743	baseline
Cn125	NC_026753.1	275	0.35714285714285715	0.4071184363577292	0.16513522861891491	0.2910714285714286	0.5	218	1186808	0.23171397563885648	318	17.7912	0.26794561546602313	-2.416925221457799	baseline
Cn125	NC_026754.1	139	0.329004329004329	0.3865466073926161	0.1858326708173836	0.23228840125391848	0.5099806201550388	220	1059964	0.13113652916514146	171.5	24.462899999999998	0.1617979478548328	-1.3285424050296573	baseline
Cn125	NC_026755.1	305	0.3495575221238938	0.4126492753299597	0.19358087307131705	0.26359832635983266	0.5478260869565217	200	1561994	0.19526323404571339	337.5	20.0151	0.2160699720997648	-1.6237740505918032	baseline
Cn125	NC_026756.1	329	0.3802083333333333	0.4008066687499717	0.1515684992725944	0.27941176470588236	0.510548523206751	224	774062	0.42503055310814897	369	25.9455	0.47670600029455	-1.541693164517932	baseline
Cn125	NC_026757.1	195	0.4025974025974026	0.4439078198529459	0.1920395602942903	0.27517436214355084	0.5738660676080445	214	756744	0.2576829152262852	208	21.4977	0.2748617762413709	-0.604715853323844	baseline
Cn125	NC_026758.1	123	0.41545893719806765	0.42498858551254126	0.15888022859329515	0.2872396027775704	0.5094967532467531	198	942867	0.13045318162582847	147	14.0847	0.15590746096745353	-1.7039766555198195	baseline
Cn126	NC_026745.1	216	0.40601851851851856	0.44610319982752056	0.1870806498272152	0.2825505918289424	0.5870588235294117	207.5	2291499	0.09426144196440846	220.5	31.875899999999998	0.09622522200533364	-0.14117248454161296	baseline
Cn126	NC_026746.1	112	0.3542483660130719	0.42928554014204234	0.20223162683586743	0.2628091355905757	0.6317049808429118	90	1621675	0.06906439329705398	113	6.6716999999999995	0.06968103966577767	-0.1498868354392434	baseline
Cn126	NC_026747.1	86	0.3942148760330578	0.4149751843682489	0.14605174768855045	0.30260557053009884	0.5081932773109243	199.5	1575141	0.05459828675655068	104	10.3782	0.06602583514745664	-1.7344048100826734	baseline
Cn126	NC_026748.1	377	0.47368421052631576	0.46406802435747424	0.1747020342363389	0.29646017699115046	0.6167400881057269	218	1084805	0.3475278967187651	360.5	18.5325	0.3323177898331958	0.8903278025091057	baseline
Cn126	NC_026749.1	320	0.4235761184913727	0.4339081654242891	0.17894523532787118	0.2782386102162908	0.5485135135135135	192.5	1814975	0.1763109684706401	297	33.3585	0.16363861761181284	0.6894794430205196	baseline
Cn126	NC_026750.1	264	0.4371939793266034	0.4168093796228096	0.1430004875402797	0.32530292910981773	0.47582382702037207	224	1422463	0.18559357958695588	278	11.8608	0.1954356633529308	-1.1803588290840417	baseline
Cn126	NC_026751.1	352	0.4206326987681971	0.4411336607976828	0.1598232854798366	0.31456325301204824	0.5472222222222223	201.5	1399503	0.25151786026896694	343	22.238999999999997	0.24508700588708993	0.40469445568595713	baseline
Cn126	NC_026752.1	288	0.44189971070395373	0.44057194689773055	0.1787509317595126	0.2794448612153038	0.564031862745098	105.5	1398693	0.20590651415285557	298	14.0847	0.21305604589427415	-0.7099902731332581	baseline
Cn126	NC_026753.1	321	0.38288288288288286	0.42204665284245874	0.18263328221855182	0.27807486631016043	0.541095890410959	205	1186808	0.27047340429117434	318	17.7912	0.26794561546602313	0.1686226898691488	baseline
Cn126	NC_026754.1	157	0.36363636363636365	0.39158551716737855	0.18479419925299942	0.2549019607843137	0.4847161572052402	206	1059964	0.14811823797789359	171.5	24.462899999999998	0.1617979478548328	-0.5927343037824625	baseline
Cn126	NC_026755.1	362	0.3862089375554898	0.41656693937559214	0.18701889294630716	0.25563858695652175	0.5351991758241759	181.5	1561994	0.23175505155589587	337.5	20.0151	0.2160699720997648	1.2240758227538209	baseline
Cn126	NC_026756.1	342	0.4022920455026008	0.4030693687421998	0.17182006130127203	0.2525007655404716	0.5087156995051731	214	774062	0.4418250734437293	369	25.9455	0.47670600029455	-1.040642886049604	baseline
Cn126	NC_026757.1	218	0.3728146853146853	0.4071854803708697	0.18179327118659117	0.2514791915968621	0.5197233606557377	207	756744	0.28807628471451374	208	21.4977	0.2748617762413709	0.4651660410183415	baseline
Cn126	NC_026758.1	138	0.37139429085637155	0.4262219549567702	0.16982662629901546	0.31188671408545765	0.510349025974026	191	942867	0.14636210621434412	147	14.0847	0.15590746096745353	-0.6389912458199323	baseline
Cn12601	NC_026745.1	220	0.40817272053372866	0.4208464406317192	0.18203765096107394	0.25722122704881323	0.5423101673101673	204.5	2291499	0.09600702422300862	220.5	31.875899999999998	0.09622522200533364	-0.015685831615734773	baseline
Cn12601	NC_026746.1	109	0.42920353982300885	0.4394276785460954	0.1735023352955748	0.32075471698113206	0.5535714285714286	68	1621675	0.06721445419088289	113	6.6716999999999995	0.06968103966577767	-0.5995473417569736	baseline
Cn12601	NC_026747.1	98	0.36905982905982904	0.40379795960921233	0.15830813709276853	0.2936040609137056	0.49050453514739234	180.5	1575141	0.06221665235048798	104	10.3782	0.06602583514745664	-0.5781349366942244	baseline
Cn12601	NC_026748.1	291	0.4166666666666667	0.4308520641306002	0.16459095390846737	0.3163309508338748	0.4890439202148063	227	1084805	0.2682509759818585	360.5	18.5325	0.3323177898331958	-3.7501686226898694	het_depleted
Cn12601	NC_026749.1	306	0.4421283892401672	0.43318885874957214	0.1652372994520567	0.288737850401465	0.5419147961520843	174	1814975	0.1685973636000496	297	33.3585	0.16363861761181284	0.26979630379063807	baseline
Cn12601	NC_026750.1	253	0.4391304347826087	0.42858806017378565	0.13265327705515056	0.352112676056338	0.4885844748858447	219	1422463	0.1778605137708327	278	11.8608	0.1954356633529308	-2.10778362336436	baseline
Cn12601	NC_026751.1	351	0.4	0.43439139423102696	0.1661122364001048	0.2954776853894451	0.5518058287144645	199	1399503	0.25080332089320284	343	22.238999999999997	0.24508700588708993	0.35972840505418413	baseline
Cn12601	NC_026752.1	275	0.4372093023255814	0.45267188313022666	0.18056825312815078	0.3098208818126148	0.5882352941176471	89	1398693	0.1966121228890114	298	14.0847	0.21305604589427415	-1.6329776282064936	baseline
Cn12601	NC_026753.1	329	0.40789473684210525	0.4351537038633468	0.18019287773158546	0.28888888888888886	0.5391304347826087	196	1186808	0.2772141744915774	318	17.7912	0.26794561546602313	0.6182831961868789	baseline
Cn12601	NC_026754.1	144	0.36885560675883255	0.3971957354630933	0.15941998779986205	0.28171539515760624	0.47058823529411764	177	1059964	0.13585367050201705	171.5	24.462899999999998	0.1617979478548328	-1.1241512657943253	baseline
Cn12601	NC_026755.1	326	0.3640630309208291	0.4102853067285651	0.1889376212110444	0.2521978021978022	0.5384615384615384	187	1561994	0.20870758786525428	337.5	20.0151	0.2160699720997648	-0.5745662025170996	baseline
Cn12601	NC_026756.1	382	0.3502595302927161	0.38335814109287314	0.17172016080066854	0.22869565217391302	0.4842495204772042	187	774062	0.4935005206301304	369	25.9455	0.47670600029455	0.5010502784683278	baseline
Cn12601	NC_026757.1	207	0.4	0.4344457199810096	0.18451269987169933	0.27059322033898303	0.5723251643753735	186	756744	0.27354032539405665	208	21.4977	0.2748617762413709	-0.046516604101834155	baseline
Cn12601	NC_026758.1	140	0.34941656449499003	0.4111985486218914	0.18064359900637722	0.2751264989256256	0.5181870000386444	163.5	942867	0.14848329615947956	147	14.0847	0.15590746096745353	-0.49699319119328067	baseline
Cn12602	NC_026745.1	237	0.36363636363636365	0.41103510753982975	0.18380384806005948	0.24774774774774774	0.5427350427350427	195	2291499	0.10342574882205928	220.5	31.875899999999998	0.09622522200533364	0.5176324433192475	baseline
Cn12602	NC_026746.1	108	0.35185185185185186	0.42550114788013527	0.19665607616572806	0.24943693693693694	0.6206427015250545	76.5	1621675	0.06659780782215918	113	6.6716999999999995	0.06968103966577767	-0.7494341771962169	baseline
Cn12602	NC_026747.1	101	0.3684210526315789	0.3946919241343349	0.1608313366192716	0.2524271844660194	0.5108225108225108	185	1575141	0.06412124374897231	104	10.3782	0.06602583514745664	-0.2890674683471122	baseline
Cn12602	NC_026748.1	372	0.47455632443628487	0.45516168545379476	0.17162856392522066	0.2925715558525448	0.6002145922746781	215	1084805	0.34291877342010774	360.5	18.5325	0.3323177898331958	0.6205314987184676	baseline
Cn12602	NC_026749.1	338	0.4288779889638259	0.4308619980622805	0.17465165361213147	0.2730733733271804	0.5451203208556149	182.5	1814975	0.1862284604471136	297	33.3585	0.16363861761181284	1.2290720506017956	baseline
Cn12602	NC_026750.1	269	0.4434782608695652	0.41851677108779073	0.13503712694228834	0.3073170731707317	0.509090909090909	223	1422463	0.1891086095033755	278	11.8608	0.1954356633529308	-0.7588021044111696	baseline
Cn12602	NC_026751.1	354	0.41500000000000004	0.43382084919033853	0.1551700912170289	0.30868870055233794	0.5354306975970733	195.5	1399503	0.25294693902049514	343	22.238999999999997	0.24508700588708993	0.4946265569495032	baseline
Cn12602	NC_026752.1	281	0.4008810572687225	0.43930216016344953	0.17997295186517936	0.29473684210526313	0.5675675675675675	96	1398693	0.20090184193386254	298	14.0847	0.21305604589427415	-1.2069834643265387	baseline
Cn12602	NC_026753.1	312	0.3821533305404273	0.4212193191280422	0.17788630948265904	0.28625269203158654	0.5137065637065636	200.5	1186808	0.26289003781572085	318	17.7912	0.26794561546602313	-0.3372453797382976	baseline
Cn12602	NC_026754.1	164	0.3265516807251668	0.36550908683344385	0.16836721238878585	0.23891076716427023	0.4625363372093023	177.5	1059964	0.1547222358495194	171.5	24.462899999999998	0.1617979478548328	-0.3065867088529978	baseline
Cn12602	NC_026755.1	341	0.375	0.4091931295517568	0.17901216459736322	0.26406926406926406	0.5221238938053098	188	1561994	0.21831069773635495	337.5	20.0151	0.2160699720997648	0.17486797467911727	baseline
Cn12602	NC_026756.1	376	0.37445652173913047	0.39832849248004476	0.16451441250049473	0.24760748959778087	0.5131011927664486	202	774062	0.4857492035521702	369	25.9455	0.47670600029455	0.26979630379063807	baseline
Cn12602	NC_026757.1	174	0.4184281842818428	0.4595111436434943	0.19089683950436329	0.29609851787271146	0.5987919249721825	214	756744	0.2299324474326853	208	21.4977	0.2748617762413709	-1.5815645394623612	baseline
Cn12602	NC_026758.1	124	0.39311103588354773	0.41738882638624886	0.16351572082534013	0.29860406091370556	0.5165793304221251	207.5	942867	0.13151377659839616	147	14.0847	0.15590746096745353	-1.6329776282064936	baseline
Cn12603	NC_026745.1	235	0.39593908629441626	0.4235440404127905	0.18289969350093785	0.271780303030303	0.5619759986848595	193	2291499	0.1025529576927592	220.5	31.875899999999998	0.09622522200533364	0.4548891168563084	baseline
Cn12603	NC_026746.1	128	0.39120038259206125	0.43003997422580337	0.18828456599404964	0.2794444444444445	0.5729889042995839	57.5	1621675	0.07893073519663311	113	6.6716999999999995	0.06968103966577767	2.2483025315886507	baseline
Cn12603	NC_026747.1	98	0.35952062405043195	0.397334796504216	0.16552014461257725	0.2505841121495327	0.5016968325791855	188	1575141	0.06221665235048798	104	10.3782	0.06602583514745664	-0.5781349366942244	baseline
Cn12603	NC_026748.1	363	0.48	0.45622829671998827	0.17258946609417386	0.2958377239199157	0.5635775862068966	214	1084805	0.3346223514825245	360.5	18.5325	0.3323177898331958	0.13489815189531904	baseline
Cn12603	NC_026749.1	307	0.4444444444444444	0.4299577770291356	0.15530003635834883	0.3112803998846486	0.5065522174535051	184	1814975	0.16914833537652035	297	33.3585	0.16363861761181284	0.2997736708784868	baseline
Cn12603	NC_026750.1	268	0.41834834834834833	0.40881040885505515	0.13607339622374556	0.31026342549997576	0.47071960525350354	220	1422463	0.18840560352009156	278	11.8608	0.1954356633529308	-0.8431134493457441	baseline
Cn12603	NC_026751.1	337	0.42424242424242425	0.4338243321243496	0.15029719357678667	0.3125	0.5327510917030568	195	1399503	0.24079976963250527	343	22.238999999999997	0.24508700588708993	-0.2697963037906381	baseline
Cn12603	NC_026752.1	265	0.4595959595959596	0.4587574881185712	0.16395111520336222	0.33557046979865773	0.5648148148148148	89	1398693	0.18946259114759278	298	14.0847	0.21305604589427415	-2.3429679013397515	baseline
Cn12603	NC_026753.1	315	0.3891625615763547	0.42341300948948984	0.17728218439438617	0.28345744024355124	0.5117381241044858	199	1186808	0.265417826640872	318	17.7912	0.26794561546602313	-0.1686226898691488	baseline
Cn12603	NC_026754.1	154	0.3491214667685256	0.38902303329426907	0.16435831898948428	0.2742980110312552	0.4620551890736784	189.5	1059964	0.14528795317576823	171.5	24.462899999999998	0.1617979478548328	-0.7153689873236616	baseline
Cn12603	NC_026755.1	311	0.38823529411764707	0.4222940109608182	0.1826802267077649	0.27277571642851506	0.5333333333333333	195	1561994	0.19910447799415365	337.5	20.0151	0.2160699720997648	-1.3240003797133164	baseline
Cn12603	NC_026756.1	388	0.3761719092263208	0.4041777585290218	0.1770656139668664	0.25853658536585367	0.5022647527910686	191	774062	0.5012518377080906	369	25.9455	0.47670600029455	0.7323042531460177	baseline
Cn12603	NC_026757.1	194	0.40079081227149893	0.4296077072302014	0.1918341760270699	0.26606640577228813	0.5651100951670088	196.5	756744	0.25636146437897095	208	21.4977	0.2748617762413709	-0.6512324574256781	baseline
Cn12603	NC_026758.1	133	0.38392857142857145	0.4130722930878183	0.1560391898896348	0.296875	0.46774193548387094	187	942867	0.14105913135150558	147	14.0847	0.15590746096745353	-0.9939863823865613	baseline
Cn127	NC_026745.1	208	0.41494490358126723	0.44472037910965123	0.19559893305037454	0.286947349110255	0.5936838653909208	215	2291499	0.09077027744720814	220.5	31.875899999999998	0.09622522200533364	-0.39214579039336933	baseline
Cn127	NC_026746.1	112	0.31390765765765766	0.41228717915407787	0.19871708170815783	0.25983372072233146	0.5962234283129805	83	1621675	0.06906439329705398	113	6.6716999999999995	0.06968103966577767	-0.1498868354392434	baseline
Cn127	NC_026747.1	102	0.3674338913148957	0.40112829201352534	0.1671758100860653	0.2657663431605933	0.5164361920837932	198.5	1575141	0.06475610754846708	104	10.3782	0.06602583514745664	-0.1927116455647415	baseline
Cn127	NC_026748.1	342	0.4929489009420497	0.47139992208648124	0.16743636561830347	0.3126358695652174	0.603716246323857	221	1084805	0.3152640336281636	360.5	18.5325	0.3323177898331958	-0.998246324025361	baseline
Cn127	NC_026749.1	343	0.42857142857142855	0.4428780211876565	0.17595793810448784	0.2888668975754577	0.5579093038109431	197	1814975	0.18898331932946735	297	33.3585	0.16363861761181284	1.3789588860410391	baseline
Cn127	NC_026750.1	260	0.45676499508357915	0.4327385727989411	0.1416269397754978	0.3395793664531764	0.49325751988358885	225	1422463	0.18278155565382018	278	11.8608	0.1954356633529308	-1.5176042088223392	baseline
Cn127	NC_026751.1	359	0.42105263157894735	0.43063233681540564	0.16317071265538716	0.297037037037037	0.5313153765690377	210	1399503	0.2565196358993157	343	22.238999999999997	0.24508700588708993	0.7194568101083683	baseline
Cn127	NC_026752.1	318	0.39496360124795726	0.4481665533961874	0.19072815902045015	0.29367099135063207	0.6158461538461538	102	1398693	0.22735510937711134	298	14.0847	0.21305604589427415	1.4199805462665163	baseline
Cn127	NC_026753.1	295	0.34801762114537443	0.39905452045149914	0.17512442496489006	0.2720949352026135	0.46770833333333334	216	1186808	0.24856590113986424	318	17.7912	0.26794561546602313	-1.292773955663474	baseline
Cn127	NC_026754.1	169	0.3722943722943723	0.41032373163647445	0.20012025004525333	0.23529411764705882	0.49166666666666664	211	1059964	0.15943937718639503	171.5	24.462899999999998	0.1617979478548328	-0.10219556961766595	baseline
Cn127	NC_026755.1	301	0.37777777777777777	0.41597748731903805	0.18702865602718366	0.2663755458515284	0.5374449339207048	191	1561994	0.1927024047467532	337.5	20.0151	0.2160699720997648	-1.8236231645107943	baseline
Cn127	NC_026756.1	378	0.38929738562091504	0.4035908499682698	0.1632591209267972	0.26745969957867743	0.5064524083511425	214.5	774062	0.4883329759114903	369	25.9455	0.47670600029455	0.3468809620165347	baseline
Cn127	NC_026757.1	177	0.42543859649122806	0.4330487407933107	0.17023698360636633	0.2857142857142857	0.5220883534136547	216	756744	0.23389679997462814	208	21.4977	0.2748617762413709	-1.4420147271568589	baseline
Cn127	NC_026758.1	136	0.39610194902548723	0.421831897290224	0.15821747486085125	0.3061281859070465	0.502906976744186	208	942867	0.1442409162692087	147	14.0847	0.15590746096745353	-0.7809893004465839	baseline
Cn128	NC_026745.1	218	0.3955998339559983	0.4287877808678382	0.18135403674119896	0.290979609929078	0.5426528743693141	215.5	2291499	0.09513423309370854	220.5	31.875899999999998	0.09622522200533364	-0.07842915807867386	baseline
Cn128	NC_026746.1	115	0.4117647058823529	0.44286733012673835	0.21072674996171556	0.2544199706314244	0.5941995142910517	105	1621675	0.07091433240322506	113	6.6716999999999995	0.06968103966577767	0.2997736708784868	baseline
Cn128	NC_026747.1	98	0.4081459205020921	0.41324045229880574	0.13821942849964655	0.32511549649232874	0.44602195716996473	201.5	1575141	0.06221665235048798	104	10.3782	0.06602583514745664	-0.5781349366942244	baseline
Cn128	NC_026748.1	377	0.4955357142857143	0.47729875449759135	0.16108991761622313	0.3458333333333333	0.5982142857142857	222	1084805	0.3475278967187651	360.5	18.5325	0.3323177898331958	0.8903278025091057	baseline
Cn128	NC_026749.1	263	0.44329896907216493	0.44756951318503657	0.1895738264551824	0.25761460761460764	0.5615530303030303	131	1814975	0.14490557721180733	297	33.3585	0.16363861761181284	-1.0192304809868549	baseline
Cn128	NC_026750.1	256	0.4525862068965517	0.4332213595930171	0.13819557936374577	0.3368055555555555	0.5043670642554828	226	1422463	0.17996953172068447	278	11.8608	0.1954356633529308	-1.8548495885606369	baseline
Cn128	NC_026751.1	349	0.43612334801762115	0.43995448199827347	0.16001324247145998	0.3090909090909091	0.5235849056603774	220	1399503	0.24937424214167458	343	22.238999999999997	0.24508700588708993	0.2697963037906381	baseline
Cn128	NC_026752.1	298	0.45454545454545453	0.46769631856188026	0.1841888996184483	0.3127648305084746	0.6056029642937346	119	1398693	0.21305604589427415	298	14.0847	0.21305604589427415	0	baseline
Cn128	NC_026753.1	237	0.3333333333333333	0.40254079552633776	0.18462501319869698	0.2510822510822511	0.5066079295154186	218	1186808	0.19969531718694178	318	17.7912	0.26794561546602313	-4.552812626467017	het_depleted
Cn128	NC_026754.1	181	0.3755656108597285	0.410074330767231	0.18156214223964862	0.24786324786324787	0.5422885572139303	219	1059964	0.17076051639489645	171.5	24.462899999999998	0.1617979478548328	0.3883431645471306	baseline
Cn128	NC_026755.1	340	0.3983061733832489	0.429892944028388	0.18927364591894894	0.28043165467625897	0.5603827913279134	188.5	1561994	0.2176704904116149	337.5	20.0151	0.2160699720997648	0.12490569619936948	baseline
Cn128	NC_026756.1	358	0.44198717948717947	0.43245329327030313	0.1666075298331075	0.28125	0.550600636730463	220	774062	0.46249525231828975	369	25.9455	0.47670600029455	-0.4239656202424313	baseline
Cn128	NC_026757.1	171	0.341991341991342	0.39370662933646167	0.17791383862501822	0.25496828228764	0.5115326465314158	220	756744	0.22596809489074243	208	21.4977	0.2748617762413709	-1.7211143517678638	baseline
Cn128	NC_026758.1	132	0.42527529072759085	0.4317702803980884	0.16534583891356522	0.2971738862149821	0.5163715689596747	216	942867	0.13999853637893786	147	14.0847	0.15590746096745353	-1.0649854096998872	baseline
Cn12801	NC_018792.1	1	0.6666666666666666	0.6666666666666666	NA	0.6666666666666666	0.6666666666666666	27	NA	NA	1	0	NA	NA	NA
Cn12801	NC_026745.1	157	0.37344398340248963	0.4186609730797488	0.1990253887800672	0.2412280701754386	0.5670995670995671	190	2291499	0.06851410365005615	220.5	31.875899999999998	0.09622522200533364	-1.992100615198316	baseline
Cn12801	NC_026746.1	113	0.3383838383838384	0.41593010041516465	0.18196328731620154	0.275	0.5765765765765766	85	1621675	0.06968103966577767	113	6.6716999999999995	0.06968103966577767	0	baseline
Cn12801	NC_026747.1	96	0.36384583158776707	0.42309429427894163	0.17831653683184817	0.27499396281091526	0.5926344896933132	192.5	1575141	0.06094692475149843	104	10.3782	0.06602583514745664	-0.770846582258966	baseline
Cn12801	NC_026748.1	362	0.5	0.4939191471047787	0.188576713460863	0.30740390215492136	0.6740352927651748	208	1084805	0.333700526822793	360.5	18.5325	0.3323177898331958	0.08093889113719142	baseline
Cn12801	NC_026749.1	243	0.48	0.4706782713852656	0.1843162593232621	0.3007591000548747	0.6040816326530613	94	1814975	0.13388614168239232	297	33.3585	0.16363861761181284	-1.6187778227438285	baseline
Cn12801	NC_026750.1	274	0.543530925883867	0.5043002301596193	0.17229487551599593	0.35898250598086123	0.6438392292003656	223	1422463	0.1926236394197951	278	11.8608	0.1954356633529308	-0.3372453797382976	baseline
Cn12801	NC_026751.1	358	0.4117647058823529	0.44955367601590324	0.16175317759751548	0.3272501121487705	0.5792254140149784	195.5	1399503	0.2558050965235516	343	22.238999999999997	0.24508700588708993	0.6744907594765952	baseline
Cn12801	NC_026752.1	250	0.43370085594080954	0.4496441452778816	0.19068207139732382	0.27827380952380953	0.6174378678875082	91.5	1398693	0.1787382935354649	298	14.0847	0.21305604589427415	-3.407953311039639	het_depleted
Cn12801	NC_026753.1	228	0.31209415584415584	0.4002613273438018	0.19249846277612984	0.25603442213705563	0.5384615384615384	190	1186808	0.1921119507114883	318	17.7912	0.26794561546602313	-5.058680696074464	het_depleted
Cn12801	NC_026754.1	202	0.3530760928224501	0.4039757586304611	0.1749335057116551	0.2596337200063563	0.5183538971865841	185.5	1059964	0.19057251000977393	171.5	24.462899999999998	0.1617979478548328	1.2467859493355244	baseline
Cn12801	NC_026755.1	373	0.3888888888888889	0.41606588183920395	0.174988388396549	0.2772727272727273	0.5172413793103449	178	1561994	0.23879733212803636	337.5	20.0151	0.2160699720997648	1.7736608860310465	baseline
Cn12801	NC_026756.1	397	0.38317757009345793	0.39932196832926137	0.1640143205853381	0.2512315270935961	0.5021834061135371	192	774062	0.5128788133250308	369	25.9455	0.47670600029455	1.0791852151625523	baseline
Cn12801	NC_026757.1	181	0.4010152284263959	0.429109820775624	0.17326072404529738	0.2923728813559322	0.5263157894736842	198	756744	0.23918260336388528	208	21.4977	0.2748617762413709	-1.2559483107495222	baseline
Cn12801	NC_026758.1	122	0.3556522852387658	0.415999665665783	0.17780110996996806	0.2903653018430637	0.5367575462512171	196.5	942867	0.12939258665326075	147	14.0847	0.15590746096745353	-1.774975682833145	baseline
Cn12802	NC_018792.1	1	0.7	0.7	NA	0.7	0.7	40	NA	NA	1	0	NA	NA	NA
Cn12802	NC_026745.1	250	0.39792693937078966	0.40946013292537364	0.17809734202706806	0.25	0.5072908209168111	199	2291499	0.10909889116250979	220.5	31.875899999999998	0.09622522200533364	0.9254640653283516	baseline
Cn12802	NC_026746.1	113	0.3584070796460177	0.424364228699799	0.17592328064151544	0.285	0.5517241379310345	88	1621675	0.06968103966577767	113	6.6716999999999995	0.06968103966577767	0	baseline
Cn12802	NC_026747.1	102	0.3470480889459633	0.38955751180749704	0.1661075581900099	0.2619047619047619	0.5016816143497758	185	1575141	0.06475610754846708	104	10.3782	0.06602583514745664	-0.1927116455647415	baseline
Cn12802	NC_026748.1	384	0.49387968353485595	0.4792684384458945	0.1676868042044489	0.33175355450236965	0.6102245212414704	217	1084805	0.35398066933688543	360.5	18.5325	0.3323177898331958	1.268042627815999	baseline
Cn12802	NC_026749.1	274	0.42857142857142855	0.4387958254208027	0.20223734194212023	0.2454177323103154	0.5943054416188132	157.5	1814975	0.15096626675298558	297	33.3585	0.16363861761181284	-0.6894794430205196	baseline
Cn12802	NC_026750.1	300	0.4376341201716738	0.42400507769347123	0.13979938038549194	0.3350878647214854	0.48335852648079725	221	1422463	0.2109017949851771	278	11.8608	0.1954356633529308	1.8548495885606369	baseline
Cn12802	NC_026751.1	351	0.4298245614035088	0.4360311090911286	0.1595108350908844	0.3076923076923077	0.5266714082503556	204	1399503	0.25080332089320284	343	22.238999999999997	0.24508700588708993	0.35972840505418413	baseline
Cn12802	NC_026752.1	271	0.45652173913043476	0.4677404958839893	0.1769556005052842	0.3333333333333333	0.5982142857142857	114	1398693	0.19375231019244396	298	14.0847	0.21305604589427415	-1.9169737374597968	baseline
Cn12802	NC_026753.1	233	0.32298136645962733	0.409024826527464	0.197523465329035	0.25327510917030566	0.5416666666666666	209	1186808	0.19632493208674023	318	17.7912	0.26794561546602313	-4.7776428796258825	het_depleted
Cn12802	NC_026754.1	172	0.36912435938500965	0.4036996600503376	0.18240246013618344	0.24887724550898205	0.5306306867755204	212	1059964	0.16226966198852039	171.5	24.462899999999998	0.1617979478548328	0.02043911392353319	baseline
Cn12802	NC_026755.1	336	0.3390518084066471	0.4000823842850981	0.18499511344478264	0.2657912844036697	0.5026559941786428	179	1561994	0.21510966111265473	337.5	20.0151	0.2160699720997648	-0.07494341771962168	baseline
Cn12802	NC_026756.1	392	0.39263764404609475	0.40563728490722384	0.15865954211164118	0.263575487012987	0.5053836234687299	210.5	774062	0.5064193824267307	369	25.9455	0.47670600029455	0.8864735695978109	baseline
Cn12802	NC_026757.1	180	0.35393176693096673	0.40593899120414667	0.17646109905369795	0.2571892076502732	0.525607098381071	183	756744	0.23786115251657097	208	21.4977	0.2748617762413709	-1.3024649148513563	baseline
Cn12802	NC_026758.1	137	0.38235294117647056	0.4204316193423247	0.1650233547726139	0.28634361233480177	0.5281385281385281	205	942867	0.14530151124177643	147	14.0847	0.15590746096745353	-0.7099902731332581	baseline
Cn12803	NC_026745.1	217	0.40476190476190477	0.4218505375094484	0.17759239546705133	0.28	0.5336134453781513	204	2291499	0.0946978375290585	220.5	31.875899999999998	0.09622522200533364	-0.1098008213101434	baseline
Cn12803	NC_026746.1	113	0.3715415019762846	0.4220352078395743	0.19097136758424307	0.27450980392156865	0.6140350877192983	80	1621675	0.06968103966577767	113	6.6716999999999995	0.06968103966577767	0	baseline
Cn12803	NC_026747.1	93	0.36936936936936937	0.39827310058957704	0.1660549923186647	0.26406926406926406	0.47761194029850745	179	1575141	0.059042333353014106	104	10.3782	0.06602583514745664	-1.0599140506060782	baseline
Cn12803	NC_026748.1	351	0.4838709677419355	0.4727613614890553	0.1677293716464898	0.3340486409155937	0.5951782780945019	218	1084805	0.3235604555657468	360.5	18.5325	0.3323177898331958	-0.5126129772022123	baseline
Cn12803	NC_026749.1	274	0.4359217171717172	0.4448142684725821	0.18618124491178595	0.2875904803685019	0.5796280991735536	157	1814975	0.15096626675298558	297	33.3585	0.16363861761181284	-0.6894794430205196	baseline
Cn12803	NC_026750.1	282	0.44902857788320344	0.4255299224069984	0.14820368236832854	0.2921399341251622	0.5087719298245614	220	1422463	0.1982476872860665	278	11.8608	0.1954356633529308	0.3372453797382976	baseline
Cn12803	NC_026751.1	349	0.41964285714285715	0.4340278349409122	0.1559759695539593	0.3160377358490566	0.54	207	1399503	0.24937424214167458	343	22.238999999999997	0.24508700588708993	0.2697963037906381	baseline
Cn12803	NC_026752.1	271	0.4187192118226601	0.45205684294686926	0.1816262750643114	0.3103448275862069	0.5916275464059606	110	1398693	0.19375231019244396	298	14.0847	0.21305604589427415	-1.9169737374597968	baseline
Cn12803	NC_026753.1	236	0.30487688262012913	0.3922713110008137	0.1866170938164338	0.24964689265536724	0.5179386823222439	212	1186808	0.1988527209118914	318	17.7912	0.26794561546602313	-4.609020189756734	het_depleted
Cn12803	NC_026754.1	178	0.3683009466865969	0.3989000429597824	0.16641492670255578	0.26053211261788395	0.5181623931623931	213.5	1059964	0.1679302315927711	171.5	24.462899999999998	0.1617979478548328	0.2657084810059315	baseline
Cn12803	NC_026755.1	341	0.37209302325581395	0.411329336764288	0.1763770984353413	0.26905829596412556	0.5241935483870968	199	1561994	0.21831069773635495	337.5	20.0151	0.2160699720997648	0.17486797467911727	baseline
Cn12803	NC_026756.1	394	0.39018451796047604	0.4054586485527326	0.16164844746072843	0.26037135622930596	0.5104338249377514	213.5	774062	0.5090031547860507	369	25.9455	0.47670600029455	0.9635582278237074	baseline
Cn12803	NC_026757.1	205	0.3803418803418803	0.4110876406625274	0.18563642377882716	0.24782608695652175	0.5471698113207547	218	756744	0.27089742369942804	208	21.4977	0.2748617762413709	-0.13954981230550245	baseline
Cn12803	NC_026758.1	131	0.3624454148471616	0.4086619390831859	0.1654149685087127	0.28667074913247603	0.506272273699216	197	942867	0.13893794140637014	147	14.0847	0.15590746096745353	-1.1359844370132128	baseline
Cn129	NC_026745.1	184	0.37736579188067265	0.4380267418008142	0.19767138823561972	0.2691400580551524	0.5739689181111776	201	2291499	0.08029678389560721	220.5	31.875899999999998	0.09622522200533364	-1.1450657079486384	baseline
Cn129	NC_026746.1	119	0.35294117647058826	0.436755689895732	0.2020869595584411	0.26564275320429764	0.6132478632478633	76	1621675	0.07338091787811984	113	6.6716999999999995	0.06968103966577767	0.8993210126354603	baseline
Cn129	NC_026747.1	101	0.44680851063829785	0.4483608795671811	0.15586435400431928	0.31950207468879666	0.5555555555555556	161	1575141	0.06412124374897231	104	10.3782	0.06602583514745664	-0.2890674683471122	baseline
Cn129	NC_026748.1	351	0.4851063829787234	0.4651311763915388	0.1650500679624141	0.3186052065918319	0.5919706723891274	225	1084805	0.3235604555657468	360.5	18.5325	0.3323177898331958	-0.5126129772022123	baseline
Cn129	NC_026749.1	289	0.42857142857142855	0.4569703965341215	0.1907344735276821	0.2925764192139738	0.5833333333333334	129	1814975	0.15923084340004684	297	33.3585	0.16363861761181284	-0.2398189367027894	baseline
Cn129	NC_026750.1	258	0.44344394583530156	0.43192766065341	0.1343849302670831	0.36264123602326354	0.4849460267915203	229	1422463	0.18137554368725234	278	11.8608	0.1954356633529308	-1.6862268986914881	baseline
Cn129	NC_026751.1	326	0.4	0.42140022812875316	0.15944422585307785	0.2823539121822384	0.5215929203539823	220	1399503	0.23293983649910005	343	22.238999999999997	0.24508700588708993	-0.7644228607401413	baseline
Cn129	NC_026752.1	316	0.4716981132075472	0.47301133054033334	0.18025883292106082	0.33096958344483096	0.6117424242424243	98	1398693	0.22592520302882763	298	14.0847	0.21305604589427415	1.2779824916398645	baseline
Cn129	NC_026753.1	312	0.38611550335065126	0.42691509048670323	0.17463615820266878	0.2924288617886179	0.5198117684277128	215	1186808	0.26289003781572085	318	17.7912	0.26794561546602313	-0.3372453797382976	baseline
Cn129	NC_026754.1	138	0.367119121792019	0.41712132877354025	0.1777518672552198	0.2658371040723982	0.5156232034034726	218	1059964	0.13019310089776634	171.5	24.462899999999998	0.1617979478548328	-1.3694206328767236	baseline
Cn129	NC_026755.1	315	0.3891213389121339	0.42776029166899987	0.18482808759501776	0.276759410801964	0.5598214285714286	194	1561994	0.20166530729311383	337.5	20.0151	0.2160699720997648	-1.1241512657943253	baseline
Cn129	NC_026756.1	340	0.40274766603247647	0.41738151854561467	0.16326881307575394	0.28131271665754426	0.5340444184687317	221.5	774062	0.43924130108440923	369	25.9455	0.47670600029455	-1.1177275442755006	baseline
Cn129	NC_026757.1	177	0.39166666666666666	0.4224760439250561	0.16395357587874348	0.27074235807860264	0.5390946502057613	221	756744	0.23389679997462814	208	21.4977	0.2748617762413709	-1.4420147271568589	baseline
Cn129	NC_026758.1	131	0.38961038961038963	0.4217742158420569	0.15096975851220373	0.3309471612008411	0.507818443919433	217	942867	0.13893794140637014	147	14.0847	0.15590746096745353	-1.1359844370132128	baseline
Cn13	NC_018792.1	1	0.18226600985221675	0.18226600985221675	NA	0.18226600985221675	0.18226600985221675	203	NA	NA	1	0	NA	NA	NA
Cn13	NC_026745.1	306	0.39168246445497634	0.41886584028128426	0.1786188956908669	0.2701033243486074	0.5573807998535737	191	2291499	0.13353704278291198	220.5	31.875899999999998	0.09622522200533364	2.682277206290646	baseline
Cn13	NC_026746.1	183	0.45098039215686275	0.4678669630793244	0.1816435403915158	0.3111721611721612	0.6234072309126697	110	1621675	0.11284628547643641	113	6.6716999999999995	0.06968103966577767	10.492078480747036	het_enriched
Cn13	NC_026747.1	160	0.4038797677757663	0.4330881646408679	0.17420054027115447	0.3103448275862069	0.5823677194421657	187	1575141	0.10157820791916405	104	10.3782	0.06602583514745664	5.395926075812762	het_enriched
Cn13	NC_026748.1	412	0.4506214435459719	0.45692687415764976	0.17012893280615843	0.30874125874125874	0.6108174677140195	202	1084805	0.37979175980936664	360.5	18.5325	0.3323177898331958	2.778901929043572	baseline
Cn13	NC_026749.1	368	0.4049571603427172	0.4172979597511978	0.17351199092650063	0.2683374570995291	0.5319833805131952	190	1814975	0.2027576137412361	297	33.3585	0.16363861761181284	2.128393063237256	baseline
Cn13	NC_026750.1	319	0.4375	0.41498355441357093	0.14034203926610594	0.31180555555555556	0.4906974731741087	211	1422463	0.22425890866757167	278	11.8608	0.1954356633529308	3.4567651423175505	het_enriched
Cn13	NC_026751.1	383	0.42924528301886794	0.42991476162718617	0.16869910776387037	0.2845238095238095	0.5568468555900621	200	1399503	0.27366858091765434	343	22.238999999999997	0.24508700588708993	1.7986420252709208	baseline
Cn13	NC_026752.1	356	0.42753254924737427	0.4421448223661399	0.18551445098503927	0.29095804988662133	0.5800170068027211	101	1398693	0.254523329994502	298	14.0847	0.21305604589427415	4.117943584172897	het_enriched
Cn13	NC_026753.1	359	0.37037037037037035	0.424934218618208	0.2139577472966018	0.2342461569785198	0.622986360373295	195	1186808	0.30249206274308904	318	17.7912	0.26794561546602313	2.304510094878367	baseline
Cn13	NC_026754.1	236	0.33176100628930816	0.38855230747752334	0.1937299476837227	0.22523418020082214	0.48638000172473267	193	1059964	0.22264907110052795	171.5	24.462899999999998	0.1617979478548328	2.6366456961357816	baseline
Cn13	NC_026755.1	376	0.3888888888888889	0.42525602938071166	0.18541846461857872	0.27315998710647904	0.5767614226962534	181.5	1561994	0.2407179541022565	337.5	20.0151	0.2160699720997648	1.9235477214702899	baseline
Cn13	NC_026756.1	382	0.2761160714285714	0.3574615271989017	0.1872698647778415	0.22406631097560975	0.4110747577010927	196	774062	0.4935005206301304	369	25.9455	0.47670600029455	0.5010502784683278	baseline
Cn13	NC_026757.1	260	0.40045045045045047	0.42485274193607325	0.18381425766077647	0.2824507183427999	0.5483083929733246	199	756744	0.34357722030171367	208	21.4977	0.2748617762413709	2.418863413295376	baseline
Cn13	NC_026758.1	155	0.4	0.41957679536715425	0.16830717693322467	0.2699676200755532	0.5127376180007759	196	942867	0.16439222074799523	147	14.0847	0.15590746096745353	0.5679922185066064	baseline
Cn130	NC_026745.1	211	0.388646288209607	0.41938752349108716	0.19109267024209284	0.26004484304932735	0.5351894958900123	216	2291499	0.09207946414115827	220.5	31.875899999999998	0.09622522200533364	-0.29803080069896065	baseline
Cn130	NC_026746.1	119	0.3516483516483517	0.43247898270836016	0.18545156178880215	0.28147519691637335	0.5861581920903955	89	1621675	0.07338091787811984	113	6.6716999999999995	0.06968103966577767	0.8993210126354603	baseline
Cn130	NC_026747.1	97	0.3352601156069364	0.40723196288863955	0.17856229037698437	0.27184466019417475	0.5191489361702127	206	1575141	0.06158178855099321	104	10.3782	0.06602583514745664	-0.6744907594765952	baseline
Cn130	NC_026748.1	331	0.4727272727272727	0.474824660283793	0.1627545739909265	0.3469131711012215	0.5892803732727164	222	1084805	0.3051239623711174	360.5	18.5325	0.3323177898331958	-1.5917981923647646	baseline
Cn130	NC_026749.1	315	0.46017699115044247	0.4537048443532172	0.17751835371140837	0.3099343185550082	0.5591474475252656	194	1814975	0.17355610958828635	297	33.3585	0.16363861761181284	0.5395926075812761	baseline
Cn130	NC_026750.1	283	0.4435146443514644	0.43045036508989737	0.1423063518422807	0.33477011494252873	0.49579809489895843	226	1422463	0.19895069326935041	278	11.8608	0.1954356633529308	0.42155672467287203	baseline
Cn130	NC_026751.1	345	0.4185022026431718	0.4343587349715937	0.16186462496573842	0.2962962962962963	0.5448717948717948	215	1399503	0.24651608463861815	343	22.238999999999997	0.24508700588708993	0.08993210126354603	baseline
Cn130	NC_026752.1	287	0.4192139737991266	0.4485218921596746	0.17042293720023735	0.3183046268152651	0.5749565217391304	102	1398693	0.2051915609787137	298	14.0847	0.21305604589427415	-0.7809893004465839	baseline
Cn130	NC_026753.1	323	0.3815789473684211	0.4108671625836781	0.17619754424778764	0.26611172642946146	0.5054118665763121	213	1186808	0.2721585968412751	318	17.7912	0.26794561546602313	0.28103781644858133	baseline
Cn130	NC_026754.1	163	0.3924050632911392	0.40889684517806657	0.1868475161261921	0.24739583333333331	0.5202837911588138	215	1059964	0.1537788075821443	171.5	24.462899999999998	0.1617979478548328	-0.34746493670006423	baseline
Cn130	NC_026755.1	306	0.3801455495428252	0.42328232516007014	0.18807760200734028	0.26995169082125603	0.5548130729848791	196	1561994	0.19590344137045343	337.5	20.0151	0.2160699720997648	-1.5738117721120555	baseline
Cn130	NC_026756.1	377	0.39545454545454545	0.404036111876237	0.166741865728471	0.24870466321243523	0.5217391304347826	217	774062	0.48704108973183025	369	25.9455	0.47670600029455	0.3083386329035864	baseline
Cn130	NC_026757.1	175	0.39148936170212767	0.42691133529467773	0.18073584619224242	0.2899159663865546	0.5676203051643193	212	756744	0.23125389827999956	208	21.4977	0.2748617762413709	-1.535047935360527	baseline
Cn130	NC_026758.1	126	0.3965026201868307	0.4192369084147734	0.16846646714934863	0.29346491228070176	0.4986842105263158	162	942867	0.1336349665435316	147	14.0847	0.15590746096745353	-1.490979573579842	baseline
Cn131	NC_026745.1	208	0.3769668012192108	0.4071012018839116	0.18410851041951148	0.25683300165135287	0.5236572890025575	205.5	2291499	0.09077027744720814	220.5	31.875899999999998	0.09622522200533364	-0.39214579039336933	baseline
Cn131	NC_026746.1	104	0.3679917643332278	0.41978016641031274	0.19415627148576728	0.24507337526205453	0.5726043503821281	87	1621675	0.0641312223472644	113	6.6716999999999995	0.06968103966577767	-1.3489815189531904	baseline
Cn131	NC_026747.1	94	0.34342587742273445	0.40172850942404886	0.1615785441641062	0.2690557106444957	0.4721433842311404	187.5	1575141	0.05967719715250888	104	10.3782	0.06602583514745664	-0.9635582278237074	baseline
Cn131	NC_026748.1	358	0.503689547167808	0.46835926376717413	0.17078157648137607	0.3136002678913127	0.587800943162075	222	1084805	0.33001322818386714	360.5	18.5325	0.3323177898331958	-0.13489815189531904	baseline
Cn131	NC_026749.1	335	0.43478260869565216	0.43913439538490406	0.1685656500074265	0.3234668335419274	0.5341980270369018	182	1814975	0.18457554511770136	297	33.3585	0.16363861761181284	1.1391399493382497	baseline
Cn131	NC_026750.1	276	0.4613726790450928	0.4349017258723906	0.14278956164968298	0.3237166927899686	0.5085489146595301	223.5	1422463	0.19402965138636297	278	11.8608	0.1954356633529308	-0.1686226898691488	baseline
Cn131	NC_026751.1	339	0.4126984126984127	0.43529900391223886	0.15741634375152116	0.2995652416253275	0.5309089917066783	216	1399503	0.2422288483840335	343	22.238999999999997	0.24508700588708993	-0.17986420252709207	baseline
Cn131	NC_026752.1	311	0.4537037037037037	0.4603818949547721	0.18995136164969434	0.2975698543880362	0.6097560975609756	95	1398693	0.22235043715811834	298	14.0847	0.21305604589427415	0.9229873550732355	baseline
Cn131	NC_026753.1	310	0.3981863318356209	0.41697216926927994	0.16134383396332314	0.2978571428571429	0.4961860868448099	211	1186808	0.26120484526562004	318	17.7912	0.26794561546602313	-0.44966050631773014	baseline
Cn131	NC_026754.1	172	0.3847928009679371	0.4242403600893552	0.17944978395100555	0.27436391223155926	0.5293555173073246	212.5	1059964	0.16226966198852039	171.5	24.462899999999998	0.1617979478548328	0.02043911392353319	baseline
Cn131	NC_026755.1	324	0.3576321142430155	0.4133046987784889	0.18855904949044888	0.25649033769275814	0.532032836831415	194.5	1561994	0.2074271732157742	337.5	20.0151	0.2160699720997648	-0.6744907594765952	baseline
Cn131	NC_026756.1	325	0.4	0.4120211787615417	0.15394290188288734	0.2857142857142857	0.5170940170940171	218	774062	0.41986300838950885	369	25.9455	0.47670600029455	-1.6958624809697251	baseline
Cn131	NC_026757.1	196	0.3969729505726341	0.4166329075289064	0.18133892820083655	0.2631578947368421	0.5354911489066296	205.5	756744	0.2590043660735995	208	21.4977	0.2748617762413709	-0.5581992492220098	baseline
Cn131	NC_026758.1	139	0.38461538461538464	0.41625834153170793	0.1541812885319698	0.3092515592515592	0.489406779661017	144	942867	0.14742270118691184	147	14.0847	0.15590746096745353	-0.5679922185066064	baseline
Cn132	NC_018792.1	1	0.5625	0.5625	NA	0.5625	0.5625	48	NA	NA	1	0	NA	NA	NA
Cn132	NC_026745.1	195	0.39361702127659576	0.41512623388314623	0.18088696899925627	0.2645132645132645	0.5253004540194071	216	2291499	0.08509713510675763	220.5	31.875899999999998	0.09622522200533364	-0.7999774124024734	baseline
Cn132	NC_026746.1	109	0.36363636363636365	0.42570242853072643	0.21084348960119098	0.2556053811659193	0.5596330275229358	79	1621675	0.06721445419088289	113	6.6716999999999995	0.06968103966577767	-0.5995473417569736	baseline
Cn132	NC_026747.1	103	0.3565217391304348	0.3915425966735975	0.16387503823002	0.25214238628872776	0.49146230191981827	196	1575141	0.06539097134796186	104	10.3782	0.06602583514745664	-0.09635582278237075	baseline
Cn132	NC_026748.1	384	0.48125	0.46856114847262653	0.17580853950230083	0.3024549918166939	0.5957668439716312	222	1084805	0.35398066933688543	360.5	18.5325	0.3323177898331958	1.268042627815999	baseline
Cn132	NC_026749.1	296	0.4595827900912647	0.459906833501335	0.1819851395369796	0.3146114864864865	0.5884978991596639	201	1814975	0.1630876458353421	297	33.3585	0.16363861761181284	-0.029977367087848674	baseline
Cn132	NC_026750.1	275	0.4336283185840708	0.4253939920230646	0.14284778413495594	0.3333333333333333	0.49017090741876146	226	1422463	0.19332664540307903	278	11.8608	0.1954356633529308	-0.25293403480372323	baseline
Cn132	NC_026751.1	354	0.41112499999999996	0.42921290497988107	0.16450109611852154	0.2872136596519457	0.5372525579269365	216	1399503	0.25294693902049514	343	22.238999999999997	0.24508700588708993	0.4946265569495032	baseline
Cn132	NC_026752.1	299	0.45	0.4562230653531597	0.17013598934825175	0.31727782021899664	0.5681874535085545	100	1398693	0.213770999068416	298	14.0847	0.21305604589427415	0.0709990273133258	baseline
Cn132	NC_026753.1	303	0.38571428571428573	0.4224258633682652	0.17758883334099923	0.2754075989370107	0.5294709603220241	211	1186808	0.25530667134026735	318	17.7912	0.26794561546602313	-0.843113449345744	baseline
Cn132	NC_026754.1	130	0.36363636363636365	0.39025702784265354	0.18393969282093936	0.22727272727272727	0.49997088791848615	216.5	1059964	0.1226456747587654	171.5	24.462899999999998	0.1617979478548328	-1.6964464556532546	baseline
Cn132	NC_026755.1	324	0.36515688377080513	0.40272911170370884	0.17914764954247153	0.25925925925925924	0.5357142857142857	178.5	1561994	0.2074271732157742	337.5	20.0151	0.2160699720997648	-0.6744907594765952	baseline
Cn132	NC_026756.1	335	0.41333333333333333	0.4102114113458121	0.16568383954438357	0.25558046836073745	0.5416738816738818	218	774062	0.43278187018610914	369	25.9455	0.47670600029455	-1.310439189840242	baseline
Cn132	NC_026757.1	196	0.3892896781354051	0.4303208806318134	0.19171334095045858	0.26464511424404474	0.5953878406708595	209	756744	0.2590043660735995	208	21.4977	0.2748617762413709	-0.5581992492220098	baseline
Cn132	NC_026758.1	145	0.3617021276595745	0.4026388440726764	0.16625357020775142	0.26406926406926406	0.5	217	942867	0.1537862710223181	147	14.0847	0.15590746096745353	-0.1419980546266516	baseline
Cn133	NC_026745.1	217	0.4025974025974026	0.43102070453424746	0.1865240366968669	0.271889400921659	0.5588235294117647	214	2291499	0.0946978375290585	220.5	31.875899999999998	0.09622522200533364	-0.1098008213101434	baseline
Cn133	NC_026746.1	103	0.375	0.4430292965897764	0.19483109826617592	0.2787698412698413	0.6468362850253596	102	1621675	0.06351457597854071	113	6.6716999999999995	0.06968103966577767	-1.4988683543924337	baseline
Cn133	NC_026747.1	93	0.37209302325581395	0.39744199889474435	0.15134258570637263	0.288135593220339	0.45021645021645024	206	1575141	0.059042333353014106	104	10.3782	0.06602583514745664	-1.0599140506060782	baseline
Cn133	NC_026748.1	359	0.4935064935064935	0.47889752401363406	0.17131433200681273	0.33091924060594136	0.6038268056054616	222	1084805	0.3309350528435986	360.5	18.5325	0.3323177898331958	-0.08093889113719142	baseline
Cn133	NC_026749.1	298	0.44117231638418075	0.4368284123236394	0.1776962009789931	0.2877705185790118	0.5251831501831502	203.5	1814975	0.1641895893882836	297	33.3585	0.16363861761181284	0.029977367087848674	baseline
Cn133	NC_026750.1	267	0.46320346320346323	0.4373436804941303	0.1407151685732353	0.3413929883917634	0.5139762468551132	228	1422463	0.18770259753680765	278	11.8608	0.1954356633529308	-0.9274247942803184	baseline
Cn133	NC_026751.1	351	0.4090909090909091	0.4374921297492383	0.1702789507368612	0.29252754820936644	0.5626352813852814	218	1399503	0.25080332089320284	343	22.238999999999997	0.24508700588708993	0.35972840505418413	baseline
Cn133	NC_026752.1	288	0.42794210195091253	0.4469671216943247	0.18119360662763126	0.30290055248618786	0.5783813747228381	103	1398693	0.20590651415285557	298	14.0847	0.21305604589427415	-0.7099902731332581	baseline
Cn133	NC_026753.1	307	0.38461538461538464	0.42843582038037653	0.18638021250442563	0.27754435107376285	0.5516410256410257	214	1186808	0.2586770564404689	318	17.7912	0.26794561546602313	-0.6182831961868789	baseline
Cn133	NC_026754.1	146	0.33854166666666663	0.3662789291686125	0.17544992300818868	0.21403654485049833	0.45742853216052776	217.5	1059964	0.13774052703676729	171.5	24.462899999999998	0.1617979478548328	-1.0423948101001925	baseline
Cn133	NC_026755.1	316	0.36542807891208584	0.4171294852551646	0.19267040462077767	0.26687853107344633	0.5547288776796974	178	1561994	0.20230551461785384	337.5	20.0151	0.2160699720997648	-1.0741889873145776	baseline
Cn133	NC_026756.1	330	0.42897497982243743	0.42112691654978507	0.1596264583265146	0.284642094017094	0.5216922788605697	221	774062	0.426322439287809	369	25.9455	0.47670600029455	-1.5031508354049836	baseline
Cn133	NC_026757.1	173	0.36752136752136755	0.41518394181640395	0.17125351519559792	0.28205128205128205	0.5367965367965368	218	756744	0.228610996585371	208	21.4977	0.2748617762413709	-1.6280811435641953	baseline
Cn133	NC_026758.1	140	0.3687598825389654	0.4011585991567134	0.1617608902914021	0.2842009685230024	0.47675492610837433	220.5	942867	0.14848329615947956	147	14.0847	0.15590746096745353	-0.49699319119328067	baseline
Cn134	NC_026745.1	208	0.41522988505747127	0.43526784939617763	0.17556722351537743	0.28710764809902745	0.5544294294294294	210	2291499	0.09077027744720814	220.5	31.875899999999998	0.09622522200533364	-0.39214579039336933	baseline
Cn134	NC_026746.1	102	0.37299006323396566	0.4462319417962742	0.19915912962709711	0.2851293103448276	0.6264692585895117	103.5	1621675	0.06289792960981701	113	6.6716999999999995	0.06968103966577767	-1.6487551898316772	baseline
Cn134	NC_026747.1	98	0.38018243785084205	0.41181536544090913	0.1678478389643125	0.26403508771929823	0.48105170387779084	208.5	1575141	0.06221665235048798	104	10.3782	0.06602583514745664	-0.5781349366942244	baseline
Cn134	NC_026748.1	380	0.47481665974816656	0.4550557829428566	0.1748662870145173	0.28992308519793464	0.5867391304347827	220.5	1084805	0.3502933706979595	360.5	18.5325	0.3323177898331958	1.0522055847834886	baseline
Cn134	NC_026749.1	301	0.45	0.43218831430513505	0.16917727985733447	0.29545454545454547	0.5311203319502075	209	1814975	0.16584250471769585	297	33.3585	0.16363861761181284	0.1199094683513947	baseline
Cn134	NC_026750.1	279	0.4318181818181818	0.41338914739323035	0.1376386461351435	0.3084010303150386	0.4724745269286754	227	1422463	0.19613866933621474	278	11.8608	0.1954356633529308	0.0843113449345744	baseline
Cn134	NC_026751.1	341	0.43478260869565216	0.44817013940582773	0.15793351035854183	0.32098765432098764	0.5508474576271186	216	1399503	0.2436579271355617	343	22.238999999999997	0.24508700588708993	-0.08993210126354603	baseline
Cn134	NC_026752.1	310	0.43710443037974683	0.44825765328035727	0.17068247771691406	0.3193773483628556	0.5530923747852518	90.5	1398693	0.22163548398397648	298	14.0847	0.21305604589427415	0.8519883277599097	baseline
Cn134	NC_026753.1	297	0.3688888888888889	0.4135591341812104	0.18448122023097188	0.2698412698412698	0.4978540772532189	214	1186808	0.250251093689965	318	17.7912	0.26794561546602313	-1.1803588290840417	baseline
Cn134	NC_026754.1	136	0.35	0.3871896985558653	0.17247771106461585	0.2321416306064977	0.5010330578512396	217	1059964	0.1283062443630161	171.5	24.462899999999998	0.1617979478548328	-1.4511770885708564	baseline
Cn134	NC_026755.1	297	0.375	0.4198187143743665	0.1915628121396298	0.26666666666666666	0.5271966527196653	194	1561994	0.19014157544779303	337.5	20.0151	0.2160699720997648	-2.0234722784297854	baseline
Cn134	NC_026756.1	340	0.392627239873513	0.41213335352230507	0.17134083894246274	0.2559242705346601	0.5478260869565217	221	774062	0.43924130108440923	369	25.9455	0.47670600029455	-1.1177275442755006	baseline
Cn134	NC_026757.1	197	0.3953488372093023	0.43631220187248965	0.20353995501796746	0.2675438596491228	0.6077586206896551	221	756744	0.2603258169209138	208	21.4977	0.2748617762413709	-0.5116826451201757	baseline
Cn134	NC_026758.1	136	0.3833991298743152	0.412300853489788	0.15578106141679746	0.299793956043956	0.4924088191977822	219.5	942867	0.1442409162692087	147	14.0847	0.15590746096745353	-0.7809893004465839	baseline
Cn135	NC_018792.1	1	0.6216216216216216	0.6216216216216216	NA	0.6216216216216216	0.6216216216216216	37	NA	NA	1	0	NA	NA	NA
Cn135	NC_026745.1	214	0.41408554572271383	0.4372031874908221	0.18393168064957763	0.2815126050420168	0.5424667890700939	218	2291499	0.09338865083510837	220.5	31.875899999999998	0.09622522200533364	-0.20391581100455206	baseline
Cn135	NC_026746.1	97	0.38461538461538464	0.424516944923064	0.17601605291586772	0.2833333333333333	0.528169014084507	113	1621675	0.05981469776619853	113	6.6716999999999995	0.06968103966577767	-2.398189367027894	baseline
Cn135	NC_026747.1	92	0.4062185771744595	0.4290312645549136	0.16865015740326206	0.27839622641509437	0.5087676916955608	208.5	1575141	0.05840746955351933	104	10.3782	0.06602583514745664	-1.1562698733884489	baseline
Cn135	NC_026748.1	374	0.5045469576719577	0.4831879564425946	0.15750033098873908	0.34615384615384615	0.6047247299097233	224	1084805	0.3447624227395707	360.5	18.5325	0.3323177898331958	0.7284500202347228	baseline
Cn135	NC_026749.1	313	0.4166666666666667	0.4339013670590048	0.17262749431317145	0.28448275862068967	0.5560344827586207	203	1814975	0.17245416603534486	297	33.3585	0.16363861761181284	0.4796378734055788	baseline
Cn135	NC_026750.1	260	0.4580620097676484	0.4462872873179079	0.14594010611713076	0.3518099547511312	0.5192318319977893	226.5	1422463	0.18278155565382018	278	11.8608	0.1954356633529308	-1.5176042088223392	baseline
Cn135	NC_026751.1	369	0.4166666666666667	0.43609838450794863	0.16043280279002514	0.30962343096234307	0.5450643776824035	218	1399503	0.2636650296569568	343	22.238999999999997	0.24508700588708993	1.1691173164260984	baseline
Cn135	NC_026752.1	322	0.4105545617173524	0.44500089848147456	0.1808105124574165	0.29470883830919303	0.579851345922057	113.5	1398693	0.23021492207367877	298	14.0847	0.21305604589427415	1.7039766555198195	baseline
Cn135	NC_026753.1	305	0.3974358974358974	0.41905931380177586	0.16957664550673715	0.2813852813852814	0.5074626865671642	219	1186808	0.2569918638903681	318	17.7912	0.26794561546602313	-0.7306983227663114	baseline
Cn135	NC_026754.1	161	0.35046728971962615	0.39417436491079144	0.19135010434609254	0.22477064220183487	0.5	211	1059964	0.15189195104739406	171.5	24.462899999999998	0.1617979478548328	-0.429221392394197	baseline
Cn135	NC_026755.1	311	0.40384615384615385	0.4329928697403118	0.18259337809584744	0.28602894902454373	0.5555555555555556	195	1561994	0.19910447799415365	337.5	20.0151	0.2160699720997648	-1.3240003797133164	baseline
Cn135	NC_026756.1	363	0.36401673640167365	0.39648235800384507	0.15818816939462013	0.26246067229673786	0.5118687716940992	220	774062	0.4689546832165899	369	25.9455	0.47670600029455	-0.2312539746776898	baseline
Cn135	NC_026757.1	189	0.38926174496644295	0.4291163553115968	0.16962837695157487	0.2857142857142857	0.5496688741721855	208	756744	0.24975421014239954	208	21.4977	0.2748617762413709	-0.8838154779348489	baseline
Cn135	NC_026758.1	134	0.4052189466287649	0.430753782693343	0.16598923503800767	0.30514099295035246	0.4989035087719298	155.5	942867	0.1421197263240733	147	14.0847	0.15590746096745353	-0.9229873550732355	baseline
Cn136	NC_026745.1	215	0.3700440528634361	0.4177605613892721	0.18403738101962802	0.2745307789555577	0.5552944862155389	207	2291499	0.09382504639975842	220.5	31.875899999999998	0.09622522200533364	-0.1725441477730825	baseline
Cn136	NC_026746.1	115	0.3738738738738739	0.439609381737298	0.1993499606703023	0.2692307692307692	0.6470588235294118	73	1621675	0.07091433240322506	113	6.6716999999999995	0.06968103966577767	0.2997736708784868	baseline
Cn136	NC_026747.1	100	0.37364718614718617	0.4125060644553565	0.15410598436045386	0.29265170670037927	0.5384615384615384	203	1575141	0.06348637994947753	104	10.3782	0.06602583514745664	-0.385423291129483	baseline
Cn136	NC_026748.1	379	0.48366013071895425	0.46507777894063707	0.17262011614424105	0.3006383210882374	0.6004484304932736	220	1084805	0.34937154603822806	360.5	18.5325	0.3323177898331958	0.998246324025361	baseline
Cn136	NC_026749.1	281	0.4482758620689655	0.43342103062366716	0.15647283903624626	0.3103448275862069	0.5225225225225225	211	1814975	0.15482306918828084	297	33.3585	0.16363861761181284	-0.4796378734055788	baseline
Cn136	NC_026750.1	269	0.43478260869565216	0.4303666181431803	0.131075703045449	0.3435114503816794	0.49572649572649574	224	1422463	0.1891086095033755	278	11.8608	0.1954356633529308	-0.7588021044111696	baseline
Cn136	NC_026751.1	351	0.42857142857142855	0.4493970264952146	0.16074780692253685	0.3209767206477733	0.5652004219409282	212	1399503	0.25080332089320284	343	22.238999999999997	0.24508700588708993	0.35972840505418413	baseline
Cn136	NC_026752.1	317	0.4189189189189189	0.45101994235028475	0.1789615172406457	0.3063063063063063	0.5898617511520737	95	1398693	0.22664015620296948	298	14.0847	0.21305604589427415	1.3489815189531904	baseline
Cn136	NC_026753.1	274	0.3883840678479479	0.42532517687572124	0.1826221057188228	0.2838188159879336	0.5416224188790562	215	1186808	0.2308713793638061	318	17.7912	0.26794561546602313	-2.4731327847475155	baseline
Cn136	NC_026754.1	166	0.33405797101449275	0.3850511673458349	0.18154138528110494	0.23774871039056744	0.46808510638297873	214.5	1059964	0.15660909238426965	171.5	24.462899999999998	0.1617979478548328	-0.22483025315886507	baseline
Cn136	NC_026755.1	316	0.3449847444698704	0.41865714175316326	0.1968165419158164	0.27263056092843324	0.5672757475083057	192	1561994	0.20230551461785384	337.5	20.0151	0.2160699720997648	-1.0741889873145776	baseline
Cn136	NC_026756.1	344	0.3987139458816533	0.4076632020185834	0.15541578619671056	0.2665768752590137	0.5252634952285999	220	774062	0.44440884580304935	369	25.9455	0.47670600029455	-0.9635582278237074	baseline
Cn136	NC_026757.1	197	0.3659574468085106	0.436800106984551	0.2063233240343452	0.25728155339805825	0.6623376623376623	215	756744	0.2603258169209138	208	21.4977	0.2748617762413709	-0.5116826451201757	baseline
Cn136	NC_026758.1	133	0.38288288288288286	0.4139521652716988	0.16473275953321745	0.28634361233480177	0.5	214	942867	0.14105913135150558	147	14.0847	0.15590746096745353	-0.9939863823865613	baseline
Cn137	NC_018792.1	1	0.6333333333333333	0.6333333333333333	NA	0.6333333333333333	0.6333333333333333	30	NA	NA	1	0	NA	NA	NA
Cn137	NC_026745.1	195	0.3870967741935484	0.41587072924833673	0.18369975558970353	0.26681749622926093	0.5160284624413145	220	2291499	0.08509713510675763	220.5	31.875899999999998	0.09622522200533364	-0.7999774124024734	baseline
Cn137	NC_026746.1	109	0.3619047619047619	0.42228656565573625	0.17956850831456336	0.2895927601809955	0.5882352941176471	104	1621675	0.06721445419088289	113	6.6716999999999995	0.06968103966577767	-0.5995473417569736	baseline
Cn137	NC_026747.1	103	0.3674698795180723	0.38985340629180215	0.16965773974946535	0.24558982950625802	0.4827586206896552	211	1575141	0.06539097134796186	104	10.3782	0.06602583514745664	-0.09635582278237075	baseline
Cn137	NC_026748.1	348	0.4989177489177489	0.4683198370618138	0.15452539346182423	0.34460044365092246	0.5720681474638898	225	1084805	0.3207949815865524	360.5	18.5325	0.3323177898331958	-0.6744907594765952	baseline
Cn137	NC_026749.1	282	0.4568262411347518	0.46657908299364514	0.1710920750283398	0.32610779118277144	0.5890231092436975	168	1814975	0.15537404096475158	297	33.3585	0.16363861761181284	-0.44966050631773014	baseline
Cn137	NC_026750.1	267	0.46153846153846156	0.4323998584563313	0.14162863874110543	0.33844627594627597	0.5107304043474257	227	1422463	0.18770259753680765	278	11.8608	0.1954356633529308	-0.9274247942803184	baseline
Cn137	NC_026751.1	321	0.44155844155844154	0.4457928398456315	0.16374283258559214	0.315	0.5428571428571428	217	1399503	0.2293671396202795	343	22.238999999999997	0.24508700588708993	-0.9892531138990064	baseline
Cn137	NC_026752.1	260	0.4328123884963962	0.4612484361380545	0.16370126634048024	0.3367749347907092	0.5844957081545065	106.5	1398693	0.1858878252768835	298	14.0847	0.21305604589427415	-2.697963037906381	baseline
Cn137	NC_026753.1	246	0.3987189440993789	0.4408352865694089	0.19628258992452705	0.27088452088452086	0.6073597279572505	215	1186808	0.20727868366239527	318	17.7912	0.26794561546602313	-4.046944556859571	het_depleted
Cn137	NC_026754.1	142	0.35921948149022387	0.41827613358670557	0.1939097776033429	0.2513647856568211	0.5623802681992338	222	1059964	0.1339668139672668	171.5	24.462899999999998	0.1617979478548328	-1.2059077214884582	baseline
Cn137	NC_026755.1	289	0.3673469387755102	0.41546824156436607	0.2059778572204383	0.25	0.5625	183	1561994	0.18501991684987268	337.5	20.0151	0.2160699720997648	-2.423170506267768	baseline
Cn137	NC_026756.1	213	0.2727272727272727	0.3594727276050209	0.18189401910975664	0.2422907488986784	0.4583333333333333	218	774062	0.2751717562675858	369	25.9455	0.47670600029455	-6.0126033416199345	het_depleted
Cn137	NC_026757.1	188	0.37025169499396304	0.4244881737361283	0.17310513035844607	0.28913916146297947	0.5905555555555555	222	756744	0.24843275929508524	208	21.4977	0.2748617762413709	-0.930332082036683	baseline
Cn137	NC_026758.1	122	0.3725222146274778	0.41012755814529545	0.15686082300452409	0.3025017618040874	0.47585601404740996	142.5	942867	0.12939258665326075	147	14.0847	0.15590746096745353	-1.774975682833145	baseline
Cn138	NC_026745.1	224	0.36872659176029965	0.4095994521235494	0.181569813914664	0.2660122568920852	0.5184235976789169	213	2291499	0.09775260648160877	220.5	31.875899999999998	0.09622522200533364	0.1098008213101434	baseline
Cn138	NC_026746.1	109	0.37888198757763975	0.42483627515368894	0.1818329722903339	0.2794759825327511	0.5792079207920792	93	1621675	0.06721445419088289	113	6.6716999999999995	0.06968103966577767	-0.5995473417569736	baseline
Cn138	NC_026747.1	92	0.35	0.3833552342440075	0.1613668961541718	0.24333810400054523	0.4759825327510917	203	1575141	0.05840746955351933	104	10.3782	0.06602583514745664	-1.1562698733884489	baseline
Cn138	NC_026748.1	357	0.4661016949152542	0.4659852902571087	0.17321039071582908	0.32	0.6	224	1084805	0.32909140352413563	360.5	18.5325	0.3323177898331958	-0.18885741265344666	baseline
Cn138	NC_026749.1	312	0.4768581629341123	0.46879323924939326	0.18290498824501264	0.29599723513887144	0.5991282365843231	196	1814975	0.1719031942588741	297	33.3585	0.16363861761181284	0.44966050631773014	baseline
Cn138	NC_026750.1	265	0.4669421487603306	0.441572535585082	0.1355168147880183	0.3584070796460177	0.5125	227	1422463	0.1862965855702398	278	11.8608	0.1954356633529308	-1.0960474841494672	baseline
Cn138	NC_026751.1	346	0.4511283400249204	0.45359253758056145	0.1603115700451557	0.32863598326359833	0.5549410029498525	191	1399503	0.24723062401438226	343	22.238999999999997	0.24508700588708993	0.13489815189531906	baseline
Cn138	NC_026752.1	291	0.4444444444444444	0.46359847328400466	0.17848605333136108	0.3229217110573043	0.5915178571428572	102	1398693	0.20805137367528115	298	14.0847	0.21305604589427415	-0.49699319119328067	baseline
Cn138	NC_026753.1	277	0.41228070175438597	0.435506405606186	0.185751907905858	0.2848101265822785	0.559322033898305	211	1186808	0.23339916818895728	318	17.7912	0.26794561546602313	-2.304510094878367	baseline
Cn138	NC_026754.1	151	0.3333333333333333	0.37621379679703104	0.18765619154659624	0.21227106227106227	0.46755510571300046	216	1059964	0.14245766837364288	171.5	24.462899999999998	0.1617979478548328	-0.8380036708648607	baseline
Cn138	NC_026755.1	298	0.3659574468085106	0.41694605677443336	0.19389004588266995	0.2577786070812147	0.5330472103004292	213.5	1561994	0.19078178277253308	337.5	20.0151	0.2160699720997648	-1.9735099999500376	baseline
Cn138	NC_026756.1	328	0.4102705922396188	0.4134074354461149	0.15683646478228103	0.28298783515392256	0.5100125156445556	221	774062	0.42373866692848894	369	25.9455	0.47670600029455	-1.5802354936308802	baseline
Cn138	NC_026757.1	185	0.4125	0.433670123493692	0.17118383163768142	0.2808988764044944	0.5714285714285714	212	756744	0.2444684067531424	208	21.4977	0.2748617762413709	-1.0698818943421855	baseline
Cn138	NC_026758.1	146	0.38275294204722077	0.40411284270956016	0.16258959276503157	0.26925403943341164	0.504746835443038	219	942867	0.1548468659948858	147	14.0847	0.15590746096745353	-0.0709990273133258	baseline
Cn139	NC_018792.1	1	0.6136363636363636	0.6136363636363636	NA	0.6136363636363636	0.6136363636363636	44	NA	NA	1	0	NA	NA	NA
Cn139	NC_026745.1	191	0.4	0.4273575451359376	0.18953442972340762	0.2722859664607237	0.5324542087879092	217	2291499	0.08335155284815748	220.5	31.875899999999998	0.09622522200533364	-0.9254640653283516	baseline
Cn139	NC_026746.1	116	0.37811791383219956	0.4478764295941237	0.20617344557687003	0.26402735914676556	0.6544736842105263	89	1621675	0.07153097877194876	113	6.6716999999999995	0.06968103966577767	0.44966050631773014	baseline
Cn139	NC_026747.1	102	0.3660795825179387	0.40114811405953815	0.16670855281850863	0.2447181850407657	0.5173043478260869	207.5	1575141	0.06475610754846708	104	10.3782	0.06602583514745664	-0.1927116455647415	baseline
Cn139	NC_026748.1	368	0.48723381138635374	0.46382249387874497	0.1715735707777478	0.3018737197252681	0.590765247410817	223	1084805	0.3392314747811819	360.5	18.5325	0.3323177898331958	0.40469445568595713	baseline
Cn139	NC_026749.1	313	0.4472573839662447	0.43009392498318333	0.16274662141966542	0.29646017699115046	0.5236051502145923	206	1814975	0.17245416603534486	297	33.3585	0.16363861761181284	0.4796378734055788	baseline
Cn139	NC_026750.1	275	0.44541484716157204	0.42696061876337893	0.15097523380148034	0.3103616398863781	0.5	226	1422463	0.19332664540307903	278	11.8608	0.1954356633529308	-0.25293403480372323	baseline
Cn139	NC_026751.1	358	0.43097530990677185	0.43856712872117737	0.1571107863112011	0.3126270325203252	0.5536278938452852	216	1399503	0.2558050965235516	343	22.238999999999997	0.24508700588708993	0.6744907594765952	baseline
Cn139	NC_026752.1	286	0.45894963489983154	0.4726764130846371	0.18497834917929196	0.31673844681432867	0.6199295774647887	117.5	1398693	0.20447660780457183	298	14.0847	0.21305604589427415	-0.8519883277599097	baseline
Cn139	NC_026753.1	250	0.32499869771318435	0.3977871931935278	0.1890810022588469	0.24602416155787957	0.5476637554585153	209.5	1186808	0.21064906876259681	318	17.7912	0.26794561546602313	-3.822114303700706	het_depleted
Cn139	NC_026754.1	167	0.3565217391304348	0.40590804082650955	0.17866822192136203	0.2569867291178767	0.531133324114498	221	1059964	0.1575525206516448	171.5	24.462899999999998	0.1617979478548328	-0.1839520253117987	baseline
Cn139	NC_026755.1	321	0.3723849372384937	0.41969345779555645	0.18547233916246125	0.26141078838174275	0.5555555555555556	193	1561994	0.20550655124155406	337.5	20.0151	0.2160699720997648	-0.8243775949158385	baseline
Cn139	NC_026756.1	353	0.4267241379310345	0.42176734151115686	0.15930167977920828	0.2796610169491525	0.5401459854014599	226	774062	0.4560358214199896	369	25.9455	0.47670600029455	-0.6166772658071727	baseline
Cn139	NC_026757.1	189	0.39473684210526316	0.4304591137387194	0.182243340088085	0.28270042194092826	0.5797101449275363	211	756744	0.24975421014239954	208	21.4977	0.2748617762413709	-0.8838154779348489	baseline
Cn139	NC_026758.1	131	0.381294964028777	0.4073429080203775	0.1590047181376926	0.2931749241658241	0.47889610389610393	213	942867	0.13893794140637014	147	14.0847	0.15590746096745353	-1.1359844370132128	baseline
Cn14	NC_018792.1	1	0.20657276995305165	0.20657276995305165	NA	0.20657276995305165	0.20657276995305165	213	NA	NA	1	0	NA	NA	NA
Cn14	NC_026745.1	244	0.39541666666666664	0.4022013614976112	0.1813561071092039	0.25096153846153846	0.5106320488721805	193.5	2291499	0.10648051777460955	220.5	31.875899999999998	0.09622522200533364	0.7372340859395343	baseline
Cn14	NC_026746.1	133	0.4166666666666667	0.4585141431469542	0.19281204353060963	0.2976190476190476	0.625	102	1621675	0.0820139670402516	113	6.6716999999999995	0.06968103966577767	2.9977367087848674	baseline
Cn14	NC_026747.1	122	0.4079004329004329	0.43443586020634106	0.1960266245970561	0.26937015184641644	0.5726872246696035	182	1575141	0.07745338353836259	104	10.3782	0.06602583514745664	1.7344048100826734	baseline
Cn14	NC_026748.1	392	0.4791304347826087	0.4646756571569083	0.16287093883173384	0.31565983925330565	0.5958695435021476	199	1084805	0.3613552666147372	360.5	18.5325	0.3323177898331958	1.6997167138810199	baseline
Cn14	NC_026749.1	347	0.39111111111111113	0.40277971719700256	0.17699536833290339	0.2511061946902655	0.5073920326269026	182	1814975	0.19118720643535037	297	33.3585	0.16363861761181284	1.4988683543924337	baseline
Cn14	NC_026750.1	305	0.46534653465346537	0.4317850243606909	0.15679011081221517	0.2922374429223744	0.5280373831775701	206	1422463	0.21441682490159675	278	11.8608	0.1954356633529308	2.2764063132335086	baseline
Cn14	NC_026751.1	336	0.41565026067824173	0.41443052651423834	0.17009664045043096	0.25327215820173565	0.516828101295367	191	1399503	0.24008523025674117	343	22.238999999999997	0.24508700588708993	-0.31476235442241113	baseline
Cn14	NC_026752.1	273	0.40804597701149425	0.4307334588141892	0.18057926386323753	0.27439024390243905	0.5555555555555556	112	1398693	0.19518221654072768	298	14.0847	0.21305604589427415	-1.774975682833145	baseline
Cn14	NC_026753.1	294	0.3354166666666667	0.4012273566755704	0.19042332874105597	0.2490079365079365	0.5341954022988505	187.5	1186808	0.24772330486481386	318	17.7912	0.26794561546602313	-1.3489815189531904	baseline
Cn14	NC_026754.1	248	0.31807708420611647	0.38830156080410344	0.19477733294405136	0.22967382339638703	0.5	181	1059964	0.23397021030902937	171.5	24.462899999999998	0.1617979478548328	3.127184430300578	het_enriched
Cn14	NC_026755.1	334	0.38427197802197804	0.41515398956698224	0.18412557942260627	0.26439393939393935	0.5167795222858844	173	1561994	0.21382924646317464	337.5	20.0151	0.2160699720997648	-0.17486797467911727	baseline
Cn14	NC_026756.1	258	0.3235272910808278	0.3671166078130643	0.18087025660551195	0.2224099099099099	0.4556816033276612	195.5	774062	0.333306634352287	369	25.9455	0.47670600029455	-4.278198531537261	het_depleted
Cn14	NC_026757.1	281	0.38	0.4193751092870753	0.19836438098113135	0.24581005586592178	0.558282208588957	193	756744	0.3713276880953136	208	21.4977	0.2748617762413709	3.395712099433893	het_enriched
Cn14	NC_026758.1	151	0.39705882352941174	0.40978264702175504	0.19497003211726543	0.24337453762232522	0.4954112991496169	184	942867	0.16014984085772438	147	14.0847	0.15590746096745353	0.2839961092533032	baseline
Cn140	NC_026745.1	195	0.3877551020408163	0.4192960095892695	0.17967483240182625	0.25834250091675837	0.5278836609092714	215	2291499	0.08509713510675763	220.5	31.875899999999998	0.09622522200533364	-0.7999774124024734	baseline
Cn140	NC_026746.1	110	0.39	0.45024243899395955	0.20003110702324628	0.2818354212159522	0.6338376041988267	86.5	1621675	0.06783110055960657	113	6.6716999999999995	0.06968103966577767	-0.44966050631773014	baseline
Cn140	NC_026747.1	97	0.37104072398190047	0.39740017315616033	0.17462633082803883	0.24	0.4816326530612245	166	1575141	0.06158178855099321	104	10.3782	0.06602583514745664	-0.6744907594765952	baseline
Cn140	NC_026748.1	347	0.48878923766816146	0.4801483072513169	0.16682309980219054	0.3404255319148936	0.625	224	1084805	0.31987315692682095	360.5	18.5325	0.3323177898331958	-0.7284500202347228	baseline
Cn140	NC_026749.1	294	0.4514931915142306	0.4490719171535467	0.17019346347824635	0.3076315454197987	0.5687744950256256	201	1814975	0.16198570228240058	297	33.3585	0.16363861761181284	-0.08993210126354602	baseline
Cn140	NC_026750.1	270	0.45591827670441926	0.4341798854454804	0.13971849611792586	0.34509682224428995	0.5016233766233766	226	1422463	0.18981161548665942	278	11.8608	0.1954356633529308	-0.6744907594765952	baseline
Cn140	NC_026751.1	343	0.42738589211618255	0.43396523660634495	0.16166032101545322	0.3023716153127918	0.5360074485064985	217	1399503	0.24508700588708993	343	22.238999999999997	0.24508700588708993	0	baseline
Cn140	NC_026752.1	319	0.445859872611465	0.4586697075324318	0.17277659122806954	0.32455532455532454	0.566699604743083	93	1398693	0.2280700625512532	298	14.0847	0.21305604589427415	1.490979573579842	baseline
Cn140	NC_026753.1	295	0.37554585152838427	0.40907431998249433	0.17116291461119643	0.26198637251236034	0.4829759490002898	216	1186808	0.24856590113986424	318	17.7912	0.26794561546602313	-1.292773955663474	baseline
Cn140	NC_026754.1	168	0.37527292576419213	0.42305108954704485	0.19481150238040174	0.2579588674461192	0.5695812807881773	214	1059964	0.1584959489190199	171.5	24.462899999999998	0.1617979478548328	-0.1430737974647323	baseline
Cn140	NC_026755.1	286	0.3939393939393939	0.4252199442980376	0.17990038884829782	0.2822201091132626	0.5155120747399965	191.5	1561994	0.18309929487565255	337.5	20.0151	0.2160699720997648	-2.573057341707011	baseline
Cn140	NC_026756.1	338	0.4043015726179463	0.41314370358817354	0.15652141963675945	0.2781675105227841	0.5111913169921063	224	774062	0.4366575287250892	369	25.9455	0.47670600029455	-1.1948122025013972	baseline
Cn140	NC_026757.1	213	0.36507936507936506	0.4068780920190489	0.1830409135134427	0.24892703862660945	0.5396825396825397	209	756744	0.2814690304779423	208	21.4977	0.2748617762413709	0.23258302050917076	baseline
Cn140	NC_026758.1	128	0.376604914796907	0.40299016758689166	0.1587884366897171	0.2807856069460678	0.4820379146919431	214.5	942867	0.135756156488667	147	14.0847	0.15590746096745353	-1.3489815189531904	baseline
Cn141	NC_026745.1	202	0.36734924881662895	0.4094299819044943	0.18195797057513347	0.2643813832204026	0.5241956751054853	218	2291499	0.08815190405930791	220.5	31.875899999999998	0.09622522200533364	-0.5803757697821866	baseline
Cn141	NC_026746.1	115	0.4	0.4504037267733514	0.21992445706160918	0.237468671679198	0.6734832331847258	90	1621675	0.07091433240322506	113	6.6716999999999995	0.06968103966577767	0.2997736708784868	baseline
Cn141	NC_026747.1	93	0.37327188940092165	0.42013445647724024	0.182641798969921	0.2661290322580645	0.545	198	1575141	0.059042333353014106	104	10.3782	0.06602583514745664	-1.0599140506060782	baseline
Cn141	NC_026748.1	358	0.47373853211009176	0.4705158015553202	0.1700849120861558	0.31009759099701073	0.5867071172019389	222	1084805	0.33001322818386714	360.5	18.5325	0.3323177898331958	-0.13489815189531904	baseline
Cn141	NC_026749.1	320	0.45454545454545453	0.4522796492123623	0.17828029951555277	0.30579704850964345	0.5540674603174603	183	1814975	0.1763109684706401	297	33.3585	0.16363861761181284	0.6894794430205196	baseline
Cn141	NC_026750.1	287	0.4605263157894737	0.4419813317058275	0.15222032155998447	0.32747527701656143	0.5193969121007747	228	1422463	0.20176271720248612	278	11.8608	0.1954356633529308	0.7588021044111696	baseline
Cn141	NC_026751.1	346	0.4137075134168157	0.4404014294433173	0.16364467640079688	0.3128423673625742	0.5312175829875518	216.5	1399503	0.24723062401438226	343	22.238999999999997	0.24508700588708993	0.13489815189531906	baseline
Cn141	NC_026752.1	303	0.43956043956043955	0.4544480921160278	0.16798308210426005	0.3163454410674574	0.5732417905054429	103	1398693	0.21663081176498344	298	14.0847	0.21305604589427415	0.35499513656662907	baseline
Cn141	NC_026753.1	293	0.3832599118942731	0.41767297546550985	0.16760101369226987	0.29333333333333333	0.4826086956521739	220	1186808	0.24688070858976346	318	17.7912	0.26794561546602313	-1.4051890822429065	baseline
Cn141	NC_026754.1	148	0.3619196119196119	0.39838047767723483	0.18653667748492403	0.25	0.4850235713464413	218.5	1059964	0.13962738357151752	171.5	24.462899999999998	0.1617979478548328	-0.9606383544060599	baseline
Cn141	NC_026755.1	313	0.35714285714285715	0.41418713506580856	0.1909115456879542	0.2647058823529412	0.5381165919282511	190	1561994	0.20038489264363374	337.5	20.0151	0.2160699720997648	-1.2240758227538209	baseline
Cn141	NC_026756.1	332	0.3816752048159148	0.39959661392300444	0.16271560843705574	0.25342549923195085	0.515700170231663	224	774062	0.42890621164712905	369	25.9455	0.47670600029455	-1.426066177179087	baseline
Cn141	NC_026757.1	181	0.4	0.4444453513476996	0.1806609653471161	0.29338842975206614	0.5838926174496645	206	756744	0.23918260336388528	208	21.4977	0.2748617762413709	-1.2559483107495222	baseline
Cn141	NC_026758.1	137	0.379746835443038	0.407323205160289	0.1593419415067078	0.2895927601809955	0.48695652173913045	154	942867	0.14530151124177643	147	14.0847	0.15590746096745353	-0.7099902731332581	baseline
Cn142	NC_026745.1	211	0.40425531914893614	0.4231384739145012	0.1800397035764636	0.2719568567026194	0.5396366108171664	217	2291499	0.09207946414115827	220.5	31.875899999999998	0.09622522200533364	-0.29803080069896065	baseline
Cn142	NC_026746.1	110	0.4	0.44685369810050735	0.20067045403809847	0.26367276887871854	0.6256192326372025	92.5	1621675	0.06783110055960657	113	6.6716999999999995	0.06968103966577767	-0.44966050631773014	baseline
Cn142	NC_026747.1	98	0.39343010669553113	0.41317836607629044	0.16318055208478505	0.2773248792270532	0.49947698744769875	201	1575141	0.06221665235048798	104	10.3782	0.06602583514745664	-0.5781349366942244	baseline
Cn142	NC_026748.1	338	0.5189159116197742	0.48564944714382285	0.16418097398868192	0.3483704292527822	0.5959291662081362	227	1084805	0.31157673498923766	360.5	18.5325	0.3323177898331958	-1.2140833670578715	baseline
Cn142	NC_026749.1	314	0.4377582644628099	0.43983718001290856	0.16908514312895262	0.29418130888719124	0.5405089019244623	177	1814975	0.1730051378118156	297	33.3585	0.16363861761181284	0.5096152404934274	baseline
Cn142	NC_026750.1	260	0.4726237623762376	0.4377972300160365	0.14131219454653307	0.3401017576318224	0.5085111046171829	230.5	1422463	0.18278155565382018	278	11.8608	0.1954356633529308	-1.5176042088223392	baseline
Cn142	NC_026751.1	343	0.43333333333333335	0.434105643280074	0.15406265358831447	0.3082234646194927	0.5334733893557423	220	1399503	0.24508700588708993	343	22.238999999999997	0.24508700588708993	0	baseline
Cn142	NC_026752.1	301	0.459915611814346	0.45383175608508586	0.178841644150816	0.3125	0.5857142857142857	125	1398693	0.21520090541669973	298	14.0847	0.21305604589427415	0.21299708193997743	baseline
Cn142	NC_026753.1	273	0.3717948717948718	0.41624050802162227	0.16630636667181053	0.29310344827586204	0.5067567567567568	222	1186808	0.2300287830887557	318	17.7912	0.26794561546602313	-2.529340348037232	baseline
Cn142	NC_026754.1	125	0.423728813559322	0.43301843419853486	0.1801082932401639	0.2711864406779661	0.5234042553191489	214	1059964	0.1179285334218898	171.5	24.462899999999998	0.1617979478548328	-1.9008375948885865	baseline
Cn142	NC_026755.1	311	0.3728813559322034	0.42639304605605144	0.194118707026492	0.274224542548126	0.5741758241758241	189	1561994	0.19910447799415365	337.5	20.0151	0.2160699720997648	-1.3240003797133164	baseline
Cn142	NC_026756.1	337	0.3807531380753138	0.3958583113811802	0.16080714472366103	0.2524271844660194	0.5	224	774062	0.43536564254542914	369	25.9455	0.47670600029455	-1.2333545316143455	baseline
Cn142	NC_026757.1	191	0.38764044943820225	0.42599843077035676	0.17691244349496715	0.27827355577028745	0.5714285714285714	180	756744	0.2523971118370281	208	21.4977	0.2748617762413709	-0.7907822697311806	baseline
Cn142	NC_026758.1	157	0.4	0.42742733688797324	0.1559463471417139	0.30526315789473685	0.5432098765432098	136	942867	0.16651341069313064	147	14.0847	0.15590746096745353	0.7099902731332581	baseline
Cn143	NC_018792.1	1	0.2289156626506024	0.2289156626506024	NA	0.2289156626506024	0.2289156626506024	83	NA	NA	1	0	NA	NA	NA
Cn143	NC_026745.1	195	0.3944954128440367	0.422701852823736	0.18773995034425947	0.2672612411742846	0.5579878048780489	210	2291499	0.08509713510675763	220.5	31.875899999999998	0.09622522200533364	-0.7999774124024734	baseline
Cn143	NC_026746.1	109	0.3689839572192513	0.41147374108376716	0.18295660211121148	0.24553571428571427	0.5321100917431193	77	1621675	0.06721445419088289	113	6.6716999999999995	0.06968103966577767	-0.5995473417569736	baseline
Cn143	NC_026747.1	100	0.36280470952407273	0.4001243143236813	0.1869327459120542	0.23754071984744957	0.4984917043740573	203	1575141	0.06348637994947753	104	10.3782	0.06602583514745664	-0.385423291129483	baseline
Cn143	NC_026748.1	361	0.5	0.47526654404882684	0.15950557764693837	0.3231441048034934	0.5961538461538461	220	1084805	0.33277870216306155	360.5	18.5325	0.3323177898331958	0.02697963037906381	baseline
Cn143	NC_026749.1	332	0.43420546363986146	0.44317026005367294	0.1690637323976156	0.30966709346991034	0.5625	182.5	1814975	0.1829226297882891	297	33.3585	0.16363861761181284	1.0492078480747036	baseline
Cn143	NC_026750.1	268	0.44718651467378123	0.4272144874662761	0.1404347970562375	0.3252551020408163	0.500531914893617	223	1422463	0.18840560352009156	278	11.8608	0.1954356633529308	-0.8431134493457441	baseline
Cn143	NC_026751.1	353	0.4214876033057851	0.43148707982308	0.16725770759605435	0.29411764705882354	0.5357142857142857	217	1399503	0.25223239964473104	343	22.238999999999997	0.24508700588708993	0.4496605063177302	baseline
Cn143	NC_026752.1	304	0.4326341266639774	0.4545492801207555	0.17805490708050348	0.3101922490082393	0.5965317919075145	112	1398693	0.2173457649391253	298	14.0847	0.21305604589427415	0.42599416387995487	baseline
Cn143	NC_026753.1	291	0.38164251207729466	0.41902852273082875	0.18396154088352706	0.2762665198237886	0.5104696251615682	207	1186808	0.2451955160396627	318	17.7912	0.26794561546602313	-1.5176042088223392	baseline
Cn143	NC_026754.1	165	0.3877551020408163	0.41948284639612904	0.18396593843753692	0.26422764227642276	0.5089285714285714	203	1059964	0.15566566411689453	171.5	24.462899999999998	0.1617979478548328	-0.2657084810059315	baseline
Cn143	NC_026755.1	298	0.3914133935512531	0.41530812291374314	0.1834119673637258	0.2571846282372598	0.5138204807762994	201	1561994	0.19078178277253308	337.5	20.0151	0.2160699720997648	-1.9735099999500376	baseline
Cn143	NC_026756.1	354	0.36611648444070644	0.38810231924876226	0.1621470582824252	0.24548611111111113	0.4967808786957723	220	774062	0.45732770759964964	369	25.9455	0.47670600029455	-0.5781349366942244	baseline
Cn143	NC_026757.1	201	0.36475409836065575	0.4135923295112781	0.17243540262169954	0.28	0.5483870967741935	201	756744	0.26561162031017094	208	21.4977	0.2748617762413709	-0.3256162287128391	baseline
Cn143	NC_026758.1	134	0.38193945424059844	0.41124305040040765	0.17119841584800324	0.27890841813135986	0.49605923095294957	204.5	942867	0.1421197263240733	147	14.0847	0.15590746096745353	-0.9229873550732355	baseline
Cn144	NC_026745.1	195	0.392	0.41588263832721134	0.18159768803917045	0.26875	0.5045045045045045	219	2291499	0.08509713510675763	220.5	31.875899999999998	0.09622522200533364	-0.7999774124024734	baseline
Cn144	NC_026746.1	112	0.4037037037037037	0.4244963190412375	0.19190432470289337	0.24544986263736263	0.5476871320437342	79	1621675	0.06906439329705398	113	6.6716999999999995	0.06968103966577767	-0.1498868354392434	baseline
Cn144	NC_026747.1	93	0.4090909090909091	0.41551970402679106	0.16236830273444028	0.3137254901960784	0.5	196	1575141	0.059042333353014106	104	10.3782	0.06602583514745664	-1.0599140506060782	baseline
Cn144	NC_026748.1	363	0.5045454545454545	0.4712413327457219	0.16810724373627495	0.3201406721000335	0.5961999284692417	222	1084805	0.3346223514825245	360.5	18.5325	0.3323177898331958	0.13489815189531904	baseline
Cn144	NC_026749.1	316	0.42857142857142855	0.4402413282717471	0.1761596171331803	0.30102739726027394	0.5395854123991106	198.5	1814975	0.1741070813647571	297	33.3585	0.16363861761181284	0.5695699746691248	baseline
Cn144	NC_026750.1	269	0.451063829787234	0.42502943273555244	0.1428655099558417	0.32786885245901637	0.4957627118644068	226	1422463	0.1891086095033755	278	11.8608	0.1954356633529308	-0.7588021044111696	baseline
Cn144	NC_026751.1	342	0.3951678951678952	0.4207813871266555	0.15864187784814096	0.28987036478745853	0.5271485676215856	217	1399503	0.24437246651132583	343	22.238999999999997	0.24508700588708993	-0.044966050631773016	baseline
Cn144	NC_026752.1	303	0.4444444444444444	0.45852317593631736	0.18301924684268348	0.30345596432552957	0.5944614339109752	101	1398693	0.21663081176498344	298	14.0847	0.21305604589427415	0.35499513656662907	baseline
Cn144	NC_026753.1	315	0.391304347826087	0.4158998800574484	0.1634041342786084	0.29168156003018386	0.5087417926400977	218	1186808	0.265417826640872	318	17.7912	0.26794561546602313	-0.1686226898691488	baseline
Cn144	NC_026754.1	165	0.3755656108597285	0.4117859607141732	0.18374536521807716	0.2579185520361991	0.5133928571428571	218	1059964	0.15566566411689453	171.5	24.462899999999998	0.1617979478548328	-0.2657084810059315	baseline
Cn144	NC_026755.1	317	0.37280701754385964	0.4291226492644166	0.19422320170089266	0.2692307692307692	0.5490196078431373	186	1561994	0.2029457219425939	337.5	20.0151	0.2160699720997648	-1.0242267088348296	baseline
Cn144	NC_026756.1	333	0.3891402714932127	0.40106386491556895	0.15159768106309235	0.28125	0.5108225108225108	221	774062	0.4301980978267891	369	25.9455	0.47670600029455	-1.3875238480661387	baseline
Cn144	NC_026757.1	192	0.3941029900332226	0.4248394031700375	0.1689404274138939	0.27790469172193566	0.527807486631016	212.5	756744	0.2537185626843424	208	21.4977	0.2748617762413709	-0.7442656656293465	baseline
Cn144	NC_026758.1	143	0.40425531914893614	0.4244650016786179	0.16551255800210699	0.2867965367965368	0.5334828101644244	212	942867	0.15166508107718268	147	14.0847	0.15590746096745353	-0.2839961092533032	baseline
Cn145	NC_026745.1	219	0.36231884057971014	0.4216935601829645	0.19066621623229546	0.2616863259065094	0.5827841684538897	213	2291499	0.09557062865835858	220.5	31.875899999999998	0.09622522200533364	-0.04705749484720432	baseline
Cn145	NC_026746.1	117	0.38144329896907214	0.43416804237495404	0.20069272897952858	0.27586206896551724	0.5365853658536586	95	1621675	0.07214762514067245	113	6.6716999999999995	0.06968103966577767	0.5995473417569736	baseline
Cn145	NC_026747.1	99	0.4265402843601896	0.43486690813184875	0.15446816210394196	0.32017316017316017	0.5088904694167853	203	1575141	0.06285151614998276	104	10.3782	0.06602583514745664	-0.4817791139118537	baseline
Cn145	NC_026748.1	378	0.49890829694323147	0.4829647519487602	0.16237213705803466	0.3517116182572614	0.6149529106113502	219	1084805	0.34844972137849656	360.5	18.5325	0.3323177898331958	0.9442870632672333	baseline
Cn145	NC_026749.1	276	0.4208695652173913	0.4405051601781748	0.1860727274537362	0.28203159280386136	0.5687536110089816	204	1814975	0.1520682103059271	297	33.3585	0.16363861761181284	-0.6295247088448221	baseline
Cn145	NC_026750.1	260	0.44568124606670867	0.44079206424544704	0.13377329913157243	0.37309276777540434	0.48896103896103893	225	1422463	0.18278155565382018	278	11.8608	0.1954356633529308	-1.5176042088223392	baseline
Cn145	NC_026751.1	345	0.44776119402985076	0.457735430068747	0.16049083682149287	0.3273542600896861	0.5492957746478874	216	1399503	0.24651608463861815	343	22.238999999999997	0.24508700588708993	0.08993210126354603	baseline
Cn145	NC_026752.1	307	0.44298245614035087	0.46087292554699993	0.18577344178373376	0.30805049212164015	0.6056618819776715	110	1398693	0.2194906244615509	298	14.0847	0.21305604589427415	0.6389912458199323	baseline
Cn145	NC_026753.1	312	0.4017543859649123	0.42933592394819575	0.17931726356952304	0.28381232862800854	0.54	215	1186808	0.26289003781572085	318	17.7912	0.26794561546602313	-0.3372453797382976	baseline
Cn145	NC_026754.1	145	0.3508771929824561	0.38577251841494353	0.18797407053350068	0.2217391304347826	0.502092050209205	216	1059964	0.13679709876939217	171.5	24.462899999999998	0.1617979478548328	-1.083273037947259	baseline
Cn145	NC_026755.1	350	0.36572252819302387	0.41640447071228953	0.18575482587777714	0.26255543237250556	0.5260622529644269	176	1561994	0.22407256365901534	337.5	20.0151	0.2160699720997648	0.6245284809968473	baseline
Cn145	NC_026756.1	344	0.4018497949419002	0.39988393155430946	0.1520118536757876	0.25882780814671136	0.5087719298245614	217	774062	0.44440884580304935	369	25.9455	0.47670600029455	-0.9635582278237074	baseline
Cn145	NC_026757.1	206	0.3636497208345577	0.4323761315308664	0.1988771953101298	0.26309218950064023	0.5995633187772925	222	756744	0.2722188745467424	208	21.4977	0.2748617762413709	-0.09303320820366831	baseline
Cn145	NC_026758.1	112	0.3935707678075856	0.43097077747671586	0.17807751546770867	0.2848895224518888	0.5379429892141756	208.5	942867	0.11878663692758364	147	14.0847	0.15590746096745353	-2.4849659559664032	baseline
Cn146	NC_026745.1	217	0.39111111111111113	0.4202145999985414	0.177239495252053	0.27848101265822783	0.5	218	2291499	0.0946978375290585	220.5	31.875899999999998	0.09622522200533364	-0.1098008213101434	baseline
Cn146	NC_026746.1	106	0.36016633565044687	0.4299264126521125	0.19420989916849254	0.2653396723565128	0.5586136595310907	122	1621675	0.06536451508471179	113	6.6716999999999995	0.06968103966577767	-1.0492078480747036	baseline
Cn146	NC_026747.1	96	0.43705985915492956	0.44268075064487566	0.16277470795948443	0.309598447529482	0.5430124223602484	188	1575141	0.06094692475149843	104	10.3782	0.06602583514745664	-0.770846582258966	baseline
Cn146	NC_026748.1	359	0.47577092511013214	0.4710774204297964	0.1603853942400302	0.34989711934156376	0.5970384485245668	220	1084805	0.3309350528435986	360.5	18.5325	0.3323177898331958	-0.08093889113719142	baseline
Cn146	NC_026749.1	355	0.4375	0.43484388620925357	0.17273136419658655	0.27551457975986277	0.5456521739130434	200	1814975	0.19559498064711636	297	33.3585	0.16363861761181284	1.7386872910952231	baseline
Cn146	NC_026750.1	263	0.47161572052401746	0.44738441486055913	0.13153336394262122	0.36228661868334777	0.509026005754927	228	1422463	0.18489057360367195	278	11.8608	0.1954356633529308	-1.264670174018616	baseline
Cn146	NC_026751.1	374	0.40632134703196343	0.42611979403321476	0.16730861633080804	0.2857142857142857	0.5356477166821993	211	1399503	0.2672377265357774	343	22.238999999999997	0.24508700588708993	1.3939475695849635	baseline
Cn146	NC_026752.1	332	0.43120351588911426	0.4491319789011848	0.19119293099649742	0.27140174332081357	0.5848214285714286	113	1398693	0.23736445381509738	298	14.0847	0.21305604589427415	2.4139669286530774	baseline
Cn146	NC_026753.1	296	0.372526456587592	0.4208927681715875	0.18091749899177592	0.28542490118577074	0.5264162314182402	218	1186808	0.24940849741491464	318	17.7912	0.26794561546602313	-1.2365663923737578	baseline
Cn146	NC_026754.1	180	0.3303834808259587	0.39513532858627676	0.20378128420144956	0.2344185797039262	0.5210129310344828	215.5	1059964	0.16981708812752133	171.5	24.462899999999998	0.1617979478548328	0.34746493670006423	baseline
Cn146	NC_026755.1	301	0.3782608695652174	0.42965625889228487	0.1800244759353489	0.30434782608695654	0.5263157894736842	190	1561994	0.1927024047467532	337.5	20.0151	0.2160699720997648	-1.8236231645107943	baseline
Cn146	NC_026756.1	312	0.34541160593792175	0.3822783122090332	0.16190323471112997	0.2612048665620095	0.473907225691347	214	774062	0.4030684880539285	369	25.9455	0.47670600029455	-2.196912759438053	baseline
Cn146	NC_026757.1	148	0.39633975047508885	0.43491348402399566	0.17203415298685462	0.31255692743649427	0.5629740289588601	225.5	756744	0.19557472540251392	208	21.4977	0.2748617762413709	-2.790996246110049	baseline
Cn146	NC_026758.1	137	0.375	0.40824556045811994	0.16429432874777844	0.30434782608695654	0.5	209	942867	0.14530151124177643	147	14.0847	0.15590746096745353	-0.7099902731332581	baseline
Cn147	NC_026745.1	268	0.4245742544805533	0.4248499503108998	0.15437273125680753	0.29967532467532465	0.5108461407588045	222.5	2291499	0.1169540113262105	220.5	31.875899999999998	0.09622522200533364	1.4901540034948033	baseline
Cn147	NC_026746.1	159	0.3173076923076923	0.3996453929006775	0.18609142235840978	0.26126126126126126	0.5451842275371688	207	1621675	0.0980467726270677	113	6.6716999999999995	0.06968103966577767	6.894794430205196	het_enriched
Cn147	NC_026747.1	124	0.39501586241442643	0.4226853561820328	0.16197911396528614	0.30237838928883803	0.5461876832844574	185.5	1575141	0.07872311113735214	104	10.3782	0.06602583514745664	1.9271164556474147	baseline
Cn147	NC_026748.1	284	0.5070381363554596	0.48985616720025893	0.16631751352430746	0.3654768570362076	0.6060941271118263	223	1084805	0.26179820336373816	360.5	18.5325	0.3323177898331958	-4.127883447996763	het_depleted
Cn147	NC_026749.1	199	0.4080717488789238	0.4335146598294221	0.16223742322534776	0.31762749445676275	0.4977284407441669	219	1814975	0.10964338351767931	297	33.3585	0.16363861761181284	-2.93778197460917	baseline
Cn147	NC_026750.1	413	0.43555555555555553	0.42486437138356303	0.14800914053159311	0.3076923076923077	0.5087719298245614	223	1422463	0.2903414710962605	278	11.8608	0.1954356633529308	11.382031566167544	het_enriched
Cn147	NC_026751.1	251	0.35398230088495575	0.41356761862744956	0.1783693133012285	0.27896995708154504	0.5150315867707171	222	1399503	0.17934938331679176	343	22.238999999999997	0.24508700588708993	-4.136876658123118	het_depleted
Cn147	NC_026752.1	377	0.41013824884792627	0.43951053639153	0.1855591648200492	0.2923076923076923	0.5662100456621004	190	1398693	0.26953734665148105	298	14.0847	0.21305604589427415	5.608923157752739	het_enriched
Cn147	NC_026753.1	279	0.3620689655172414	0.41440221682913864	0.16536579288818223	0.29646017699115046	0.4954954954954955	222	1186808	0.23508436073905806	318	17.7912	0.26794561546602313	-2.1920949682989344	baseline
Cn147	NC_026754.1	223	0.3938053097345133	0.44391939688384874	0.19583392899349708	0.280649613749193	0.6075728546939598	222	1059964	0.21038450362465141	171.5	24.462899999999998	0.1617979478548328	2.1052287341239184	baseline
Cn147	NC_026755.1	370	0.38726566458368517	0.4239035786426322	0.17997936634255432	0.28025126156433977	0.53213267685929	130.5	1561994	0.23687671015381623	337.5	20.0151	0.2160699720997648	1.6237740505918032	baseline
Cn147	NC_026756.1	202	0.34690882406897816	0.411177157756663	0.19923731119476515	0.23371555633065924	0.5793918918918919	229	774062	0.2609610082913255	369	25.9455	0.47670600029455	-6.436568961862365	het_depleted
Cn147	NC_026757.1	263	0.47058823529411764	0.4681482555382851	0.19282216861593085	0.3035312640575798	0.6071072940004978	210	756744	0.3475415728436565	208	21.4977	0.2748617762413709	2.5584132256008782	baseline
Cn147	NC_026758.1	144	0.35256148586590463	0.4148467437276127	0.16949794373649046	0.2798717996152138	0.516998659260678	224	942867	0.1527256760497504	147	14.0847	0.15590746096745353	-0.21299708193997743	baseline
Cn14701	NC_026745.1	264	0.44779602420051856	0.43365462129671356	0.14920927955374172	0.3070495245872951	0.5288287121015807	223	2291499	0.11520842906761034	220.5	31.875899999999998	0.09622522200533364	1.3646673505689253	baseline
Cn14701	NC_026746.1	152	0.32076755579749594	0.41076740367259135	0.20402644776600096	0.24972222222222223	0.6020270270270269	204	1621675	0.09373024804600182	113	6.6716999999999995	0.06968103966577767	5.845586582130492	het_enriched
Cn14701	NC_026747.1	118	0.3853000447828034	0.408518029344554	0.15869720376915675	0.2707134637514384	0.5162415603900975	191.5	1575141	0.07491392834038349	104	10.3782	0.06602583514745664	1.3489815189531904	baseline
Cn14701	NC_026748.1	281	0.5299145299145299	0.49813421078495	0.1566495978427799	0.3640552995391705	0.6054054054054054	227	1084805	0.25903272938454375	360.5	18.5325	0.3323177898331958	-4.289761230271146	het_depleted
Cn14701	NC_026749.1	196	0.36442687747035574	0.41878308332318054	0.179985222481151	0.28426345098353434	0.5026641207492271	217	1814975	0.10799046818826706	297	33.3585	0.16363861761181284	-3.027714075872716	het_depleted
Cn14701	NC_026750.1	409	0.44398340248962653	0.4401607923583677	0.15194468119390708	0.32905982905982906	0.5109170305676856	222	1422463	0.2875294471631248	278	11.8608	0.1954356633529308	11.044786186429247	het_enriched
Cn14701	NC_026751.1	244	0.3744369369369369	0.4030597216736836	0.16723421477087663	0.2624858597285068	0.48352053551168594	222	1399503	0.17434760768644297	343	22.238999999999997	0.24508700588708993	-4.451639012545528	het_depleted
Cn14701	NC_026752.1	405	0.3958333333333333	0.4356620009916772	0.18323654389020405	0.28484848484848485	0.5648148148148148	163	1398693	0.2895560355274531	298	14.0847	0.21305604589427415	7.596895922525862	het_enriched
Cn14701	NC_026753.1	292	0.3891347099311701	0.419739261165709	0.17379662927754008	0.2988917606516291	0.4689538043478261	221	1186808	0.2460381123147131	318	17.7912	0.26794561546602313	-1.4613966455326228	baseline
Cn14701	NC_026754.1	237	0.3497536945812808	0.4147220002335211	0.19067865719458563	0.2602739726027397	0.5738396624472574	219	1059964	0.22359249936790307	171.5	24.462899999999998	0.1617979478548328	2.677523923982848	baseline
Cn14701	NC_026755.1	343	0.3724137931034483	0.42278151807487324	0.17723825877409946	0.2725022502250225	0.5415468660149512	160	1561994	0.21959111238583504	337.5	20.0151	0.2160699720997648	0.27479253163861284	baseline
Cn14701	NC_026756.1	203	0.3242009132420091	0.3933914042810745	0.19343482928459493	0.22833083029392834	0.5193648816936488	229	774062	0.26225289447098554	369	25.9455	0.47670600029455	-6.398026632749417	het_depleted
Cn14701	NC_026757.1	260	0.4756764069264069	0.469145604370809	0.17973700021524613	0.3101882039122703	0.6160589758916118	182	756744	0.34357722030171367	208	21.4977	0.2748617762413709	2.418863413295376	baseline
Cn14701	NC_026758.1	158	0.34759358288770054	0.40152636103880285	0.16668555312541555	0.27519025875190256	0.48509896536212327	222	942867	0.16757400566569836	147	14.0847	0.15590746096745353	0.7809893004465839	baseline
Cn14702	NC_026745.1	302	0.4330438436755848	0.41395536607507977	0.1680722060049074	0.2503342245989305	0.5286760124610591	205	2291499	0.13179146052431182	220.5	31.875899999999998	0.09622522200533364	2.556790553364768	baseline
Cn14702	NC_026746.1	181	0.33175355450236965	0.39038846507625563	0.18453283942328666	0.25	0.5269709543568465	178	1621675	0.11161299273898902	113	6.6716999999999995	0.06968103966577767	10.19230480986855	het_enriched
Cn14702	NC_026747.1	123	0.4	0.41643295544341286	0.14242185492875953	0.31564874753729244	0.513324683102106	177	1575141	0.07808824733785737	104	10.3782	0.06602583514745664	1.830760632865044	baseline
Cn14702	NC_026748.1	292	0.47566429886871875	0.4741672385196965	0.16374025556938615	0.3453692002166456	0.5915735395371008	208	1084805	0.26917280064158994	360.5	18.5325	0.3323177898331958	-3.6962093619317415	het_depleted
Cn14702	NC_026749.1	190	0.4050282840980516	0.4225263124037675	0.16090029537643696	0.30170307293594967	0.49070325739032195	214.5	1814975	0.10468463752944256	297	33.3585	0.16363861761181284	-3.2075782783998084	het_depleted
Cn14702	NC_026750.1	404	0.46551724137931033	0.4514188384989074	0.1477335211434536	0.3415309076460237	0.5301086956521739	214	1422463	0.2840144172467052	278	11.8608	0.1954356633529308	10.623229461756374	het_enriched
Cn14702	NC_026751.1	258	0.3560185185185185	0.3958729492347719	0.16802895517289984	0.2677118644067797	0.4830453363062059	210	1399503	0.18435115894714052	343	22.238999999999997	0.24508700588708993	-3.8221143037007064	het_depleted
Cn14702	NC_026752.1	419	0.4	0.42344881864013645	0.1802005048611756	0.27429318127821334	0.5180645161290323	179	1398693	0.2995653799654392	298	14.0847	0.21305604589427415	8.590882304912423	het_enriched
Cn14702	NC_026753.1	295	0.3933649289099526	0.4145344243750594	0.16419144371318678	0.30916530278232407	0.47702830685046826	211	1186808	0.24856590113986424	318	17.7912	0.26794561546602313	-1.292773955663474	baseline
Cn14702	NC_026754.1	246	0.3728813559322034	0.42315924220629497	0.2027719681677113	0.25152762036170107	0.607383808095952	209	1059964	0.23208335377427913	171.5	24.462899999999998	0.1617979478548328	3.045427974606445	het_enriched
Cn14702	NC_026755.1	345	0.39908256880733944	0.42641291253000024	0.18136521147490892	0.2857142857142857	0.5	156	1561994	0.22087152703531512	337.5	20.0151	0.2160699720997648	0.3747170885981084	baseline
Cn14702	NC_026756.1	200	0.34123908296943234	0.39669785205942565	0.19422447038017254	0.22779664505505814	0.5224874703244526	227	774062	0.25837723593200546	369	25.9455	0.47670600029455	-6.513653620088262	het_depleted
Cn14702	NC_026757.1	261	0.40853658536585363	0.45090433941087055	0.1823021744763351	0.3133047210300429	0.5862068965517241	197	756744	0.34489867114902795	208	21.4977	0.2748617762413709	2.46538001739721	baseline
Cn14702	NC_026758.1	143	0.36666666666666664	0.40775486545084744	0.16560219118695182	0.2807923640167364	0.48878923766816146	214	942867	0.15166508107718268	147	14.0847	0.15590746096745353	-0.2839961092533032	baseline
Cn14703	NC_026745.1	283	0.4009433962264151	0.4051918091690327	0.15753051818827857	0.25762322472848787	0.5332631713228728	216	2291499	0.12349994479596109	220.5	31.875899999999998	0.09622522200533364	1.9607289519668465	baseline
Cn14703	NC_026746.1	171	0.34183673469387754	0.3893184293472731	0.1706746069242258	0.25910702772404903	0.49615384615384617	195	1621675	0.10544652905175204	113	6.6716999999999995	0.06968103966577767	8.693436455476116	het_enriched
Cn14703	NC_026747.1	124	0.4126127503439841	0.4237828438947812	0.16601014328301764	0.28258468335787923	0.5346317783566186	182	1575141	0.07872311113735214	104	10.3782	0.06602583514745664	1.9271164556474147	baseline
Cn14703	NC_026748.1	280	0.5112433195522839	0.48765331662732214	0.16395447965773136	0.35712139757427397	0.6057452761488635	218	1084805	0.2581109047248123	360.5	18.5325	0.3323177898331958	-4.3437204910292735	het_depleted
Cn14703	NC_026749.1	186	0.3809407796101949	0.4098819814164337	0.1700385599103977	0.27923172157644954	0.48149310557727926	209	1814975	0.10248075042355956	297	33.3585	0.16363861761181284	-3.3274877467512027	het_depleted
Cn14703	NC_026750.1	396	0.4459631008801625	0.4353727550463331	0.14314997361150425	0.33614438153310106	0.5028542367252045	217	1422463	0.2783903693804338	278	11.8608	0.1954356633529308	9.94873870227978	het_enriched
Cn14703	NC_026751.1	248	0.3766823161189358	0.4108189029325249	0.1710853724552605	0.27238465052535404	0.5166314137554585	213	1399503	0.17720576518949943	343	22.238999999999997	0.24508700588708993	-4.271774810018437	het_depleted
Cn14703	NC_026752.1	426	0.411900871459695	0.4231356086003013	0.17349432537230539	0.27347435141509435	0.5217391304347826	191.5	1398693	0.30457005218443217	298	14.0847	0.21305604589427415	9.087875496105703	het_enriched
Cn14703	NC_026753.1	299	0.38197424892703863	0.4122929573576586	0.16343928585002954	0.29397761055369753	0.469375	210	1186808	0.2519362862400658	318	17.7912	0.26794561546602313	-1.067943702504609	baseline
Cn14703	NC_026754.1	271	0.3244444444444444	0.3953803112123767	0.19628228714525586	0.22689603214465093	0.5098086124401914	208	1059964	0.2556690604586571	171.5	24.462899999999998	0.1617979478548328	4.067383670783105	het_enriched
Cn14703	NC_026755.1	359	0.3755274261603376	0.4252176419973717	0.17353124993106891	0.30044247787610623	0.5223374551256481	135	1561994	0.22983442958167574	337.5	20.0151	0.2160699720997648	1.0741889873145776	baseline
Cn14703	NC_026756.1	299	0.34554973821989526	0.39061701028567203	0.17045978376512674	0.23889734366353071	0.5139901093180634	212	774062	0.38627396771834815	369	25.9455	0.47670600029455	-2.697963037906381	baseline
Cn14703	NC_026757.1	266	0.4638782402336619	0.47284223876195575	0.19714326082114222	0.2989583333333333	0.6306111696522655	190	756744	0.3515059253855993	208	21.4977	0.2748617762413709	2.697963037906381	baseline
Cn14703	NC_026758.1	149	0.375	0.40082098146173784	0.16220331313873992	0.2775330396475771	0.47413793103448276	212	942867	0.15802865091258894	147	14.0847	0.15590746096745353	0.1419980546266516	baseline
Cn148	NC_018792.1	1	0.40350877192982454	0.40350877192982454	NA	0.40350877192982454	0.40350877192982454	57	NA	NA	1	0	NA	NA	NA
Cn148	NC_026745.1	222	0.3906988436400201	0.42325958372174355	0.17807169928312983	0.2743392463837133	0.5450111587552345	208.5	2291499	0.09687981535230869	220.5	31.875899999999998	0.09622522200533364	0.04705749484720432	baseline
Cn148	NC_026746.1	110	0.34549071618037136	0.4288591680989027	0.18751635798758154	0.29409709563738	0.5989637305699481	79.5	1621675	0.06783110055960657	113	6.6716999999999995	0.06968103966577767	-0.44966050631773014	baseline
Cn148	NC_026747.1	99	0.3875598086124402	0.4157066378884289	0.16382705999361918	0.29133858267716534	0.5405844155844155	202	1575141	0.06285151614998276	104	10.3782	0.06602583514745664	-0.4817791139118537	baseline
Cn148	NC_026748.1	383	0.49122807017543857	0.47043844714725447	0.16915858458374305	0.31276095780008933	0.6012820512820513	215	1084805	0.3530588446771539	360.5	18.5325	0.3323177898331958	1.2140833670578715	baseline
Cn148	NC_026749.1	255	0.4642857142857143	0.4461880772534998	0.18240040925294307	0.2896280991735537	0.5719461697722568	137	1814975	0.14049780300004133	297	33.3585	0.16363861761181284	-1.2590494176896443	baseline
Cn148	NC_026750.1	259	0.45701357466063347	0.43414964284796254	0.13668104885417257	0.3419474679006713	0.4978066378066378	222	1422463	0.18207854967053624	278	11.8608	0.1954356633529308	-1.6019155537569136	baseline
Cn148	NC_026751.1	345	0.4230769230769231	0.4292144504480656	0.15497697833731075	0.2956521739130435	0.5384615384615384	209	1399503	0.24651608463861815	343	22.238999999999997	0.24508700588708993	0.08993210126354603	baseline
Cn148	NC_026752.1	311	0.4367816091954023	0.4584098065012051	0.18118343058118355	0.3076923076923077	0.587799043062201	108	1398693	0.22235043715811834	298	14.0847	0.21305604589427415	0.9229873550732355	baseline
Cn148	NC_026753.1	317	0.3926940639269406	0.4169056898904352	0.17173999769509554	0.2849162011173184	0.5045045045045045	210	1186808	0.26710301919097273	318	17.7912	0.26794561546602313	-0.05620756328971627	baseline
Cn148	NC_026754.1	166	0.38602626320296884	0.40604726485315334	0.17127641081364955	0.2589324618736384	0.5022787713920299	210	1059964	0.15660909238426965	171.5	24.462899999999998	0.1617979478548328	-0.22483025315886507	baseline
Cn148	NC_026755.1	321	0.3778801843317972	0.42241254828716746	0.18182181740702197	0.2753623188405797	0.5517241379310345	186	1561994	0.20550655124155406	337.5	20.0151	0.2160699720997648	-0.8243775949158385	baseline
Cn148	NC_026756.1	350	0.40134220903729967	0.41203235594396576	0.16984917232627933	0.256	0.5338957426221578	212.5	774062	0.4521601628810095	369	25.9455	0.47670600029455	-0.7323042531460177	baseline
Cn148	NC_026757.1	212	0.3888888888888889	0.4257999569378673	0.19200577738381763	0.2544952478808117	0.570347704299111	190	756744	0.28014757963062803	208	21.4977	0.2748617762413709	0.18606641640733662	baseline
Cn148	NC_026758.1	117	0.35714285714285715	0.4136732965989637	0.16714699193995686	0.2926829268292683	0.5067873303167421	212	942867	0.1240896117904222	147	14.0847	0.15590746096745353	-2.1299708193997744	baseline
Cn149	NC_026745.1	213	0.40804597701149425	0.43617988059092444	0.1914982675923115	0.26973684210526316	0.5869565217391305	212	2291499	0.09295225527045835	220.5	31.875899999999998	0.09622522200533364	-0.2352874742360216	baseline
Cn149	NC_026746.1	104	0.3531172948221205	0.4479029330260465	0.21438247907810723	0.2677659441953164	0.6861538461538461	82.5	1621675	0.0641312223472644	113	6.6716999999999995	0.06968103966577767	-1.3489815189531904	baseline
Cn149	NC_026747.1	85	0.3888888888888889	0.41915356136856186	0.16661810888969877	0.28378378378378377	0.5061224489795918	195	1575141	0.053963422957055904	104	10.3782	0.06602583514745664	-1.830760632865044	baseline
Cn149	NC_026748.1	303	0.5363636363636364	0.48883794743925707	0.17756380177136416	0.33119658119658124	0.5987551867219917	216	1084805	0.27931287189863613	360.5	18.5325	0.3323177898331958	-3.102657493592338	het_depleted
Cn149	NC_026749.1	330	0.4573357594330588	0.4508270286187799	0.17589705554704585	0.3095904951913239	0.554548853439681	193.5	1814975	0.1818206862353476	297	33.3585	0.16363861761181284	0.9892531138990063	baseline
Cn149	NC_026750.1	265	0.4369369369369369	0.41742509738700606	0.14947970485137888	0.3130434782608696	0.4827586206896552	226	1422463	0.1862965855702398	278	11.8608	0.1954356633529308	-1.0960474841494672	baseline
Cn149	NC_026751.1	349	0.4232558139534884	0.43402870539636335	0.15860190931324222	0.3157894736842105	0.525	212	1399503	0.24937424214167458	343	22.238999999999997	0.24508700588708993	0.2697963037906381	baseline
Cn149	NC_026752.1	306	0.4642857142857143	0.46576156762727466	0.16510150364826248	0.33402534965034963	0.5813953488372093	99.5	1398693	0.21877567128740905	298	14.0847	0.21305604589427415	0.5679922185066064	baseline
Cn149	NC_026753.1	308	0.3920807453416149	0.42341183903903007	0.18439370754034298	0.27661014534055284	0.5222461866856406	211	1186808	0.2595196527155193	318	17.7912	0.26794561546602313	-0.5620756328971627	baseline
Cn149	NC_026754.1	154	0.37605868118572294	0.41053183793350345	0.18984158709154272	0.2537669769429426	0.5075524737631184	216	1059964	0.14528795317576823	171.5	24.462899999999998	0.1617979478548328	-0.7153689873236616	baseline
Cn149	NC_026755.1	304	0.34946808510638294	0.4168047268280724	0.19371133851217995	0.2609619374401532	0.5550738599871547	192.5	1561994	0.19462302672097334	337.5	20.0151	0.2160699720997648	-1.673736329071551	baseline
Cn149	NC_026756.1	344	0.34792346690742415	0.3955582610329529	0.16032175483632705	0.26571743482466204	0.5010964912280702	221	774062	0.44440884580304935	369	25.9455	0.47670600029455	-0.9635582278237074	baseline
Cn149	NC_026757.1	181	0.391304347826087	0.42587945195985244	0.1764516588482035	0.2857142857142857	0.5327868852459017	223	756744	0.23918260336388528	208	21.4977	0.2748617762413709	-1.2559483107495222	baseline
Cn149	NC_026758.1	137	0.39285714285714285	0.4173157683133326	0.15041803164435738	0.29411764705882354	0.5129310344827587	202	942867	0.14530151124177643	147	14.0847	0.15590746096745353	-0.7099902731332581	baseline
Cn15	NC_018792.1	1	0.7272727272727273	0.7272727272727273	NA	0.7272727272727273	0.7272727272727273	44	NA	NA	1	0	NA	NA	NA
Cn15	NC_026745.1	286	0.3497059609730019	0.3922088164556492	0.176768164407398	0.25477756892230574	0.5206146926536731	169	2291499	0.1248091314899112	220.5	31.875899999999998	0.09622522200533364	2.054843941661255	baseline
Cn15	NC_026746.1	126	0.35683866846475976	0.4342937038107924	0.18726629838807549	0.28199013157894737	0.5882352941176471	73	1621675	0.07769744245918572	113	6.6716999999999995	0.06968103966577767	1.948528860710164	baseline
Cn15	NC_026747.1	118	0.4034263608731694	0.4178555745533897	0.1767526363642509	0.26953285632042107	0.5604378022186404	154	1575141	0.07491392834038349	104	10.3782	0.06602583514745664	1.3489815189531904	baseline
Cn15	NC_026748.1	401	0.46153846153846156	0.4490327096658945	0.16795588134064485	0.3023255813953488	0.5953488372093023	187	1084805	0.36965168855232045	360.5	18.5325	0.3323177898331958	2.1853500607041685	baseline
Cn15	NC_026749.1	336	0.38499061913696064	0.40823455415110393	0.1573105035249356	0.2838513143483023	0.48376372079932456	166	1814975	0.18512651689417212	297	33.3585	0.16363861761181284	1.1691173164260984	baseline
Cn15	NC_026750.1	310	0.44313606406190253	0.4184880795462208	0.14951604657539652	0.3030357142857143	0.5041722536155541	194	1422463	0.21793185481801636	278	11.8608	0.1954356633529308	2.697963037906381	baseline
Cn15	NC_026751.1	356	0.3994949494949495	0.4202401210843715	0.16218103456685204	0.2829958582604694	0.520448500073888	182.5	1399503	0.25437601777202334	343	22.238999999999997	0.24508700588708993	0.5845586582130492	baseline
Cn15	NC_026752.1	329	0.4	0.42705102431577896	0.18393020478728914	0.27380952380952384	0.5573770491803278	91	1398693	0.2352195942926718	298	14.0847	0.21305604589427415	2.2009698467131003	baseline
Cn15	NC_026753.1	335	0.3333333333333333	0.3908812835852126	0.19199913108678732	0.22353308581144382	0.5188832487309645	159	1186808	0.2822697521418797	318	17.7912	0.26794561546602313	0.9555285759251765	baseline
Cn15	NC_026754.1	215	0.3641025641025641	0.38958050010851675	0.17434238419566764	0.2596055064721594	0.46192500966370315	173	1059964	0.20283707748565047	171.5	24.462899999999998	0.1617979478548328	1.7782029113473874	baseline
Cn15	NC_026755.1	368	0.36363636363636365	0.40499646482952434	0.18750482496013174	0.25383167978104687	0.5202816901408451	163	1561994	0.23559629550433614	337.5	20.0151	0.2160699720997648	1.5238494936323075	baseline
Cn15	NC_026756.1	401	0.3684210526315789	0.39366285854712485	0.1665786233258904	0.2524752475247525	0.49029126213592233	183	774062	0.5180463580436709	369	25.9455	0.47670600029455	1.2333545316143455	baseline
Cn15	NC_026757.1	254	0.351141670991178	0.4248511532814006	0.21746256708734021	0.22487300435413643	0.5947249190938511	176	756744	0.33564851521782796	208	21.4977	0.2748617762413709	2.139763788684371	baseline
Cn15	NC_026758.1	150	0.352650842945874	0.38338736950601315	0.17577302562597202	0.2439516129032258	0.4731222385861561	183	942867	0.15908924588515666	147	14.0847	0.15590746096745353	0.21299708193997743	baseline
Cn150	NC_026745.1	449	0.3333333333333333	0.39724107418283267	0.18508148926935142	0.2545454545454545	0.5185185185185185	225	2291499	0.19594160852786757	220.5	31.875899999999998	0.09622522200533364	7.168425048390791	het_enriched
Cn150	NC_026746.1	110	0.39314988290398123	0.42196851532712887	0.19136076626266552	0.2615568056744527	0.5739595050618673	103	1621675	0.06783110055960657	113	6.6716999999999995	0.06968103966577767	-0.44966050631773014	baseline
Cn150	NC_026747.1	164	0.3777654867256637	0.42850779905227077	0.18226749890070695	0.27775094860296656	0.5817515099223469	186	1575141	0.10411766311714316	104	10.3782	0.06602583514745664	5.781349366942244	het_enriched
Cn150	NC_026748.1	345	0.47368421052631576	0.46839579124706987	0.1860296158372583	0.3076923076923077	0.625	219	1084805	0.318029507607358	360.5	18.5325	0.3323177898331958	-0.8363685417509781	baseline
Cn150	NC_026749.1	249	0.37962962962962965	0.4390265294963153	0.19676311173889013	0.275	0.5906976744186047	136	1814975	0.13719197234121683	297	33.3585	0.16363861761181284	-1.4389136202167363	baseline
Cn150	NC_026750.1	316	0.4448954226788107	0.4351651127090336	0.13402474637601935	0.33753335759340125	0.5	229	1422463	0.2221498907177199	278	11.8608	0.1954356633529308	3.2038311075138273	het_enriched
Cn150	NC_026751.1	362	0.345165591911472	0.3911987426031819	0.1798303699270574	0.24506530636223	0.5049977885891199	220	1399503	0.258663254026608	343	22.238999999999997	0.24508700588708993	0.8543549620036873	baseline
Cn150	NC_026752.1	415	0.4470046082949309	0.4631095453453929	0.18874734938449647	0.2947984832731943	0.6174729024488157	184	1398693	0.2967055672688717	298	14.0847	0.21305604589427415	8.30688619565912	het_enriched
Cn150	NC_026753.1	481	0.41818181818181815	0.45515969697065295	0.1937705573058965	0.2978723404255319	0.6234817813765182	199	1186808	0.40528880829923625	318	17.7912	0.26794561546602313	9.16183281622375	het_enriched
Cn150	NC_026754.1	242	0.3815589930239612	0.4178105045310417	0.19092550173056844	0.25556810339419034	0.5576838022658457	191	1059964	0.22830964070477866	171.5	24.462899999999998	0.1617979478548328	2.88191506321818	baseline
Cn150	NC_026755.1	287	0.3888888888888889	0.4213518552789706	0.19197763255798966	0.2561459946781048	0.5594907407407408	160	1561994	0.1837395022003926	337.5	20.0151	0.2160699720997648	-2.5230950632272635	baseline
Cn150	NC_026756.1	320	0.38696383674549617	0.40759603935071204	0.17885752011248335	0.2608180506902946	0.5129048582995951	220	774062	0.4134035774912087	369	25.9455	0.47670600029455	-1.8885741265344664	baseline
Cn150	NC_026757.1	212	0.383562532433835	0.44435075962565856	0.18719693115738284	0.28525641025641024	0.5875409836065574	75.5	756744	0.28014757963062803	208	21.4977	0.2748617762413709	0.18606641640733662	baseline
Cn150	NC_026758.1	230	0.4275561969736727	0.4060854224871802	0.13900483307538472	0.28669167151525227	0.5	225	942867	0.24393684369057356	147	14.0847	0.15590746096745353	5.892919267006042	het_enriched
Cn15001	NC_026745.1	339	0.34156378600823045	0.39962914710521563	0.17575451002193565	0.25833333333333336	0.5086232530478739	233	2291499	0.14793809641636327	220.5	31.875899999999998	0.09622522200533364	3.717542092929141	het_enriched
Cn15001	NC_026746.1	114	0.3860456665253468	0.4306126894430838	0.18166970146074632	0.31455245998814463	0.537106065740427	104.5	1621675	0.07029768603450137	113	6.6716999999999995	0.06968103966577767	0.1498868354392434	baseline
Cn15001	NC_026747.1	175	0.3888888888888889	0.42069806834619866	0.18246185159685985	0.26922604422604424	0.5545219638242894	166	1575141	0.11110116491158568	104	10.3782	0.06602583514745664	6.841263417548323	het_enriched
Cn15001	NC_026748.1	277	0.4801762114537445	0.46850834266101543	0.162858771628943	0.34101382488479265	0.5669642857142857	217	1084805	0.2553454307456179	360.5	18.5325	0.3323177898331958	-4.505598273303656	het_depleted
Cn15001	NC_026749.1	242	0.4163625304136253	0.4455540789636656	0.19509737821502676	0.2706818181818182	0.5843504795117699	159	1814975	0.13333516990592156	297	33.3585	0.16363861761181284	-1.648755189831677	baseline
Cn15001	NC_026750.1	285	0.4553191489361702	0.4346458724810343	0.14685521191074175	0.3173076923076923	0.510548523206751	234	1422463	0.20035670523591828	278	11.8608	0.1954356633529308	0.5901794145420208	baseline
Cn15001	NC_026751.1	395	0.37668161434977576	0.40457341022499577	0.17219259858834773	0.26393188854489164	0.5016556291390728	197	1399503	0.28224305342682365	343	22.238999999999997	0.24508700588708993	2.338234632852197	baseline
Cn15001	NC_026752.1	443	0.4779874213836478	0.4856133790809375	0.1762932043958138	0.35489382474981696	0.6086031452358927	152	1398693	0.3167242561448438	298	14.0847	0.21305604589427415	10.294858960432242	het_enriched
Cn15001	NC_026753.1	518	0.4120434903819348	0.44777373007069426	0.19641063380136609	0.27940814568721545	0.6039473684210527	172	1186808	0.4364648704761006	318	17.7912	0.26794561546602313	11.241512657943252	het_enriched
Cn15001	NC_026754.1	263	0.39622641509433965	0.4414849601591903	0.18947997549985743	0.28190093488600954	0.5764119601328903	147	1059964	0.24812163431965614	171.5	24.462899999999998	0.1617979478548328	3.740357848006574	het_enriched
Cn15001	NC_026755.1	319	0.3727810650887574	0.4085402405818993	0.18847473949887172	0.244017094017094	0.5454545454545454	186	1561994	0.20422613659207398	337.5	20.0151	0.2160699720997648	-0.9243021518753342	baseline
Cn15001	NC_026756.1	387	0.3593073593073593	0.39756397869339377	0.18404549011158552	0.2345426441171122	0.5501108743858429	200	774062	0.49995995152843054	369	25.9455	0.47670600029455	0.6937619240330694	baseline
Cn15001	NC_026757.1	215	0.4166666666666667	0.44298420622356083	0.18781557025699236	0.29478276353276356	0.5773809523809523	63	756744	0.2841119321725709	208	21.4977	0.2748617762413709	0.3256162287128391	baseline
Cn15001	NC_026758.1	236	0.47047199209546253	0.4712056432679698	0.1775775113918884	0.3080772261623325	0.6403819332689625	224	942867	0.2503004135259798	147	14.0847	0.15590746096745353	6.318913430885997	het_enriched
Cn15002	NC_026745.1	486	0.3183829444891392	0.3854269877922936	0.17873923060238142	0.24359123071569427	0.5070581592320723	215	2291499	0.21208824441991903	220.5	31.875899999999998	0.09622522200533364	8.329176587955164	het_enriched
Cn15002	NC_026746.1	124	0.3282604633781764	0.4128206979855932	0.1974440001210074	0.2741611374407583	0.551948051948052	98	1621675	0.07646414972173833	113	6.6716999999999995	0.06968103966577767	1.6487551898316772	baseline
Cn15002	NC_026747.1	161	0.38095238095238093	0.4064486187644281	0.17116990748213376	0.2712765957446808	0.5	168	1575141	0.10221307171865883	104	10.3782	0.06602583514745664	5.492281898595133	het_enriched
Cn15002	NC_026748.1	332	0.5110890993428682	0.4820238606612927	0.1863103586340793	0.30857740585774057	0.62666324903167	205.5	1084805	0.30604578703084884	360.5	18.5325	0.3323177898331958	-1.537838931606637	baseline
Cn15002	NC_026749.1	210	0.43566813740939175	0.4609601399831264	0.2064514388594864	0.2740216418517615	0.6238132911392404	149	1814975	0.11570407305885756	297	33.3585	0.16363861761181284	-2.6080309366428347	baseline
Cn15002	NC_026750.1	311	0.4495798319327731	0.4324060318424526	0.14233971427301378	0.33189631143733156	0.5043478260869565	229	1422463	0.2186348608013003	278	11.8608	0.1954356633529308	2.782274382840955	baseline
Cn15002	NC_026751.1	392	0.35519713261648744	0.3994145239217274	0.17004996380509485	0.2727272727272727	0.495722870272181	207	1399503	0.28009943529953135	343	22.238999999999997	0.24508700588708993	2.2033364809568776	baseline
Cn15002	NC_026752.1	454	0.4557522123893805	0.4648130792381834	0.18100219271306062	0.30925043609570674	0.6	157	1398693	0.32458874106040425	298	14.0847	0.21305604589427415	11.075848260878827	het_enriched
Cn15002	NC_026753.1	480	0.41584681413007596	0.4460687267724569	0.18236440023776818	0.30030864197530865	0.5882352941176471	196.5	1186808	0.4044462120241859	318	17.7912	0.26794561546602313	9.105625252934034	het_enriched
Cn15002	NC_026754.1	265	0.38362068965517243	0.4161781227439762	0.1886432608084514	0.25943396226415094	0.5384615384615384	169	1059964	0.2500084908544064	171.5	24.462899999999998	0.1617979478548328	3.8221143037007064	het_enriched
Cn15002	NC_026755.1	284	0.37168269658918873	0.40994397471269173	0.18755918941421923	0.2556206649127003	0.5424611973392461	197	1561994	0.18181888022617246	337.5	20.0151	0.2160699720997648	-2.6729818986665066	baseline
Cn15002	NC_026756.1	372	0.33576423576423575	0.378764907613758	0.17367198499378617	0.24302355350742447	0.4703964407281338	199	774062	0.4805816588335301	369	25.9455	0.47670600029455	0.1156269873388449	baseline
Cn15002	NC_026757.1	208	0.4096016343207355	0.4379044631268713	0.18408207012010533	0.2811036789297659	0.5800438596491229	66	756744	0.2748617762413709	208	21.4977	0.2748617762413709	0	baseline
Cn15002	NC_026758.1	224	0.4146665355105253	0.4040370214355876	0.14914024089165426	0.28068181818181814	0.4891971643127295	223	942867	0.23757327385516727	147	14.0847	0.15590746096745353	5.466925103126087	het_enriched
Cn15003	NC_026745.1	468	0.34782608695652173	0.40366440927742825	0.18224628236370047	0.2539376697271434	0.5317505005005005	214	2291499	0.20423312425621834	220.5	31.875899999999998	0.09622522200533364	7.764486649788712	het_enriched
Cn15003	NC_026746.1	134	0.35	0.4024206622366945	0.17556296961276632	0.27557203220920035	0.5	104	1621675	0.08263061340897529	113	6.6716999999999995	0.06968103966577767	3.147623544224111	het_enriched
Cn15003	NC_026747.1	177	0.391705069124424	0.42762651588742895	0.17448456350648633	0.29017857142857145	0.5422222222222223	169	1575141	0.11237089251057523	104	10.3782	0.06602583514745664	7.033975063113064	het_enriched
Cn15003	NC_026748.1	356	0.5	0.4799072168596474	0.18726705126679102	0.30335045270404887	0.6319211212638611	208	1084805	0.3281695788644042	360.5	18.5325	0.3323177898331958	-0.24281667341157429	baseline
Cn15003	NC_026749.1	228	0.4463325652841782	0.45658564389627687	0.20055985538023013	0.27801831392455456	0.6007177033492823	165	1814975	0.12562156503533106	297	33.3585	0.16363861761181284	-2.0684383290615584	baseline
Cn15003	NC_026750.1	324	0.45454545454545453	0.43886617891121404	0.14019712801291348	0.3520933977455717	0.5094332445796881	222	1422463	0.22777393858399128	278	11.8608	0.1954356633529308	3.8783218669904223	het_enriched
Cn15003	NC_026751.1	428	0.35268204197978753	0.38843123711396643	0.16297800820383126	0.2634091898954704	0.4863636363636364	203.5	1399503	0.3058228528270393	343	22.238999999999997	0.24508700588708993	3.8221143037007064	het_enriched
Cn15003	NC_026752.1	438	0.4045138888888889	0.4426171998423606	0.1842348554057022	0.29550395256917	0.5930634023854362	186	1398693	0.3131494902741345	298	14.0847	0.21305604589427415	9.939863823865613	het_enriched
Cn15003	NC_026753.1	504	0.4084693719764077	0.44442810953041845	0.19076586778701055	0.279954128440367	0.6024096385542169	194.5	1186808	0.4246685226253952	318	17.7912	0.26794561546602313	10.454606771887224	het_enriched
Cn15003	NC_026754.1	243	0.4098360655737705	0.42604904346849115	0.1904009527432201	0.2553237722729248	0.5332635119188105	176	1059964	0.22925306897215378	171.5	24.462899999999998	0.1617979478548328	2.922793291065246	baseline
Cn15003	NC_026755.1	293	0.35714285714285715	0.40299212746862473	0.18820264571409254	0.24166666666666667	0.5355450236966824	183	1561994	0.18758074614883286	337.5	20.0151	0.2160699720997648	-2.2233213923487765	baseline
Cn15003	NC_026756.1	369	0.3568281938325991	0.38722494887677444	0.16885724653943818	0.25301204819277107	0.48484848484848486	205	774062	0.47670600029455	369	25.9455	0.47670600029455	0	baseline
Cn15003	NC_026757.1	230	0.3871527777777778	0.43110419985844534	0.19162598295140218	0.2608695652173913	0.5778245192307692	62	756744	0.30393369488228517	208	21.4977	0.2748617762413709	1.0233652902403514	baseline
Cn15003	NC_026758.1	232	0.39444261032243866	0.39788150217907586	0.12819660603166216	0.2938924283263906	0.47639484978540775	220	942867	0.24605803363570897	147	14.0847	0.15590746096745353	6.034917321632694	het_enriched
Cn151	NC_026745.1	200	0.3441358024691358	0.40984495713780883	0.18687967863835248	0.2651896374988352	0.5190747604727604	216.5	2291499	0.08727911293000783	220.5	31.875899999999998	0.09622522200533364	-0.6431190962451256	baseline
Cn151	NC_026746.1	116	0.376890756302521	0.44647416286212555	0.21056122760167392	0.2725178047758693	0.6747740963855422	91	1621675	0.07153097877194876	113	6.6716999999999995	0.06968103966577767	0.44966050631773014	baseline
Cn151	NC_026747.1	94	0.4094191748220184	0.41575174218912897	0.15737382030896852	0.28586691086691085	0.4971461187214612	202.5	1575141	0.05967719715250888	104	10.3782	0.06602583514745664	-0.9635582278237074	baseline
Cn151	NC_026748.1	362	0.4779116465863454	0.4682713105454501	0.16723058666111157	0.3173824509440948	0.5991379310344828	226	1084805	0.333700526822793	360.5	18.5325	0.3323177898331958	0.08093889113719142	baseline
Cn151	NC_026749.1	280	0.4594643659877589	0.4467514258508359	0.17527392375889753	0.2992108879278988	0.5566497310221159	213	1814975	0.15427209741181008	297	33.3585	0.16363861761181284	-0.5096152404934274	baseline
Cn151	NC_026750.1	247	0.4533898305084746	0.44366083439632903	0.12627869935901492	0.3832508491023775	0.5010460251046025	230	1422463	0.17364247787112916	278	11.8608	0.1954356633529308	-2.6136516929718066	baseline
Cn151	NC_026751.1	343	0.4090909090909091	0.44443620829129565	0.17445806746509687	0.3103448275862069	0.5695323488045008	221	1399503	0.24508700588708993	343	22.238999999999997	0.24508700588708993	0	baseline
Cn151	NC_026752.1	307	0.40703517587939697	0.4399783445463281	0.17631345918915584	0.31641849529780564	0.5489153021361483	109	1398693	0.2194906244615509	298	14.0847	0.21305604589427415	0.6389912458199323	baseline
Cn151	NC_026753.1	297	0.3793103448275862	0.4197548186725826	0.18096866601331493	0.2765957446808511	0.5088495575221239	218	1186808	0.250251093689965	318	17.7912	0.26794561546602313	-1.1803588290840417	baseline
Cn151	NC_026754.1	157	0.3755274261603376	0.40593104555022624	0.19363297497046034	0.23118279569892472	0.5083333333333333	224	1059964	0.14811823797789359	171.5	24.462899999999998	0.1617979478548328	-0.5927343037824625	baseline
Cn151	NC_026755.1	293	0.3605150214592275	0.42358119320890547	0.19903039960463026	0.25925925925925924	0.5670995670995671	200	1561994	0.18758074614883286	337.5	20.0151	0.2160699720997648	-2.2233213923487765	baseline
Cn151	NC_026756.1	346	0.3991341991341991	0.4158581391226377	0.16006884757922996	0.2853462441314554	0.513345322038711	223.5	774062	0.4469926181623694	369	25.9455	0.47670600029455	-0.8864735695978109	baseline
Cn151	NC_026757.1	219	0.42134831460674155	0.45155848266870197	0.19817417850865335	0.28271902001531224	0.6021739130434782	214	756744	0.289397735561828	208	21.4977	0.2748617762413709	0.5116826451201757	baseline
Cn151	NC_026758.1	146	0.38315959295110447	0.4246872009031426	0.17594871130616435	0.28017543859649124	0.5312891113892365	213	942867	0.1548468659948858	147	14.0847	0.15590746096745353	-0.0709990273133258	baseline
Cn152	NC_018792.1	1	0.20952380952380953	0.20952380952380953	NA	0.20952380952380953	0.20952380952380953	105	NA	NA	1	0	NA	NA	NA
Cn152	NC_026745.1	204	0.378628186083799	0.41202617574929146	0.18067551578483382	0.26709770114942527	0.5373982060663283	209	2291499	0.08902469518860799	220.5	31.875899999999998	0.09622522200533364	-0.5176324433192475	baseline
Cn152	NC_026746.1	113	0.3888888888888889	0.4356602554142659	0.1863391129430472	0.2786885245901639	0.5882352941176471	85	1621675	0.06968103966577767	113	6.6716999999999995	0.06968103966577767	0	baseline
Cn152	NC_026747.1	109	0.3717277486910995	0.40499491190029707	0.16515056228296102	0.2815126050420168	0.5128205128205128	203	1575141	0.06920015414493051	104	10.3782	0.06602583514745664	0.4817791139118537	baseline
Cn152	NC_026748.1	344	0.5	0.4830885510900927	0.16353578164023375	0.3473987758945386	0.6174552429667519	222	1084805	0.31710768294762653	360.5	18.5325	0.3323177898331958	-0.8903278025091057	baseline
Cn152	NC_026749.1	323	0.44933920704845814	0.45091992325710606	0.17167358978836458	0.30434782608695654	0.5530094905094904	190	1814975	0.17796388380005235	297	33.3585	0.16363861761181284	0.7794115442840656	baseline
Cn152	NC_026750.1	258	0.44341400728207325	0.4355421115028148	0.1390938309857229	0.3515858423350954	0.5	227.5	1422463	0.18137554368725234	278	11.8608	0.1954356633529308	-1.6862268986914881	baseline
Cn152	NC_026751.1	347	0.4049586776859504	0.42859165376349534	0.16004025009970282	0.2936628919860627	0.5361702127659574	219	1399503	0.24794516339014638	343	22.238999999999997	0.24508700588708993	0.17986420252709207	baseline
Cn152	NC_026752.1	300	0.44849785407725323	0.46745570960522687	0.18290758546746205	0.3324175824175824	0.6053368075661069	114.5	1398693	0.21448595224255787	298	14.0847	0.21305604589427415	0.1419980546266516	baseline
Cn152	NC_026753.1	309	0.37280701754385964	0.41540128682818667	0.17252343832729045	0.2711864406779661	0.5	214	1186808	0.26036224899056964	318	17.7912	0.26794561546602313	-0.5058680696074463	baseline
Cn152	NC_026754.1	171	0.3377777777777778	0.3825196732131771	0.17857590117650043	0.23571298984034833	0.48726412499312316	220	1059964	0.16132623372114527	171.5	24.462899999999998	0.1617979478548328	-0.02043911392353319	baseline
Cn152	NC_026755.1	313	0.35	0.40697522935186936	0.192848825254117	0.26294820717131473	0.515625	195	1561994	0.20038489264363374	337.5	20.0151	0.2160699720997648	-1.2240758227538209	baseline
Cn152	NC_026756.1	344	0.37371854613233924	0.39887493948500324	0.1530470962825316	0.28158768209478147	0.5106843511098831	220	774062	0.44440884580304935	369	25.9455	0.47670600029455	-0.9635582278237074	baseline
Cn152	NC_026757.1	190	0.4192641798671436	0.43530321046674675	0.17239341766246433	0.2793478260869565	0.5243967290860272	215	756744	0.25107566098971384	208	21.4977	0.2748617762413709	-0.8372988738330147	baseline
Cn152	NC_026758.1	129	0.38636363636363635	0.42695912183711354	0.15240641401969984	0.3283582089552239	0.5061728395061729	212	942867	0.13681675146123473	147	14.0847	0.15590746096745353	-1.2779824916398645	baseline
Cn153	NC_026745.1	219	0.3931034482758621	0.41346614703539586	0.18484514454222722	0.26717171717171717	0.5149572649572649	208	2291499	0.09557062865835858	220.5	31.875899999999998	0.09622522200533364	-0.04705749484720432	baseline
Cn153	NC_026746.1	116	0.3634460547504026	0.4278418537173875	0.18278449031186336	0.279320987654321	0.5806159420289856	81.5	1621675	0.07153097877194876	113	6.6716999999999995	0.06968103966577767	0.44966050631773014	baseline
Cn153	NC_026747.1	113	0.3495575221238938	0.3981561717903814	0.15382657388127716	0.2764976958525346	0.4954128440366973	189	1575141	0.07173960934290961	104	10.3782	0.06602583514745664	0.8672024050413367	baseline
Cn153	NC_026748.1	360	0.47608650447078393	0.4715372748390845	0.1757981741195616	0.3096551450454383	0.6144936093359267	221	1084805	0.3318568775033301	360.5	18.5325	0.3323177898331958	-0.02697963037906381	baseline
Cn153	NC_026749.1	312	0.4611613876319759	0.4493161086678726	0.18384247217781366	0.2940531475748194	0.56036766264039	155	1814975	0.1719031942588741	297	33.3585	0.16363861761181284	0.44966050631773014	baseline
Cn153	NC_026750.1	270	0.42045290191946116	0.4086737341390326	0.14352548728318992	0.3014244477911647	0.4731736019582	226.5	1422463	0.18981161548665942	278	11.8608	0.1954356633529308	-0.6744907594765952	baseline
Cn153	NC_026751.1	335	0.4092827004219409	0.43592262468666826	0.15749243780171604	0.3076923076923077	0.5344853214418432	211	1399503	0.23937069088097704	343	22.238999999999997	0.24508700588708993	-0.35972840505418413	baseline
Cn153	NC_026752.1	286	0.4358750557123756	0.4543546777686897	0.1751275483533409	0.30504742547425473	0.5879156010230179	95.5	1398693	0.20447660780457183	298	14.0847	0.21305604589427415	-0.8519883277599097	baseline
Cn153	NC_026753.1	320	0.3875050020008003	0.42102054122064847	0.16985871840603098	0.29735657210501837	0.5084288052373158	213	1186808	0.26963080801612394	318	17.7912	0.26794561546602313	0.11241512657943253	baseline
Cn153	NC_026754.1	169	0.3705357142857143	0.40343993775822	0.1883336981698251	0.25125628140703515	0.5169082125603864	205	1059964	0.15943937718639503	171.5	24.462899999999998	0.1617979478548328	-0.10219556961766595	baseline
Cn153	NC_026755.1	289	0.3442622950819672	0.41292726737953467	0.18399902116800135	0.26666666666666666	0.5555555555555556	188	1561994	0.18501991684987268	337.5	20.0151	0.2160699720997648	-2.423170506267768	baseline
Cn153	NC_026756.1	339	0.40310077519379844	0.40015236376259816	0.1601208192429365	0.24691123601194997	0.508695652173913	212	774062	0.4379494149047492	369	25.9455	0.47670600029455	-1.1562698733884489	baseline
Cn153	NC_026757.1	200	0.39791489435580474	0.421392690755493	0.16832740383668304	0.27536128201459437	0.5401079339963832	174.5	756744	0.26429016946285666	208	21.4977	0.2748617762413709	-0.37213283281467324	baseline
Cn153	NC_026758.1	133	0.3755656108597285	0.4180377382177956	0.1677269049974354	0.3053097345132743	0.5	204	942867	0.14105913135150558	147	14.0847	0.15590746096745353	-0.9939863823865613	baseline
Cn154	NC_026745.1	209	0.40476190476190477	0.42599138855350066	0.18200290106244177	0.25806451612903225	0.5333333333333333	218	2291499	0.09120667301185818	220.5	31.875899999999998	0.09622522200533364	-0.36077412716189977	baseline
Cn154	NC_026746.1	116	0.36301084236864056	0.4289274889114634	0.19934097988717978	0.2672413793103448	0.6194852941176471	82.5	1621675	0.07153097877194876	113	6.6716999999999995	0.06968103966577767	0.44966050631773014	baseline
Cn154	NC_026747.1	99	0.38596491228070173	0.409850601707841	0.1732788761359405	0.2652363823227133	0.5012315270935961	203	1575141	0.06285151614998276	104	10.3782	0.06602583514745664	-0.4817791139118537	baseline
Cn154	NC_026748.1	366	0.4914855072463768	0.473829007239845	0.16619815247685912	0.3292753623188406	0.6031343606770363	221	1084805	0.3373878254617189	360.5	18.5325	0.3323177898331958	0.2967759341697019	baseline
Cn154	NC_026749.1	312	0.45181761490774364	0.4472744262030719	0.1733898286759806	0.32253731343283587	0.5364010989010989	146.5	1814975	0.1719031942588741	297	33.3585	0.16363861761181284	0.44966050631773014	baseline
Cn154	NC_026750.1	268	0.45132743362831856	0.4365271279172299	0.14149460986483928	0.33468468468468465	0.5159204306722689	227	1422463	0.18840560352009156	278	11.8608	0.1954356633529308	-0.8431134493457441	baseline
Cn154	NC_026751.1	345	0.4192139737991266	0.4286220081699544	0.15331850398364633	0.3031674208144796	0.5172413793103449	215	1399503	0.24651608463861815	343	22.238999999999997	0.24508700588708993	0.08993210126354603	baseline
Cn154	NC_026752.1	311	0.4279475982532751	0.46604112528010394	0.1900359681765136	0.31988656094455376	0.6192226890756303	105	1398693	0.22235043715811834	298	14.0847	0.21305604589427415	0.9229873550732355	baseline
Cn154	NC_026753.1	321	0.37410071942446044	0.4109238491777839	0.17161450862794286	0.2782608695652174	0.4801980198019802	212	1186808	0.27047340429117434	318	17.7912	0.26794561546602313	0.1686226898691488	baseline
Cn154	NC_026754.1	146	0.4012448132780083	0.4260759021380553	0.190367683197419	0.279323454864496	0.5305170840112703	216	1059964	0.13774052703676729	171.5	24.462899999999998	0.1617979478548328	-1.0423948101001925	baseline
Cn154	NC_026755.1	305	0.3469387755102041	0.42108175063335646	0.1979001749183042	0.2608695652173913	0.5726495726495726	192	1561994	0.19526323404571339	337.5	20.0151	0.2160699720997648	-1.6237740505918032	baseline
Cn154	NC_026756.1	343	0.3721973094170404	0.39426116353477625	0.1549712096829631	0.25	0.5130434782608696	221	774062	0.4431169596233893	369	25.9455	0.47670600029455	-1.0021005569366557	baseline
Cn154	NC_026757.1	196	0.3854510753872128	0.42309941980225063	0.177795938178988	0.2826783992285439	0.5572916666666667	205	756744	0.2590043660735995	208	21.4977	0.2748617762413709	-0.5581992492220098	baseline
Cn154	NC_026758.1	128	0.3578963230861965	0.41572313092907615	0.16758004277223443	0.28928971962616823	0.5033186490455214	125.5	942867	0.135756156488667	147	14.0847	0.15590746096745353	-1.3489815189531904	baseline
Cn155	NC_018792.1	1	0.64	0.64	NA	0.64	0.64	25	NA	NA	1	0	NA	NA	NA
Cn155	NC_026745.1	211	0.3991228070175439	0.4237132275848183	0.19798497553732233	0.24880382775119617	0.5676577669902912	204	2291499	0.09207946414115827	220.5	31.875899999999998	0.09622522200533364	-0.29803080069896065	baseline
Cn155	NC_026746.1	107	0.38095238095238093	0.43702348738887625	0.1949489619324924	0.2800055309734513	0.6065231898565232	83	1621675	0.0659811614534355	113	6.6716999999999995	0.06968103966577767	-0.8993210126354603	baseline
Cn155	NC_026747.1	107	0.3879310344827586	0.4217126933130742	0.15826121376761337	0.2917651694247439	0.5404172099087353	183	1575141	0.06793042654594096	104	10.3782	0.06602583514745664	0.2890674683471122	baseline
Cn155	NC_026748.1	378	0.5117750632772091	0.46864163063988634	0.1793314356143498	0.2821632086499123	0.5968000599520383	218	1084805	0.34844972137849656	360.5	18.5325	0.3323177898331958	0.9442870632672333	baseline
Cn155	NC_026749.1	234	0.41414814055936894	0.43344134971615916	0.1920594557481018	0.2650243797364247	0.558116883116883	150	1814975	0.12892739569415557	297	33.3585	0.16363861761181284	-1.8885741265344664	baseline
Cn155	NC_026750.1	265	0.44155844155844154	0.43960509981560997	0.14900186601184445	0.31877729257641924	0.5520361990950227	227	1422463	0.1862965855702398	278	11.8608	0.1954356633529308	-1.0960474841494672	baseline
Cn155	NC_026751.1	338	0.4133399209486166	0.4249478398554446	0.1551462929233162	0.2915298303229338	0.5266970618034448	211	1399503	0.24151430900826937	343	22.238999999999997	0.24508700588708993	-0.2248302531588651	baseline
Cn155	NC_026752.1	289	0.4527363184079602	0.4637477328871726	0.1732733073642387	0.3218390804597701	0.5813953488372093	91	1398693	0.20662146732699743	298	14.0847	0.21305604589427415	-0.6389912458199323	baseline
Cn155	NC_026753.1	307	0.38207547169811323	0.41504829361768775	0.17810650534388336	0.2841666666666667	0.4956896551724138	210	1186808	0.2586770564404689	318	17.7912	0.26794561546602313	-0.6182831961868789	baseline
Cn155	NC_026754.1	148	0.32659006475973934	0.38775638068330764	0.18307512856502184	0.2383433247692454	0.49834801762114533	207	1059964	0.13962738357151752	171.5	24.462899999999998	0.1617979478548328	-0.9606383544060599	baseline
Cn155	NC_026755.1	325	0.36	0.40887415446082775	0.18997236672144574	0.2543103448275862	0.5348837209302325	181	1561994	0.20806738054051424	337.5	20.0151	0.2160699720997648	-0.6245284809968473	baseline
Cn155	NC_026756.1	242	0.31696903346887706	0.3713517596478076	0.16978614267714717	0.2424808474415965	0.4641718514510956	204	774062	0.31263645547772656	369	25.9455	0.47670600029455	-4.894875797344434	het_depleted
Cn155	NC_026757.1	189	0.4217687074829932	0.44445834989888644	0.17713407183738542	0.2857142857142857	0.5614973262032086	207	756744	0.24975421014239954	208	21.4977	0.2748617762413709	-0.8838154779348489	baseline
Cn155	NC_026758.1	143	0.36363636363636365	0.43159584461844297	0.1962984182530387	0.2687938166352708	0.5329985652797704	207	942867	0.15166508107718268	147	14.0847	0.15590746096745353	-0.2839961092533032	baseline
Cn156	NC_018792.1	12	0.5868136872235233	0.6361124323586007	0.126253107931036	0.5410909090909091	0.7285714285714284	242	NA	NA	1	0	NA	NA	NA
Cn156	NC_026745.1	673	0.46218487394957986	0.4605925822440308	0.1909732954007518	0.28820960698689957	0.5934065934065934	206	2291499	0.29369421500947634	220.5	31.875899999999998	0.09622522200533364	14.195677612239969	het_enriched
Cn156	NC_026746.1	565	0.4132231404958678	0.4409064402586743	0.1833671571612598	0.291866028708134	0.5454545454545454	211	1621675	0.34840519832888833	113	6.6716999999999995	0.06968103966577767	67.748849618538	het_enriched
Cn156	NC_026747.1	299	0.48582995951417	0.49262604563092	0.22790815498178724	0.2796610169491525	0.7272727272727273	73	1575141	0.18982427604893784	104	10.3782	0.06602583514745664	18.789385442562295	het_enriched
Cn156	NC_026748.1	724	0.42895962732919257	0.446156893622844	0.1865033761330521	0.2813677763819096	0.5853102863046045	190	1084805	0.667401053645586	360.5	18.5325	0.3323177898331958	19.614191285579388	het_enriched
Cn156	NC_026749.1	606	0.41988736073133903	0.4459062346594388	0.20150646440281939	0.2607631170574173	0.6148047931967531	157.5	1814975	0.3338888965412747	297	33.3585	0.16363861761181284	9.263006430145241	het_enriched
Cn156	NC_026750.1	497	0.45569620253164556	0.47380901493108774	0.19253598390184107	0.30638297872340425	0.6293103448275862	155	1422463	0.3493939736921101	278	11.8608	0.1954356633529308	18.464184540671795	het_enriched
Cn156	NC_026751.1	568	0.4509720145268105	0.47237187935618	0.1946885484094477	0.31550006366182837	0.6368471953578336	147	1399503	0.4058583654340148	343	22.238999999999997	0.24508700588708993	10.11736139214893	het_enriched
Cn156	NC_026752.1	670	0.3945515196441809	0.4358710651098412	0.1963573557815255	0.26364749082007344	0.5787417763157895	201	1398693	0.4790186266750459	298	14.0847	0.21305604589427415	26.4116381605572	het_enriched
Cn156	NC_026753.1	551	0.4444444444444444	0.4566775041213653	0.18416778137969878	0.29799676794828717	0.5898707891093677	92	1186808	0.46427054755276337	318	17.7912	0.26794561546602313	13.09636224650389	het_enriched
Cn156	NC_026754.1	503	0.4279475982532751	0.4424749973596503	0.19210802679013458	0.2748239436619718	0.6	135	1059964	0.4745444184896846	171.5	24.462899999999998	0.1617979478548328	13.551132531302505	het_enriched
Cn156	NC_026755.1	448	0.4644421975058982	0.4922257457012136	0.21492211798622127	0.29878820763248326	0.6895972059015537	132.5	1561994	0.28681288148353967	337.5	20.0151	0.2160699720997648	5.520831772012131	het_enriched
Cn156	NC_026756.1	533	0.4587628865979381	0.48167582638588335	0.19729117960355919	0.3048780487804878	0.6489795918367347	132	774062	0.6885753337587945	369	25.9455	0.47670600029455	6.320941974523521	het_enriched
Cn156	NC_026757.1	395	0.5294117647058824	0.5173812783604684	0.19953492146540883	0.36037974683544305	0.656664118246687	75	756744	0.5219730846891418	208	21.4977	0.2748617762413709	8.698604967042987	het_enriched
Cn156	NC_026758.1	416	0.4714643304130163	0.47331347282413655	0.17136892652729	0.3352417302798982	0.588903743315508	140.5	942867	0.4412075085881678	147	14.0847	0.15590746096745353	19.09873834728464	het_enriched
Cn157	NC_018792.1	1	0.35185185185185186	0.35185185185185186	NA	0.35185185185185186	0.35185185185185186	54	NA	NA	1	0	NA	NA	NA
Cn157	NC_026745.1	199	0.3686440677966102	0.40440406706258725	0.18020625323096368	0.26079755656887205	0.505468091626446	214	2291499	0.0868427173653578	220.5	31.875899999999998	0.09622522200533364	-0.6744907594765952	baseline
Cn157	NC_026746.1	107	0.35	0.4058233663605163	0.17474329657903598	0.26195516811955166	0.5488095238095239	87	1621675	0.0659811614534355	113	6.6716999999999995	0.06968103966577767	-0.8993210126354603	baseline
Cn157	NC_026747.1	108	0.40454545454545454	0.41896973791845965	0.1689336724237086	0.27146803472770326	0.5333495618305745	183.5	1575141	0.06856529034543574	104	10.3782	0.06602583514745664	0.385423291129483	baseline
Cn157	NC_026748.1	357	0.5	0.4757769342394173	0.17530136389729103	0.3181818181818182	0.6239316239316239	223	1084805	0.32909140352413563	360.5	18.5325	0.3323177898331958	-0.18885741265344666	baseline
Cn157	NC_026749.1	250	0.4092086669806877	0.4343765438049975	0.17241276439768383	0.3	0.5566520467836258	139	1814975	0.1377429441176876	297	33.3585	0.16363861761181284	-1.4089362531288878	baseline
Cn157	NC_026750.1	269	0.4808510638297872	0.46559796763706585	0.16355674681310928	0.32547169811320753	0.5787234042553191	227	1422463	0.1891086095033755	278	11.8608	0.1954356633529308	-0.7588021044111696	baseline
Cn157	NC_026751.1	357	0.4166666666666667	0.44106084748262914	0.16855849249168955	0.3051643192488263	0.5443786982248521	214	1399503	0.2550905571477875	343	22.238999999999997	0.24508700588708993	0.6295247088448223	baseline
Cn157	NC_026752.1	283	0.43529411764705883	0.46119757302371206	0.16342802193939707	0.3393285371702638	0.5847605224963716	105	1398693	0.20233174828214626	298	14.0847	0.21305604589427415	-1.0649854096998872	baseline
Cn157	NC_026753.1	288	0.3755952380952381	0.4100505639261087	0.17647477145557475	0.2628091355905757	0.4940189601761654	213	1186808	0.24266772721451152	318	17.7912	0.26794561546602313	-1.686226898691488	baseline
Cn157	NC_026754.1	125	0.3738738738738739	0.40651602489255523	0.17204114003315565	0.27705627705627706	0.4889867841409692	220	1059964	0.1179285334218898	171.5	24.462899999999998	0.1617979478548328	-1.9008375948885865	baseline
Cn157	NC_026755.1	312	0.3718640294545766	0.4219690712655561	0.18920509363736412	0.268783542039356	0.5704208347706106	175	1561994	0.1997446853188937	337.5	20.0151	0.2160699720997648	-1.2740381012335686	baseline
Cn157	NC_026756.1	261	0.3256880733944954	0.37742356335651484	0.16428562295711796	0.25625	0.4696132596685083	212	774062	0.3371822928912671	369	25.9455	0.47670600029455	-4.162571544198416	het_depleted
Cn157	NC_026757.1	211	0.37130801687763715	0.4357510764274962	0.19728616068206703	0.26944503583847845	0.614075286415712	203	756744	0.27882612878331375	208	21.4977	0.2748617762413709	0.13954981230550245	baseline
Cn157	NC_026758.1	151	0.3925619834710744	0.43618050924941787	0.1944928807190378	0.2799620470853348	0.5263492063492063	198	942867	0.16014984085772438	147	14.0847	0.15590746096745353	0.2839961092533032	baseline
Cn158	NC_026745.1	202	0.3864046159394158	0.41828981228778617	0.18279802680901225	0.26411300301935353	0.5458174160054854	218	2291499	0.08815190405930791	220.5	31.875899999999998	0.09622522200533364	-0.5803757697821866	baseline
Cn158	NC_026746.1	110	0.3476361767728674	0.4352376693342639	0.20541014760801118	0.2714136904761905	0.6380310880829015	76.5	1621675	0.06783110055960657	113	6.6716999999999995	0.06968103966577767	-0.44966050631773014	baseline
Cn158	NC_026747.1	100	0.37028985507246376	0.4166373223083782	0.16073260342087128	0.2954913349838126	0.5303921568627451	185	1575141	0.06348637994947753	104	10.3782	0.06602583514745664	-0.385423291129483	baseline
Cn158	NC_026748.1	371	0.48205128205128206	0.4683261140577524	0.16868857893470754	0.32861696591204786	0.581934219585827	223	1084805	0.3419969487603763	360.5	18.5325	0.3323177898331958	0.56657223796034	baseline
Cn158	NC_026749.1	252	0.4437412095639943	0.45646414854698747	0.183808713326637	0.2978723404255319	0.5829649251004749	112.5	1814975	0.13884488767062908	297	33.3585	0.16363861761181284	-1.3489815189531904	baseline
Cn158	NC_026750.1	257	0.4474885844748858	0.4239549894823173	0.1356835471826846	0.34334763948497854	0.47904191616766467	225	1422463	0.1806725377039684	278	11.8608	0.1954356633529308	-1.7705382436260624	baseline
Cn158	NC_026751.1	354	0.4147964929214929	0.4321500040140803	0.1613032091218148	0.3053221800116891	0.533271425547066	212	1399503	0.25294693902049514	343	22.238999999999997	0.24508700588708993	0.4946265569495032	baseline
Cn158	NC_026752.1	330	0.4069747317410869	0.43088749073683336	0.17191693360161328	0.30275769956002513	0.5582021541010771	104	1398693	0.23593454746681367	298	14.0847	0.21305604589427415	2.2719688740264257	baseline
Cn158	NC_026753.1	300	0.3922809917355372	0.41942340470986045	0.17316384561378936	0.2797385853693283	0.50682261208577	214	1186808	0.25277888251511615	318	17.7912	0.26794561546602313	-1.0117361392148927	baseline
Cn158	NC_026754.1	159	0.3695652173913043	0.39805587960395683	0.18024809863208416	0.24324324324324326	0.4788135593220339	217	1059964	0.15000509451264382	171.5	24.462899999999998	0.1617979478548328	-0.5109778480883297	baseline
Cn158	NC_026755.1	310	0.3763187068626399	0.4219316317141474	0.19617178150902875	0.2611861544955677	0.5483630952380953	188	1561994	0.1984642706694136	337.5	20.0151	0.2160699720997648	-1.3739626581930642	baseline
Cn158	NC_026756.1	320	0.4245105926521856	0.4319809194590473	0.1600837264787748	0.28151939655172414	0.5708133971291867	219	774062	0.4134035774912087	369	25.9455	0.47670600029455	-1.8885741265344664	baseline
Cn158	NC_026757.1	205	0.39473684210526316	0.439139634883226	0.1926158268399367	0.2882882882882883	0.6220095693779905	217	756744	0.27089742369942804	208	21.4977	0.2748617762413709	-0.13954981230550245	baseline
Cn158	NC_026758.1	129	0.3739130434782609	0.40754920645966447	0.15530332423748705	0.2875	0.47706422018348627	223	942867	0.13681675146123473	147	14.0847	0.15590746096745353	-1.2779824916398645	baseline
Cn159	NC_018792.1	1	0.4418604651162791	0.4418604651162791	NA	0.4418604651162791	0.4418604651162791	43	NA	NA	1	0	NA	NA	NA
Cn159	NC_026745.1	208	0.4043478260869565	0.42199868815609676	0.18610014961583785	0.26865671641791045	0.5339285714285714	213.5	2291499	0.09077027744720814	220.5	31.875899999999998	0.09622522200533364	-0.39214579039336933	baseline
Cn159	NC_026746.1	107	0.35365853658536583	0.4230047999016292	0.194665597462046	0.2620137299771167	0.5891350210970464	89	1621675	0.0659811614534355	113	6.6716999999999995	0.06968103966577767	-0.8993210126354603	baseline
Cn159	NC_026747.1	99	0.3435114503816794	0.3978048517637732	0.16700035424417942	0.2653061224489796	0.5357282311597032	207	1575141	0.06285151614998276	104	10.3782	0.06602583514745664	-0.4817791139118537	baseline
Cn159	NC_026748.1	368	0.48660287081339715	0.46440880697164255	0.16812184471284472	0.3150543957659512	0.5863943028485756	221.5	1084805	0.3392314747811819	360.5	18.5325	0.3323177898331958	0.40469445568595713	baseline
Cn159	NC_026749.1	299	0.4660633484162896	0.4473570687886432	0.16746274477104117	0.3053489889106328	0.5398976211984342	190	1814975	0.16474056116475436	297	33.3585	0.16363861761181284	0.05995473417569735	baseline
Cn159	NC_026750.1	265	0.4298245614035088	0.42886309849933896	0.14580676338922963	0.34579439252336447	0.49572649572649574	226	1422463	0.1862965855702398	278	11.8608	0.1954356633529308	-1.0960474841494672	baseline
Cn159	NC_026751.1	352	0.40445016939582157	0.4318392770776724	0.1579173203484917	0.31537613667677045	0.5317233377793207	210	1399503	0.25151786026896694	343	22.238999999999997	0.24508700588708993	0.40469445568595713	baseline
Cn159	NC_026752.1	318	0.4343700159489633	0.44839489049849474	0.18143530766919125	0.2990299537300105	0.5813953488372093	114.5	1398693	0.22735510937711134	298	14.0847	0.21305604589427415	1.4199805462665163	baseline
Cn159	NC_026753.1	314	0.39126425217974514	0.4165686759001917	0.165399649031552	0.28152354253675843	0.5055483641981753	215	1186808	0.2645752303658216	318	17.7912	0.26794561546602313	-0.22483025315886507	baseline
Cn159	NC_026754.1	149	0.34375	0.3949566588388554	0.19650481778550935	0.22123893805309736	0.5	213	1059964	0.14057081183889264	171.5	24.462899999999998	0.1617979478548328	-0.9197601265589935	baseline
Cn159	NC_026755.1	302	0.34619800315722576	0.41214066480563294	0.1930296348491882	0.2542197858235594	0.5448667711598746	196	1561994	0.19334261207149325	337.5	20.0151	0.2160699720997648	-1.7736608860310465	baseline
Cn159	NC_026756.1	344	0.4221202854230377	0.40911523148296974	0.16293990854186974	0.2568497396479048	0.5048852183650616	220	774062	0.44440884580304935	369	25.9455	0.47670600029455	-0.9635582278237074	baseline
Cn159	NC_026757.1	188	0.38011257035647283	0.43064190989347007	0.18573999405061686	0.2777777777777778	0.5917651694247439	210.5	756744	0.24843275929508524	208	21.4977	0.2748617762413709	-0.930332082036683	baseline
Cn159	NC_026758.1	124	0.42510353423666114	0.42576474689160926	0.1610027912673127	0.3026656314699793	0.5022522522522522	133.5	942867	0.13151377659839616	147	14.0847	0.15590746096745353	-1.6329776282064936	baseline
Cn16	NC_018792.1	1	0.8135593220338984	0.8135593220338984	NA	0.8135593220338984	0.8135593220338984	59	NA	NA	1	0	NA	NA	NA
Cn16	NC_026745.1	223	0.3738738738738739	0.4058937953765579	0.17924152169946755	0.25	0.5328218243819267	204	2291499	0.09731621091695873	220.5	31.875899999999998	0.09622522200533364	0.07842915807867386	baseline
Cn16	NC_026746.1	141	0.4298642533936652	0.4767508750732948	0.22726335252077987	0.2660098522167488	0.7142857142857143	103	1621675	0.08694713799004117	113	6.6716999999999995	0.06968103966577767	4.196831392298814	het_enriched
Cn16	NC_026747.1	115	0.4296875	0.4563198824635092	0.17383725384845908	0.31113571654539707	0.5931409295352323	196	1575141	0.07300933694189916	104	10.3782	0.06602583514745664	1.0599140506060782	baseline
Cn16	NC_026748.1	386	0.48968038302277433	0.47298878694940094	0.17584527683651655	0.3098943661971831	0.600414734859461	211	1084805	0.35582431865634834	360.5	18.5325	0.3323177898331958	1.3759611493322543	baseline
Cn16	NC_026749.1	298	0.3940850815850816	0.41836476321587324	0.16351201601047122	0.3029996319470004	0.5044287985464455	201	1814975	0.1641895893882836	297	33.3585	0.16363861761181284	0.029977367087848674	baseline
Cn16	NC_026750.1	287	0.44907407407407407	0.42322236976928235	0.14383717163922308	0.30539971949509115	0.5	213	1422463	0.20176271720248612	278	11.8608	0.1954356633529308	0.7588021044111696	baseline
Cn16	NC_026751.1	364	0.39177927927927925	0.41386708845192083	0.16502721959526945	0.276452219257822	0.5263793541825579	200	1399503	0.26009233277813626	343	22.238999999999997	0.24508700588708993	0.9442870632672333	baseline
Cn16	NC_026752.1	271	0.42857142857142855	0.4386781374316489	0.18162435694598278	0.2755388940955951	0.5640209305257848	122	1398693	0.19375231019244396	298	14.0847	0.21305604589427415	-1.9169737374597968	baseline
Cn16	NC_026753.1	308	0.3917984805081579	0.4151511003388359	0.17967591334418914	0.26438307030129127	0.5298021863612702	203.5	1186808	0.2595196527155193	318	17.7912	0.26794561546602313	-0.5620756328971627	baseline
Cn16	NC_026754.1	178	0.3333333333333333	0.39430325896811724	0.19507727084096696	0.2478057265185978	0.4970322726246897	201	1059964	0.1679302315927711	171.5	24.462899999999998	0.1617979478548328	0.2657084810059315	baseline
Cn16	NC_026755.1	325	0.34517766497461927	0.3980569330836852	0.18714505853702565	0.2549019607843137	0.5259259259259259	171	1561994	0.20806738054051424	337.5	20.0151	0.2160699720997648	-0.6245284809968473	baseline
Cn16	NC_026756.1	357	0.3623853211009174	0.3829330785062316	0.1604445232058331	0.24017467248908297	0.46017699115044247	208	774062	0.4612033661386297	369	25.9455	0.47670600029455	-0.4625079493553796	baseline
Cn16	NC_026757.1	222	0.35956690368455074	0.41305997214890733	0.19558252399660767	0.2535079656862745	0.5635211197449691	199	756744	0.2933620881037709	208	21.4977	0.2748617762413709	0.6512324574256781	baseline
Cn16	NC_026758.1	148	0.40777616279069767	0.4193780175670163	0.17103852522758747	0.276986183074266	0.5134442436915081	206.5	942867	0.15696805594002125	147	14.0847	0.15590746096745353	0.0709990273133258	baseline
Cn160	NC_018792.1	2	0.6848684210526316	0.6848684210526316	0.1200220720698219	0.6424342105263158	0.7273026315789474	83.5	NA	NA	1	0	NA	NA	NA
Cn160	NC_026745.1	1620	0.4	0.4377078354149715	0.1949683803355892	0.27250661959399824	0.5892857142857143	129	2291499	0.7069608147330635	220.5	31.875899999999998	0.09622522200533364	43.90464269244163	het_enriched
Cn160	NC_026746.1	1161	0.4	0.4228921113694989	0.18211844735903696	0.2619047619047619	0.5384615384615384	115	1621675	0.7159264340882113	113	6.6716999999999995	0.06968103966577767	157.08140354032707	het_enriched
Cn160	NC_026747.1	916	0.33218390804597697	0.3928825947560339	0.19961168790616188	0.22312500000000002	0.5333333333333333	118.5	1575141	0.5815352403372143	104	10.3782	0.06602583514745664	78.24092809928504	het_enriched
Cn160	NC_026748.1	1327	0.4344262295081967	0.4384636629731756	0.1704669096844615	0.2973555452003728	0.5454545454545454	169	1084805	1.223261323463664	360.5	18.5325	0.3323177898331958	52.15162552273034	het_enriched
Cn160	NC_026749.1	1694	0.39343444677477113	0.4200649312288475	0.19262721286250833	0.24446870451237263	0.5659424433009339	132	1814975	0.9333461893414511	297	33.3585	0.16363861761181284	41.8783818217246	het_enriched
Cn160	NC_026750.1	820	0.4549364938709201	0.463496560025288	0.18072067364662248	0.30661974340698506	0.5882352941176471	103	1422463	0.5764649062928174	278	11.8608	0.1954356633529308	45.69674895453932	het_enriched
Cn160	NC_026751.1	1276	0.4166666666666667	0.4364403694323603	0.19182323721157765	0.2716801053151226	0.5616776315789473	121	1399503	0.911752243475005	343	22.238999999999997	0.24508700588708993	41.953325239444226	het_enriched
Cn160	NC_026752.1	1418	0.4240068832759727	0.4394581629791495	0.18154356618665599	0.29104415670650735	0.5576701524282169	148	1398693	1.0138036009331568	298	14.0847	0.21305604589427415	79.5189105909249	het_enriched
Cn160	NC_026753.1	829	0.41379310344827586	0.4496854712604388	0.17494557154489848	0.32051282051282054	0.5833333333333334	96	1186808	0.698512312016771	318	17.7912	0.26794561546602313	28.72206484104501	het_enriched
Cn160	NC_026754.1	938	0.36821052631578943	0.4139205832199192	0.18148797293225424	0.2722957422324511	0.526571546732837	146	1059964	0.8849357147978612	171.5	24.462899999999998	0.1617979478548328	31.33316164477638	het_enriched
Cn160	NC_026755.1	1410	0.40922381711855393	0.4447887046185564	0.17766192130705408	0.30434782608695654	0.5761900655398413	160	1561994	0.9026923278834619	337.5	20.0151	0.2160699720997648	53.5845436695295	het_enriched
Cn160	NC_026756.1	628	0.4040301363310213	0.42374370105707265	0.18712827312772215	0.25758779596376924	0.5507750711800063	132	774062	0.8113045208264971	369	25.9455	0.47670600029455	9.982463240253608	het_enriched
Cn160	NC_026757.1	903	0.4117647058823529	0.4362772712381379	0.19223922263910498	0.25588848678157394	0.5833333333333334	81	756744	1.1932701151247977	208	21.4977	0.2748617762413709	32.329039850774734	het_enriched
Cn160	NC_026758.1	1038	0.4227684080625257	0.4459088832480668	0.19572540189137727	0.2702966101694915	0.5969645336362489	146.5	942867	1.1008975815252842	147	14.0847	0.15590746096745353	63.2601333361733	het_enriched
Cn16001	NC_018792.1	2	0.795187165775401	0.795187165775401	0.05823232315653916	0.7745989304812835	0.8157754010695186	121	NA	NA	1	0	NA	NA	NA
Cn16001	NC_026745.1	1639	0.3920704845814978	0.4271739672535409	0.19179725290630867	0.26460869565217393	0.5818181818181818	141	2291499	0.7152523304614142	220.5	31.875899999999998	0.09622522200533364	44.50070429383955	het_enriched
Cn16001	NC_026746.1	1109	0.36153846153846153	0.4083098007442818	0.19017794495903395	0.24444444444444444	0.5581395348837209	96	1621675	0.6838608229145791	113	6.6716999999999995	0.06968103966577767	149.2872880974864	het_enriched
Cn16001	NC_026747.1	865	0.3177570093457944	0.38947275261344766	0.19780411989656627	0.23809523809523808	0.5094339622641509	104	1575141	0.5491571865629807	104	10.3782	0.06602583514745664	73.32678113738413	het_enriched
Cn16001	NC_026748.1	1228	0.4381732885439592	0.42778307296619583	0.1685619734374761	0.2720228065363063	0.5245598156985355	151	1084805	1.1320006821502482	360.5	18.5325	0.3323177898331958	46.80965870767571	het_enriched
Cn16001	NC_026749.1	1563	0.4166666666666667	0.43094625352365024	0.18208424945013263	0.2727272727272727	0.5513722730471499	100	1814975	0.8611688866237828	297	33.3585	0.16363861761181284	37.951346733216425	het_enriched
Cn16001	NC_026750.1	815	0.4354066985645933	0.45248561671869425	0.17095730152483407	0.3264689265536723	0.5751128304319795	124	1422463	0.5729498763763978	278	11.8608	0.1954356633529308	45.275192229866455	het_enriched
Cn16001	NC_026751.1	1314	0.3820855614973262	0.4198989765291334	0.1965625319105334	0.23880597014925373	0.5714285714285714	109	1399503	0.9389047397540413	343	22.238999999999997	0.24508700588708993	43.6620351634516	het_enriched
Cn16001	NC_026752.1	1433	0.40458015267175573	0.4202967862847369	0.1856144901630486	0.2594142259414226	0.5454545454545454	124	1398693	1.0245278985452848	298	14.0847	0.21305604589427415	80.58389600062479	het_enriched
Cn16001	NC_026753.1	738	0.4194335169158143	0.4456452145287951	0.18274837228684873	0.3005813953488372	0.5714285714285714	78	1186808	0.6218360509871858	318	17.7912	0.26794561546602313	23.607176581680832	het_enriched
Cn16001	NC_026754.1	912	0.34557502246181493	0.39783976797531306	0.1704310822267085	0.27648446541440397	0.49778876412863343	122.5	1059964	0.860406579846108	171.5	24.462899999999998	0.1617979478548328	30.270327720752654	het_enriched
Cn16001	NC_026755.1	1387	0.4354066985645933	0.44353564464362355	0.17142928276847327	0.3100396704302716	0.5480970389443194	111	1561994	0.8879675594144408	337.5	20.0151	0.2160699720997648	52.43541126449531	het_enriched
Cn16001	NC_026756.1	677	0.3811659192825112	0.41763639624253784	0.18468723553270502	0.26811594202898553	0.5411764705882353	109	774062	0.8746069436298384	369	25.9455	0.47670600029455	11.871037366788075	het_enriched
Cn16001	NC_026757.1	849	0.41025641025641024	0.4344829079361119	0.1957092227063055	0.25	0.5714285714285714	68	756744	1.1219117693698264	208	21.4977	0.2748617762413709	29.817143229275693	het_enriched
Cn16001	NC_026758.1	936	0.410427807486631	0.44181002881359577	0.19502297929061793	0.2653061224489796	0.6020459584761138	131	942867	0.9927168943233776	147	14.0847	0.15590746096745353	56.018232550214066	het_enriched
Cn16002	NC_018792.1	4	0.39146410401356696	0.4370199307946623	0.2972434931483524	0.19299552906110284	0.6354885057471263	58	NA	NA	1	0	NA	NA	NA
Cn16002	NC_026745.1	1713	0.4	0.43015801917156116	0.1875238359021609	0.2692307692307692	0.5698324022346368	111	2291499	0.7475456022455171	220.5	31.875899999999998	0.09622522200533364	46.82220737296829	het_enriched
Cn16002	NC_026746.1	1151	0.375	0.41641443427390895	0.1950252533015294	0.2420912420912421	0.5577582920320243	99	1621675	0.7097599704009743	113	6.6716999999999995	0.06968103966577767	155.58253518593463	het_enriched
Cn16002	NC_026747.1	1017	0.3089005235602094	0.366173485029203	0.1872327401215149	0.2193877551020408	0.46153846153846156	93	1575141	0.6456564840861866	104	10.3782	0.06602583514745664	87.97286620030448	het_enriched
Cn16002	NC_026748.1	1265	0.43209876543209874	0.42973273907044013	0.16685858767991207	0.29107981220657275	0.5238095238095238	163	1084805	1.1661081945603127	360.5	18.5325	0.3323177898331958	48.80615135572643	het_enriched
Cn16002	NC_026749.1	1696	0.38630351130351126	0.4205609470023728	0.1843789085387262	0.2592217723796671	0.5457575757575757	101	1814975	0.9344481328943925	297	33.3585	0.16363861761181284	41.93833655590029	het_enriched
Cn16002	NC_026750.1	921	0.42016806722689076	0.44018893871134757	0.18784195029462997	0.28773584905660377	0.5714285714285714	126	1422463	0.6474685106044937	278	11.8608	0.1954356633529308	54.21219479293134	het_enriched
Cn16002	NC_026751.1	1212	0.4188972775108671	0.44473971477427704	0.1962925419534127	0.2637602880658436	0.5963203463203463	116	1399503	0.8660217234261021	343	22.238999999999997	0.24508700588708993	39.07549799901075	het_enriched
Cn16002	NC_026752.1	1489	0.4	0.42033574492517833	0.18427350344965163	0.2631578947368421	0.543859649122807	142	1398693	1.0645652762972289	298	14.0847	0.21305604589427415	84.55984153017104	het_enriched
Cn16002	NC_026753.1	781	0.3905579399141631	0.4333219809955375	0.1688055261840895	0.3111111111111111	0.5609756097560976	81	1186808	0.6580676908143525	318	17.7912	0.26794561546602313	26.02410180313863	het_enriched
Cn16002	NC_026754.1	961	0.34615384615384615	0.3976748388454254	0.1763366245427297	0.2545454545454545	0.5025641025641026	120	1059964	0.9066345649474888	171.5	24.462899999999998	0.1617979478548328	32.2733608852589	het_enriched
Cn16002	NC_026755.1	1378	0.41904761904761906	0.43173571982503656	0.16411265052923646	0.2967819514429684	0.5430418719211823	133.5	1561994	0.8822056934917805	337.5	20.0151	0.2160699720997648	51.98575075817757	het_enriched
Cn16002	NC_026756.1	690	0.3374125874125874	0.396606020451319	0.18809945637827524	0.23881486676016828	0.5196992481203008	130.5	774062	0.89140146396541875	369	25.9455	0.47670600029455	12.372087645256403	het_enriched
Cn16002	NC_026757.1	743	0.4177215189873418	0.4471149373111596	0.18912884577270206	0.2777777777777778	0.6014705882352941	92	756744	0.9818379795545125	208	21.4977	0.2748617762413709	24.886383194481272	het_enriched
Cn16002	NC_026758.1	986	0.411900871459695	0.443108819418699	0.19157564946439296	0.2789315696993362	0.6026229763387297	150	942867	1.0457466429517632	147	14.0847	0.15590746096745353	59.568183915880354	het_enriched
Cn16003	NC_026745.1	1654	0.3984745413316842	0.42747214149635854	0.19498593895301994	0.247068920844669	0.5836161387631976	113	2291499	0.7217982639311648	220.5	31.875899999999998	0.09622522200533364	44.971279242311596	het_enriched
Cn16003	NC_026746.1	1115	0.3684210526315789	0.4102832943398621	0.18562241915309743	0.25089928057553956	0.5289104278074866	107	1621675	0.6875607011269212	113	6.6716999999999995	0.06968103966577767	150.18660911012188	het_enriched
Cn16003	NC_026747.1	953	0.3157894736842105	0.3715688786479263	0.18831351707304486	0.21428571428571427	0.4798206278026906	105	1575141	0.605025200918521	104	10.3782	0.06602583514745664	81.80609354223276	het_enriched
Cn16003	NC_026748.1	1257	0.43103448275862066	0.42580845600090733	0.1617194844094691	0.30275229357798167	0.5234042553191489	162	1084805	1.1587335972824608	360.5	18.5325	0.3323177898331958	48.37447726966141	het_enriched
Cn16003	NC_026749.1	1599	0.3870967741935484	0.4229442671624783	0.17962897002023107	0.27983050847457624	0.5509636767976279	111	1814975	0.8810038705767298	297	33.3585	0.16363861761181284	39.03053194837897	het_enriched
Cn16003	NC_026750.1	860	0.4522176097880708	0.45626132584546747	0.18212593550304315	0.316156670746634	0.5768201542912247	121.5	1422463	0.6045851456241744	278	11.8608	0.1954356633529308	49.069202751922305	het_enriched
Cn16003	NC_026751.1	1199	0.411214953271028	0.43655875428363566	0.19706593467885125	0.26458434613514825	0.5880874963050546	117	1399503	0.8567327115411686	343	22.238999999999997	0.24508700588708993	38.4909393407977	het_enriched
Cn16003	NC_026752.1	1415	0.4177215189873418	0.42637447400462913	0.18419839085264608	0.2694337352691877	0.5426175656984785	131	1398693	1.0116587414107314	298	14.0847	0.21305604589427415	79.30591350898493	het_enriched
Cn16003	NC_026753.1	827	0.42028985507246375	0.44474075321887063	0.1628390026686437	0.32908944399677675	0.5406628877342151	81	1186808	0.6968271194666703	318	17.7912	0.26794561546602313	28.60964971446558	het_enriched
Cn16003	NC_026754.1	945	0.34444444444444444	0.39404439318606554	0.1779886256189334	0.2446351931330472	0.5	127	1059964	0.891539712669487	171.5	24.462899999999998	0.1617979478548328	31.619309239705842	het_enriched
Cn16003	NC_026755.1	1410	0.4195186310570926	0.4354916909165659	0.1744815901517696	0.2857142857142857	0.5540555077452668	127	1561994	0.9026923278834619	337.5	20.0151	0.2160699720997648	53.5845436695295	het_enriched
Cn16003	NC_026756.1	664	0.38444743029895867	0.40964317897842173	0.18358252470643832	0.24819779416650053	0.5263157894736842	135.5	774062	0.8578124232942581	369	25.9455	0.47670600029455	11.369987088319748	het_enriched
Cn16003	NC_026757.1	865	0.41935483870967744	0.43305007781714944	0.19562723350227412	0.25	0.5972222222222222	85	756744	1.143054982926855	208	21.4977	0.2748617762413709	30.56140889490504	het_enriched
Cn16003	NC_026758.1	1004	0.3995305164319249	0.4377471016097984	0.18848528797375824	0.28067937701396345	0.6	154.5	942867	1.064837352457982	147	14.0847	0.15590746096745353	60.846166407520215	het_enriched
Cn161	NC_026745.1	206	0.39936708860759496	0.42521776853158083	0.1811128674297419	0.2785303776683087	0.5313920114805071	208	2291499	0.08989748631790807	220.5	31.875899999999998	0.09622522200533364	-0.4548891168563084	baseline
Cn161	NC_026746.1	103	0.3404255319148936	0.4407645193325904	0.19483953986014513	0.2835759068517689	0.6569693094629157	96	1621675	0.06351457597854071	113	6.6716999999999995	0.06968103966577767	-1.4988683543924337	baseline
Cn161	NC_026747.1	99	0.36909871244635195	0.40553793576413727	0.1587552809903328	0.2727272727272727	0.5129691564474173	204	1575141	0.06285151614998276	104	10.3782	0.06602583514745664	-0.4817791139118537	baseline
Cn161	NC_026748.1	382	0.5	0.47335428240010247	0.1698054161512433	0.3183465085638999	0.6016949152542372	221.5	1084805	0.3521370200174225	360.5	18.5325	0.3323177898331958	1.1601241062997438	baseline
Cn161	NC_026749.1	310	0.45454545454545453	0.44956952374003006	0.17154603750015182	0.3195503813729426	0.5372920997920998	195.5	1814975	0.1708012507059326	297	33.3585	0.16363861761181284	0.3897057721420328	baseline
Cn161	NC_026750.1	260	0.4556677890011223	0.42688545024739666	0.14359715908054946	0.32153635262363717	0.5028620143709658	225	1422463	0.18278155565382018	278	11.8608	0.1954356633529308	-1.5176042088223392	baseline
Cn161	NC_026751.1	363	0.4117647058823529	0.43370277239463967	0.16506323860120928	0.2971785122722482	0.5333333333333333	210	1399503	0.25937779340237216	343	22.238999999999997	0.24508700588708993	0.8993210126354604	baseline
Cn161	NC_026752.1	296	0.4249131719454668	0.44991918127805863	0.17896543578964544	0.30872603985150393	0.6	100.5	1398693	0.21162613954599044	298	14.0847	0.21305604589427415	-0.1419980546266516	baseline
Cn161	NC_026753.1	287	0.3865979381443299	0.41133477759846965	0.16825817176026658	0.2824452180122283	0.4982014388489209	214	1186808	0.24182513093946115	318	17.7912	0.26794561546602313	-1.7424344619812042	baseline
Cn161	NC_026754.1	172	0.3803656597774245	0.4175043306881753	0.19792184970111515	0.2406627263581489	0.5366293923797534	208.5	1059964	0.16226966198852039	171.5	24.462899999999998	0.1617979478548328	0.02043911392353319	baseline
Cn161	NC_026755.1	326	0.36177826297913634	0.4304009730019555	0.21112839590878874	0.2646761133603239	0.6095915211774838	188	1561994	0.20870758786525428	337.5	20.0151	0.2160699720997648	-0.5745662025170996	baseline
Cn161	NC_026756.1	334	0.3794724609099873	0.39255910687159895	0.15962524737296302	0.25209387942936035	0.5108934006313919	217.5	774062	0.4314899840064491	369	25.9455	0.47670600029455	-1.3489815189531904	baseline
Cn161	NC_026757.1	179	0.3884297520661157	0.42562392258055004	0.17246101565329214	0.27812914639540026	0.5494123367014755	217	756744	0.2365397016692567	208	21.4977	0.2748617762413709	-1.3489815189531904	baseline
Cn161	NC_026758.1	127	0.4166666666666667	0.4190432099804858	0.15022011462458393	0.29777492511767223	0.486701970005335	217	942867	0.1346955615160993	147	14.0847	0.15590746096745353	-1.4199805462665163	baseline
Cn162	NC_018792.1	1	0.3076923076923077	0.3076923076923077	NA	0.3076923076923077	0.3076923076923077	91	NA	NA	1	0	NA	NA	NA
Cn162	NC_026745.1	217	0.38461538461538464	0.4194199812594742	0.18482440380720588	0.2777777777777778	0.5445544554455446	212	2291499	0.0946978375290585	220.5	31.875899999999998	0.09622522200533364	-0.1098008213101434	baseline
Cn162	NC_026746.1	108	0.38461538461538464	0.4371842774545391	0.21179218217414666	0.247557876905703	0.6159502262443439	77.5	1621675	0.06659780782215918	113	6.6716999999999995	0.06968103966577767	-0.7494341771962169	baseline
Cn162	NC_026747.1	102	0.3719093542882089	0.42617135165785147	0.16936032317697122	0.297261434217956	0.5718655520159082	197	1575141	0.06475610754846708	104	10.3782	0.06602583514745664	-0.1927116455647415	baseline
Cn162	NC_026748.1	367	0.4925373134328358	0.46866542202144607	0.1759594403392024	0.3115555555555556	0.5978522273198165	222	1084805	0.33830965012145037	360.5	18.5325	0.3323177898331958	0.3507351949278295	baseline
Cn162	NC_026749.1	260	0.4444444444444444	0.4529184759899102	0.19315738500142363	0.2620882839524741	0.6063863928112966	126	1814975	0.14325266188239508	297	33.3585	0.16363861761181284	-1.109162582250401	baseline
Cn162	NC_026750.1	262	0.45106028503648976	0.4415243392823387	0.13990843926629776	0.3683978873239437	0.49097051597051594	226	1422463	0.18418756762038802	278	11.8608	0.1954356633529308	-1.3489815189531904	baseline
Cn162	NC_026751.1	366	0.40602928509905256	0.42867294191549116	0.15724894266836528	0.296640826873385	0.5312772806634657	213	1399503	0.26152141152966446	343	22.238999999999997	0.24508700588708993	1.0342191645307794	baseline
Cn162	NC_026752.1	322	0.421426789723123	0.45715427072962306	0.1846560975618963	0.30727272727272725	0.5905107526881721	104.5	1398693	0.23021492207367877	298	14.0847	0.21305604589427415	1.7039766555198195	baseline
Cn162	NC_026753.1	300	0.38951170901843546	0.42558428076627247	0.17498285051643664	0.28284729586426294	0.5120691445182725	216	1186808	0.25277888251511615	318	17.7912	0.26794561546602313	-1.0117361392148927	baseline
Cn162	NC_026754.1	152	0.3808994120451295	0.4079370640599305	0.1763293711080657	0.25835945663531873	0.49987220507771823	219	1059964	0.143401096641018	171.5	24.462899999999998	0.1617979478548328	-0.7971254430177944	baseline
Cn162	NC_026755.1	324	0.36899380066762044	0.41713994848906116	0.19038354764926924	0.2579588674461192	0.5495171673819743	191	1561994	0.2074271732157742	337.5	20.0151	0.2160699720997648	-0.6744907594765952	baseline
Cn162	NC_026756.1	333	0.4100418410041841	0.41620922618933887	0.1620916631046355	0.2727272727272727	0.5229357798165137	218	774062	0.4301980978267891	369	25.9455	0.47670600029455	-1.3875238480661387	baseline
Cn162	NC_026757.1	209	0.3851851851851852	0.4379881370585913	0.2043738384433269	0.26455026455026454	0.6153846153846154	215	756744	0.2761832270886852	208	21.4977	0.2748617762413709	0.046516604101834155	baseline
Cn162	NC_026758.1	134	0.3875262928126364	0.4139747839543008	0.16027541582483693	0.2862369337979094	0.5211326740063444	218	942867	0.1421197263240733	147	14.0847	0.15590746096745353	-0.9229873550732355	baseline
Cn16201	NC_026745.1	174	0.37917130144605116	0.4148396236354108	0.18228382815018987	0.2720158327728049	0.52410010991024	198	2291499	0.07593282824910681	220.5	31.875899999999998	0.09622522200533364	-1.4587823402633338	baseline
Cn16201	NC_026746.1	106	0.3581193838254172	0.4132885969310695	0.17662645179149564	0.28434343434343434	0.5395833333333333	73	1621675	0.06536451508471179	113	6.6716999999999995	0.06968103966577767	-1.0492078480747036	baseline
Cn16201	NC_026747.1	116	0.3665229885057471	0.41309310489650575	0.18456117455332574	0.26062392532547285	0.5639158035415971	150.5	1575141	0.07364420074139394	104	10.3782	0.06602583514745664	1.1562698733884489	baseline
Cn16201	NC_026748.1	369	0.5145228215767634	0.4946417589392873	0.18931171547004674	0.31100478468899523	0.6764705882352942	204	1084805	0.3401532994409133	360.5	18.5325	0.3323177898331958	0.45865371644408476	baseline
Cn16201	NC_026749.1	254	0.4409814323607427	0.43090847878451505	0.18764852224784495	0.27056277056277056	0.5548245614035088	115.5	1814975	0.13994683122357057	297	33.3585	0.16363861761181284	-1.289026784777493	baseline
Cn16201	NC_026750.1	275	0.5520361990950227	0.4976231404670678	0.17081567574379158	0.342229291858136	0.6363636363636364	222	1422463	0.19332664540307903	278	11.8608	0.1954356633529308	-0.25293403480372323	baseline
Cn16201	NC_026751.1	322	0.4168993168993169	0.45253605444634937	0.16809327305955166	0.3157894736842105	0.6021028037383178	198.5	1399503	0.23008167899604362	343	22.238999999999997	0.24508700588708993	-0.9442870632672333	baseline
Cn16201	NC_026752.1	304	0.4069767441860465	0.4352373315629335	0.19426359155405004	0.2608695652173913	0.5833333333333334	80.5	1398693	0.2173457649391253	298	14.0847	0.21305604589427415	0.42599416387995487	baseline
Cn16201	NC_026753.1	315	0.3951219512195122	0.4252039724913112	0.17821023234988434	0.2854901960784314	0.505220473970474	186	1186808	0.265417826640872	318	17.7912	0.26794561546602313	-0.1686226898691488	baseline
Cn16201	NC_026754.1	188	0.33818766845657217	0.37730213813228075	0.17409656128095555	0.23142112125162972	0.47554986120008536	192.5	1059964	0.17736451426652228	171.5	24.462899999999998	0.1617979478548328	0.6744907594765952	baseline
Cn16201	NC_026755.1	331	0.36180904522613067	0.40920751934943367	0.17685456490143353	0.2685374149659864	0.5135507902949763	181	1561994	0.2119086244889545	337.5	20.0151	0.2160699720997648	-0.32475481011836066	baseline
Cn16201	NC_026756.1	349	0.37777777777777777	0.4003816702788415	0.1642175333446403	0.2583732057416268	0.5166666666666667	198	774062	0.4508682767013495	369	25.9455	0.47670600029455	-0.770846582258966	baseline
Cn16201	NC_026757.1	221	0.37777777777777777	0.4309012204286134	0.19938716599087775	0.2631578947368421	0.5691699604743083	195	756744	0.2920406372564566	208	21.4977	0.2748617762413709	0.604715853323844	baseline
Cn16201	NC_026758.1	146	0.3881975867269985	0.4149691216107717	0.17320474591548607	0.2896768828700404	0.5104717813051146	192.5	942867	0.1548468659948858	147	14.0847	0.15590746096745353	-0.0709990273133258	baseline
Cn16202	NC_018792.1	1	0.31343283582089554	0.31343283582089554	NA	0.31343283582089554	0.31343283582089554	67	NA	NA	1	0	NA	NA	NA
Cn16202	NC_026745.1	210	0.40773227057609507	0.4226508467487175	0.17758899446307405	0.27326011638467484	0.5251831501831502	204.5	2291499	0.09164306857650822	220.5	31.875899999999998	0.09622522200533364	-0.3294024639304302	baseline
Cn16202	NC_026746.1	126	0.3333333333333333	0.4107255664342765	0.19157635197523004	0.2548360315483603	0.5445075757575757	63.5	1621675	0.07769744245918572	113	6.6716999999999995	0.06968103966577767	1.948528860710164	baseline
Cn16202	NC_026747.1	107	0.37610619469026546	0.3866599882290434	0.15674669971641284	0.25821886093532953	0.48948454513523004	187	1575141	0.06793042654594096	104	10.3782	0.06602583514745664	0.2890674683471122	baseline
Cn16202	NC_026748.1	375	0.48186528497409326	0.4739125338575992	0.17594181185379876	0.3022166903745851	0.6152236884454458	216	1084805	0.34568424739930215	360.5	18.5325	0.3323177898331958	0.7824092809928505	baseline
Cn16202	NC_026749.1	212	0.4438717067583047	0.4412721621181705	0.18393289799975832	0.27216840536512665	0.5711781609195402	94.5	1814975	0.11680601661179907	297	33.3585	0.16363861761181284	-2.5480762024671373	baseline
Cn16202	NC_026750.1	278	0.4642828669377342	0.44533743661658065	0.15326712128287037	0.3227576817051032	0.5162878787878789	225	1422463	0.1954356633529308	278	11.8608	0.1954356633529308	0	baseline
Cn16202	NC_026751.1	338	0.4062132528205943	0.42685319836276747	0.15527084805073377	0.30312742812742816	0.5273236282194849	212	1399503	0.24151430900826937	343	22.238999999999997	0.24508700588708993	-0.2248302531588651	baseline
Cn16202	NC_026752.1	301	0.425	0.4490519220952728	0.17539532514980555	0.3135593220338983	0.5789473684210527	94	1398693	0.21520090541669973	298	14.0847	0.21305604589427415	0.21299708193997743	baseline
Cn16202	NC_026753.1	307	0.3902439024390244	0.4246651067495373	0.17753623214631506	0.2793653921955065	0.5	205	1186808	0.2586770564404689	318	17.7912	0.26794561546602313	-0.6182831961868789	baseline
Cn16202	NC_026754.1	158	0.35583584337349394	0.3938008007014329	0.19000591398163638	0.2243815306713584	0.497275488893108	213.5	1059964	0.1490616662452687	171.5	24.462899999999998	0.1617979478548328	-0.5518560759353961	baseline
Cn16202	NC_026755.1	294	0.3531623175586024	0.40947698146487016	0.1890592023364436	0.25905491913746637	0.546410365335599	203	1561994	0.1882209534735729	337.5	20.0151	0.2160699720997648	-2.173359113869029	baseline
Cn16202	NC_026756.1	344	0.3997113997113997	0.4037499599309974	0.15245127508642473	0.28746942163201117	0.504884246188594	213	774062	0.44440884580304935	369	25.9455	0.47670600029455	-0.9635582278237074	baseline
Cn16202	NC_026757.1	227	0.4177215189873418	0.4421696828250161	0.18615860794220412	0.27754435107376285	0.5696696696696697	204	756744	0.2999693423403423	208	21.4977	0.2748617762413709	0.8838154779348489	baseline
Cn16202	NC_026758.1	140	0.3550494350282486	0.40992360977270303	0.16868505022793095	0.28125	0.5179310344827587	195	942867	0.14848329615947956	147	14.0847	0.15590746096745353	-0.49699319119328067	baseline
Cn16203	NC_026745.1	217	0.4056603773584906	0.42280677088226404	0.1788869185169675	0.2714285714285714	0.5201793721973094	201	2291499	0.0946978375290585	220.5	31.875899999999998	0.09622522200533364	-0.1098008213101434	baseline
Cn16203	NC_026746.1	109	0.3475177304964539	0.41627409850497066	0.18372023873829704	0.28205128205128205	0.5714285714285714	82	1621675	0.06721445419088289	113	6.6716999999999995	0.06968103966577767	-0.5995473417569736	baseline
Cn16203	NC_026747.1	97	0.38064516129032255	0.4027969209200246	0.15598714925663942	0.2755102040816326	0.5	172	1575141	0.06158178855099321	104	10.3782	0.06602583514745664	-0.6744907594765952	baseline
Cn16203	NC_026748.1	385	0.4854771784232365	0.47546155855175026	0.17001667786256405	0.3220338983050847	0.6205533596837944	217	1084805	0.3549024939966169	360.5	18.5325	0.3323177898331958	1.3220018885741267	baseline
Cn16203	NC_026749.1	240	0.4508163676678089	0.4599762491036501	0.18506478641095903	0.29411764705882354	0.583686440677966	97	1814975	0.13223322635298007	297	33.3585	0.16363861761181284	-1.7087099240073744	baseline
Cn16203	NC_026750.1	265	0.45689655172413796	0.4439688443876302	0.13640045638303847	0.3615023474178404	0.511520737327189	223	1422463	0.1862965855702398	278	11.8608	0.1954356633529308	-1.0960474841494672	baseline
Cn16203	NC_026751.1	315	0.4246575342465753	0.44106556939595587	0.1560620521875241	0.3157894736842105	0.5419598874032372	210	1399503	0.22507990336569483	343	22.238999999999997	0.24508700588708993	-1.2590494176896445	baseline
Cn16203	NC_026752.1	289	0.40869565217391307	0.4484947697329771	0.1814927207996989	0.3020833333333333	0.5882352941176471	96	1398693	0.20662146732699743	298	14.0847	0.21305604589427415	-0.6389912458199323	baseline
Cn16203	NC_026753.1	320	0.38242553891722886	0.41129944290534765	0.17625928791957277	0.26851851851851855	0.4801956535593652	204	1186808	0.26963080801612394	318	17.7912	0.26794561546602313	0.11241512657943253	baseline
Cn16203	NC_026754.1	174	0.3333333333333333	0.38016123071346847	0.17370710320119692	0.2225153250929555	0.49709662268903976	214	1059964	0.16415651852327062	171.5	24.462899999999998	0.1617979478548328	0.10219556961766595	baseline
Cn16203	NC_026755.1	341	0.375	0.4139004128401513	0.18794146680047924	0.25380710659898476	0.5244444444444445	190	1561994	0.21831069773635495	337.5	20.0151	0.2160699720997648	0.17486797467911727	baseline
Cn16203	NC_026756.1	357	0.38461538461538464	0.4024311660584104	0.15519645284483077	0.2621359223300971	0.5043103448275862	213	774062	0.4612033661386297	369	25.9455	0.47670600029455	-0.4625079493553796	baseline
Cn16203	NC_026757.1	223	0.38392857142857145	0.4385330610478551	0.2042370224876242	0.2700520833333333	0.6399177835824091	207	756744	0.2946835389510852	208	21.4977	0.2748617762413709	0.6977490615275123	baseline
Cn16203	NC_026758.1	144	0.3842908146705615	0.41551625851692703	0.16403006540069515	0.30069444444444443	0.5055335968379446	208	942867	0.1527256760497504	147	14.0847	0.15590746096745353	-0.21299708193997743	baseline
Cn163	NC_026745.1	242	0.37445652173913047	0.424319462643831	0.1886177436430718	0.27876094662218515	0.5536081445254017	211.5	2291499	0.10560772664530947	220.5	31.875899999999998	0.09622522200533364	0.6744907594765952	baseline
Cn163	NC_026746.1	104	0.43611670020120724	0.4426580370017362	0.19002755445761874	0.27506273797161646	0.5563596491228071	104	1621675	0.0641312223472644	113	6.6716999999999995	0.06968103966577767	-1.3489815189531904	baseline
Cn163	NC_026747.1	105	0.42168674698795183	0.43949897590076814	0.1563105632226062	0.3333333333333333	0.5145631067961165	187	1575141	0.06666069894695141	104	10.3782	0.06602583514745664	0.09635582278237075	baseline
Cn163	NC_026748.1	384	0.5105934105395458	0.4743957803130653	0.16384280749278868	0.3175032773713367	0.5871754831153622	222	1084805	0.35398066933688543	360.5	18.5325	0.3323177898331958	1.268042627815999	baseline
Cn163	NC_026749.1	337	0.42424242424242425	0.4343209054940244	0.16927813211791895	0.29004329004329005	0.5350877192982456	208	1814975	0.18567748867064285	297	33.3585	0.16363861761181284	1.199094683513947	baseline
Cn163	NC_026750.1	266	0.4494671994671995	0.4419810255860576	0.14084924309991537	0.3595238095238095	0.5181495809155383	225	1422463	0.18699959155352372	278	11.8608	0.1954356633529308	-1.011736139214893	baseline
Cn163	NC_026751.1	371	0.4353448275862069	0.4436757703580909	0.15982613809919174	0.3135364177737059	0.5483844103930713	205	1399503	0.265094108408485	343	22.238999999999997	0.24508700588708993	1.2590494176896445	baseline
Cn163	NC_026752.1	320	0.443167701863354	0.4527505466616451	0.1795102224027554	0.2997767857142857	0.6	111.5	1398693	0.22878501572539506	298	14.0847	0.21305604589427415	1.5619786008931678	baseline
Cn163	NC_026753.1	289	0.4	0.423601380499756	0.171008729115142	0.2864583333333333	0.5217391304347826	217	1186808	0.24351032348956192	318	17.7912	0.26794561546602313	-1.6300193354017716	baseline
Cn163	NC_026754.1	151	0.391304347826087	0.4029115059806274	0.1851701189352355	0.24703222814746117	0.503281434765471	212	1059964	0.14245766837364288	171.5	24.462899999999998	0.1617979478548328	-0.8380036708648607	baseline
Cn163	NC_026755.1	325	0.38461538461538464	0.42719465042454746	0.18479808468934183	0.275	0.55	171	1561994	0.20806738054051424	337.5	20.0151	0.2160699720997648	-0.6245284809968473	baseline
Cn163	NC_026756.1	342	0.39763979749878636	0.4230096426988015	0.15155802296467602	0.31148648648648647	0.5122395260107124	218	774062	0.4418250734437293	369	25.9455	0.47670600029455	-1.040642886049604	baseline
Cn163	NC_026757.1	211	0.39344262295081966	0.43377576532297835	0.1783019640084891	0.2890756302521008	0.5276019690576652	214	756744	0.27882612878331375	208	21.4977	0.2748617762413709	0.13954981230550245	baseline
Cn163	NC_026758.1	142	0.383499446290144	0.40473241842761987	0.14053069819217331	0.30400540054005404	0.49120553359683794	208.5	942867	0.15060448610461497	147	14.0847	0.15590746096745353	-0.35499513656662907	baseline
Cn164	NC_026745.1	219	0.39361702127659576	0.4223583534740242	0.18539948049566396	0.2675615212527964	0.5314732457287747	207	2291499	0.09557062865835858	220.5	31.875899999999998	0.09622522200533364	-0.04705749484720432	baseline
Cn164	NC_026746.1	106	0.3290943396226415	0.42907803681947587	0.19797777569431832	0.2679525286465064	0.6514680971202711	82.5	1621675	0.06536451508471179	113	6.6716999999999995	0.06968103966577767	-1.0492078480747036	baseline
Cn164	NC_026747.1	91	0.4032258064516129	0.42744764683212516	0.15435308217820848	0.3210738255033557	0.5238380809595202	191	1575141	0.057772605754024556	104	10.3782	0.06602583514745664	-1.2526256961708195	baseline
Cn164	NC_026748.1	385	0.5	0.467073787776779	0.16980414207215316	0.32751091703056767	0.5948275862068966	215	1084805	0.3549024939966169	360.5	18.5325	0.3323177898331958	1.3220018885741267	baseline
Cn164	NC_026749.1	332	0.42465125007819504	0.42445198659732486	0.1700263077661693	0.27684347342937654	0.5305333998005982	198.5	1814975	0.1829226297882891	297	33.3585	0.16363861761181284	1.0492078480747036	baseline
Cn164	NC_026750.1	284	0.43708318708318705	0.42518347573511533	0.1412294353269102	0.32410714285714287	0.5005186721991701	223	1422463	0.19965369925263435	278	11.8608	0.1954356633529308	0.5058680696074465	baseline
Cn164	NC_026751.1	345	0.4174757281553398	0.42861988157904335	0.15159077890644157	0.30666666666666664	0.5313807531380753	210	1399503	0.24651608463861815	343	22.238999999999997	0.24508700588708993	0.08993210126354603	baseline
Cn164	NC_026752.1	305	0.4482758620689655	0.45747009224770724	0.17079648228075414	0.33766233766233766	0.5625	99	1398693	0.2180607181132672	298	14.0847	0.21305604589427415	0.49699319119328067	baseline
Cn164	NC_026753.1	314	0.3852901484480432	0.42028033392871084	0.17212577424166128	0.2857142857142857	0.5065382256175766	206.5	1186808	0.2645752303658216	318	17.7912	0.26794561546602313	-0.22483025315886507	baseline
Cn164	NC_026754.1	177	0.3738738738738739	0.410540449758465	0.18858869478874044	0.25	0.5173913043478261	212	1059964	0.16698680332539598	171.5	24.462899999999998	0.1617979478548328	0.22483025315886507	baseline
Cn164	NC_026755.1	343	0.3744292237442922	0.4160131186209707	0.1947260791950751	0.25806451612903225	0.5282526803824978	194	1561994	0.21959111238583504	337.5	20.0151	0.2160699720997648	0.27479253163861284	baseline
Cn164	NC_026756.1	367	0.38095238095238093	0.4025176257228567	0.15911231009145824	0.26492571324400693	0.5149556279129157	216	774062	0.47412222793523	369	25.9455	0.47670600029455	-0.0770846582258966	baseline
Cn164	NC_026757.1	191	0.4025974025974026	0.4288897403145729	0.1827718146334618	0.26469017094017094	0.5714285714285714	209	756744	0.2523971118370281	208	21.4977	0.2748617762413709	-0.7907822697311806	baseline
Cn164	NC_026758.1	129	0.4108527131782946	0.42400146080555284	0.15599277065521253	0.30158730158730157	0.4847161572052402	206	942867	0.13681675146123473	147	14.0847	0.15590746096745353	-1.2779824916398645	baseline
Cn165	NC_026745.1	199	0.3670886075949367	0.4029776319237217	0.1815174030006009	0.2505707762557078	0.5110882150917476	218	2291499	0.0868427173653578	220.5	31.875899999999998	0.09622522200533364	-0.6744907594765952	baseline
Cn165	NC_026746.1	112	0.4	0.45371515535210954	0.22116208350634606	0.24943693693693694	0.6808894230769231	101	1621675	0.06906439329705398	113	6.6716999999999995	0.06968103966577767	-0.1498868354392434	baseline
Cn165	NC_026747.1	106	0.3699470615500964	0.4086946529820703	0.17039482664675218	0.26682027649769585	0.4957627118644068	169.5	1575141	0.06729556274644619	104	10.3782	0.06602583514745664	0.1927116455647415	baseline
Cn165	NC_026748.1	353	0.4792626728110599	0.47151191645025	0.17184204885888546	0.3076923076923077	0.614406779661017	223	1084805	0.32540410488520977	360.5	18.5325	0.3323177898331958	-0.40469445568595713	baseline
Cn165	NC_026749.1	312	0.438661131292164	0.43045203574098334	0.17130225206475444	0.29068181818181815	0.5232600732600733	202	1814975	0.1719031942588741	297	33.3585	0.16363861761181284	0.44966050631773014	baseline
Cn165	NC_026750.1	264	0.4569550631923857	0.43828110350856314	0.13967649685741215	0.3479043959655198	0.5154185022026432	226	1422463	0.18559357958695588	278	11.8608	0.1954356633529308	-1.1803588290840417	baseline
Cn165	NC_026751.1	342	0.4137151248164464	0.43684654963625524	0.16332317142928945	0.30381493506493507	0.5512931034482759	215	1399503	0.24437246651132583	343	22.238999999999997	0.24508700588708993	-0.044966050631773016	baseline
Cn165	NC_026752.1	294	0.44743351886209026	0.4630688576147436	0.1792260169634213	0.3292138364779874	0.603913693256118	100	1398693	0.21019623319770672	298	14.0847	0.21305604589427415	-0.2839961092533032	baseline
Cn165	NC_026753.1	275	0.3824884792626728	0.41427756335459576	0.17366155461725466	0.27391304347826084	0.49493345432546887	214	1186808	0.23171397563885648	318	17.7912	0.26794561546602313	-2.416925221457799	baseline
Cn165	NC_026754.1	150	0.37767094017094016	0.4243858497347022	0.18871400015846826	0.26808338720103425	0.5497605296520636	217	1059964	0.14151424010626776	171.5	24.462899999999998	0.1617979478548328	-0.8788818987119271	baseline
Cn165	NC_026755.1	277	0.3699421965317919	0.42187342184911963	0.1959953857315718	0.2647058823529412	0.5958904109589042	169	1561994	0.17733742895299215	337.5	20.0151	0.2160699720997648	-3.022717848024741	het_depleted
Cn165	NC_026756.1	343	0.36324786324786323	0.3914888883678939	0.15478641574978758	0.2690493468795355	0.4890298119671279	221	774062	0.4431169596233893	369	25.9455	0.47670600029455	-1.0021005569366557	baseline
Cn165	NC_026757.1	178	0.409375	0.43866293493833947	0.19012423937772946	0.27421968787515005	0.6060229999172665	215	756744	0.23521825082194242	208	21.4977	0.2748617762413709	-1.3954981230550245	baseline
Cn165	NC_026758.1	112	0.42138989487008194	0.4438167368117725	0.16722242058987735	0.3157487623762376	0.5140692640692641	109	942867	0.11878663692758364	147	14.0847	0.15590746096745353	-2.4849659559664032	baseline
Cn166	NC_026745.1	213	0.4051724137931034	0.4344853401924506	0.19233620794693204	0.273224043715847	0.5668202764976958	204	2291499	0.09295225527045835	220.5	31.875899999999998	0.09622522200533364	-0.2352874742360216	baseline
Cn166	NC_026746.1	114	0.3588992974238876	0.4334275189336412	0.1966072903331171	0.28903337851575733	0.6006437768240344	93	1621675	0.07029768603450137	113	6.6716999999999995	0.06968103966577767	0.1498868354392434	baseline
Cn166	NC_026747.1	96	0.385233918128655	0.403473161095263	0.14878118476204027	0.28733766233766234	0.4915158371040724	177	1575141	0.06094692475149843	104	10.3782	0.06602583514745664	-0.770846582258966	baseline
Cn166	NC_026748.1	367	0.47706422018348627	0.47411800591327624	0.17543789696866027	0.3099343185550082	0.6241591928251121	217	1084805	0.33830965012145037	360.5	18.5325	0.3323177898331958	0.3507351949278295	baseline
Cn166	NC_026749.1	310	0.4514701684270625	0.4481299458647808	0.17887674714173807	0.28298650327535574	0.5540979290979291	201	1814975	0.1708012507059326	297	33.3585	0.16363861761181284	0.3897057721420328	baseline
Cn166	NC_026750.1	268	0.4408576291253515	0.42956199394494876	0.13504537973082067	0.34474509156904803	0.5106382978723404	222	1422463	0.18840560352009156	278	11.8608	0.1954356633529308	-0.8431134493457441	baseline
Cn166	NC_026751.1	353	0.4	0.4161619326034638	0.15519965180252251	0.2857142857142857	0.5225225225225225	208	1399503	0.25223239964473104	343	22.238999999999997	0.24508700588708993	0.4496605063177302	baseline
Cn166	NC_026752.1	319	0.42857142857142855	0.4487256268968779	0.17418005370901665	0.30536602700781806	0.5728155339805825	96	1398693	0.2280700625512532	298	14.0847	0.21305604589427415	1.490979573579842	baseline
Cn166	NC_026753.1	319	0.39436619718309857	0.426268641116018	0.18276320472703897	0.2738284066330209	0.5316800458715596	208	1186808	0.26878821174107353	318	17.7912	0.26794561546602313	0.05620756328971627	baseline
Cn166	NC_026754.1	162	0.31891644854377	0.367991766118428	0.1852799276827055	0.20907959443871046	0.47652511616079896	199	1059964	0.15283537931476918	171.5	24.462899999999998	0.1617979478548328	-0.3883431645471306	baseline
Cn166	NC_026755.1	308	0.3723035742402771	0.42058463177415617	0.19263965038930275	0.2598649662415604	0.5513925729442971	153	1561994	0.19718385601993352	337.5	20.0151	0.2160699720997648	-1.4738872151525597	baseline
Cn166	NC_026756.1	373	0.3783783783783784	0.3953645060262897	0.15293475824507488	0.2616822429906542	0.4978540772532189	215	774062	0.48187354501319013	369	25.9455	0.47670600029455	0.1541693164517932	baseline
Cn166	NC_026757.1	199	0.3524590163934426	0.39851916378470925	0.18023807745171663	0.24946351931330474	0.5171988961166962	208	756744	0.2629687186155424	208	21.4977	0.2748617762413709	-0.41864943691650736	baseline
Cn166	NC_026758.1	122	0.38878309249094506	0.4178328531011511	0.16120825231615768	0.2935559881159717	0.49568028485757126	159.5	942867	0.12939258665326075	147	14.0847	0.15590746096745353	-1.774975682833145	baseline
Cn167	NC_018792.1	1	0.21296296296296297	0.21296296296296297	NA	0.21296296296296297	0.21296296296296297	108	NA	NA	1	0	NA	NA	NA
Cn167	NC_026745.1	208	0.3909043927648579	0.4298277915902878	0.19425902854261687	0.26024424575763105	0.5518365817091454	213.5	2291499	0.09077027744720814	220.5	31.875899999999998	0.09622522200533364	-0.39214579039336933	baseline
Cn167	NC_026746.1	106	0.35391304347826086	0.4553212158417173	0.21096127479376267	0.27764137735121647	0.6655405405405406	93	1621675	0.06536451508471179	113	6.6716999999999995	0.06968103966577767	-1.0492078480747036	baseline
Cn167	NC_026747.1	92	0.35043859649122805	0.41226983923919847	0.1727426047414908	0.27933908197066093	0.5334294926183608	202.5	1575141	0.05840746955351933	104	10.3782	0.06602583514745664	-1.1562698733884489	baseline
Cn167	NC_026748.1	364	0.4871242263483643	0.4705144777869922	0.17145051529194497	0.3181047197640118	0.5850446428571429	220	1084805	0.33554417614225596	360.5	18.5325	0.3323177898331958	0.18885741265344666	baseline
Cn167	NC_026749.1	318	0.47304562627143276	0.459162651774518	0.17648277035410817	0.32035714285714284	0.5614439597614174	164	1814975	0.1752090249176986	297	33.3585	0.16363861761181284	0.6295247088448221	baseline
Cn167	NC_026750.1	254	0.46808510638297873	0.44435333100994506	0.13226493114413818	0.36155229247827386	0.5211864406779662	227	1422463	0.17856351975411663	278	11.8608	0.1954356633529308	-2.023472278429786	baseline
Cn167	NC_026751.1	323	0.41379310344827586	0.4319685728889216	0.15891507708838604	0.29695373339441133	0.5367965367965368	220	1399503	0.23079621837180772	343	22.238999999999997	0.24508700588708993	-0.8993210126354604	baseline
Cn167	NC_026752.1	299	0.45695364238410596	0.46281221235807335	0.17443818402415778	0.32882804325078474	0.5833333333333334	104	1398693	0.213770999068416	298	14.0847	0.21305604589427415	0.0709990273133258	baseline
Cn167	NC_026753.1	297	0.39826839826839827	0.4264179163673944	0.17726101840203842	0.2857142857142857	0.5231481481481481	214	1186808	0.250251093689965	318	17.7912	0.26794561546602313	-1.1803588290840417	baseline
Cn167	NC_026754.1	131	0.38565022421524664	0.4058847785949586	0.18303134355145748	0.26472115910333516	0.49470767030216345	213	1059964	0.12358910302614051	171.5	24.462899999999998	0.1617979478548328	-1.6555682278061883	baseline
Cn167	NC_026755.1	329	0.38823529411764707	0.4264346039285788	0.19095202015151352	0.270935960591133	0.583710407239819	170	1561994	0.21062820983947442	337.5	20.0151	0.2160699720997648	-0.4246793670778562	baseline
Cn167	NC_026756.1	353	0.37446808510638296	0.4014163834089642	0.15826914413832852	0.26548672566371684	0.5034013605442177	219	774062	0.4560358214199896	369	25.9455	0.47670600029455	-0.6166772658071727	baseline
Cn167	NC_026757.1	182	0.38979328165374677	0.4167305361416944	0.18229690909811094	0.25820154036098536	0.5108473473938493	214	756744	0.24050405421119955	208	21.4977	0.2748617762413709	-1.209431706647688	baseline
Cn167	NC_026758.1	136	0.379746835443038	0.4114200970165042	0.16202601978626013	0.29557879288204	0.4872333548804137	122.5	942867	0.1442409162692087	147	14.0847	0.15590746096745353	-0.7809893004465839	baseline
Cn168	NC_018792.1	1	0.5897435897435898	0.5897435897435898	NA	0.5897435897435898	0.5897435897435898	39	NA	NA	1	0	NA	NA	NA
Cn168	NC_026745.1	215	0.395	0.4260570195627258	0.18053402216094258	0.2697151816043899	0.541012628348873	210	2291499	0.09382504639975842	220.5	31.875899999999998	0.09622522200533364	-0.1725441477730825	baseline
Cn168	NC_026746.1	113	0.33766233766233766	0.43803495790481356	0.19456574092046103	0.2826086956521739	0.6181818181818182	79	1621675	0.06968103966577767	113	6.6716999999999995	0.06968103966577767	0	baseline
Cn168	NC_026747.1	103	0.38493723849372385	0.42364968621895216	0.17167369489512285	0.28948791225766585	0.5057287084747182	155	1575141	0.06539097134796186	104	10.3782	0.06602583514745664	-0.09635582278237075	baseline
Cn168	NC_026748.1	371	0.4807692307692308	0.46688684086628707	0.17666612125440825	0.3002222135589256	0.6148936170212767	219	1084805	0.3419969487603763	360.5	18.5325	0.3323177898331958	0.56657223796034	baseline
Cn168	NC_026749.1	317	0.4632352941176471	0.445535566049912	0.17039863094458005	0.30303030303030304	0.5466101694915254	193	1814975	0.17465805314122784	297	33.3585	0.16363861761181284	0.5995473417569736	baseline
Cn168	NC_026750.1	266	0.4512703115180896	0.435934159469632	0.14664092790239247	0.34017747858017133	0.5058337919647771	225	1422463	0.18699959155352372	278	11.8608	0.1954356633529308	-1.011736139214893	baseline
Cn168	NC_026751.1	333	0.4388185654008439	0.43622424954816796	0.1583403334274977	0.30687830687830686	0.5387931034482759	217	1399503	0.23794161212944884	343	22.238999999999997	0.24508700588708993	-0.4496605063177302	baseline
Cn168	NC_026752.1	299	0.43137254901960786	0.44478091153779764	0.16890228165447407	0.30698338525441327	0.5464114832535885	94	1398693	0.213770999068416	298	14.0847	0.21305604589427415	0.0709990273133258	baseline
Cn168	NC_026753.1	334	0.3780238040034006	0.41218845767793	0.17015809189215605	0.28097571979329017	0.5032608695652174	213	1186808	0.28142715586682937	318	17.7912	0.26794561546602313	0.8993210126354603	baseline
Cn168	NC_026754.1	150	0.3220918174962293	0.3820792190471379	0.18397506628323843	0.23090005232862376	0.47529271968467424	212	1059964	0.14151424010626776	171.5	24.462899999999998	0.1617979478548328	-0.8788818987119271	baseline
Cn168	NC_026755.1	309	0.37168141592920356	0.41606346338113903	0.18904541002543646	0.2653061224489796	0.5333333333333333	202	1561994	0.19782406334467356	337.5	20.0151	0.2160699720997648	-1.423924936672812	baseline
Cn168	NC_026756.1	349	0.43577981651376146	0.4069619403170262	0.15782913572486634	0.25675675675675674	0.5114155251141552	218	774062	0.4508682767013495	369	25.9455	0.47670600029455	-0.770846582258966	baseline
Cn168	NC_026757.1	201	0.4156378600823045	0.44137475352854133	0.18658755766436977	0.281767955801105	0.5714285714285714	217	756744	0.26561162031017094	208	21.4977	0.2748617762413709	-0.3256162287128391	baseline
Cn168	NC_026758.1	147	0.37815126050420167	0.4029492673958062	0.16433817911877238	0.2764591730108972	0.49661471896158005	213	942867	0.15590746096745353	147	14.0847	0.15590746096745353	0	baseline
Cn169	NC_026745.1	239	0.38181818181818183	0.4162652919885707	0.18226003557657378	0.27055052790346906	0.537848333196598	200	2291499	0.10429853995135936	220.5	31.875899999999998	0.09622522200533364	0.5803757697821866	baseline
Cn169	NC_026746.1	123	0.3380952380952381	0.42726023590663953	0.19739432964038411	0.28104351788562315	0.6020833333333333	90	1621675	0.07584750335301463	113	6.6716999999999995	0.06968103966577767	1.4988683543924337	baseline
Cn169	NC_026747.1	97	0.39316239316239315	0.4219665631623329	0.15463428071052038	0.3090909090909091	0.5280373831775701	187	1575141	0.06158178855099321	104	10.3782	0.06602583514745664	-0.6744907594765952	baseline
Cn169	NC_026748.1	355	0.5021834061135371	0.4875755757204797	0.18560955852279024	0.31111725663716816	0.6468169537318473	213	1084805	0.3272477542046727	360.5	18.5325	0.3323177898331958	-0.2967759341697019	baseline
Cn169	NC_026749.1	316	0.42365967365967366	0.43041804591024363	0.1560893380264121	0.3108101536666018	0.5146539548022598	192.5	1814975	0.1741070813647571	297	33.3585	0.16363861761181284	0.5695699746691248	baseline
Cn169	NC_026750.1	268	0.44617860016090105	0.4260163527675539	0.14191226010142532	0.33607431267580073	0.4928528886241811	219.5	1422463	0.18840560352009156	278	11.8608	0.1954356633529308	-0.8431134493457441	baseline
Cn169	NC_026751.1	336	0.42857142857142855	0.4399951842874635	0.15979088561824903	0.31471373119844737	0.5479565233356589	206.5	1399503	0.24008523025674117	343	22.238999999999997	0.24508700588708993	-0.31476235442241113	baseline
Cn169	NC_026752.1	302	0.41522988505747127	0.44138032948412526	0.1710962871756095	0.2966487821495486	0.5590277777777779	95	1398693	0.2159158585908416	298	14.0847	0.21305604589427415	0.2839961092533032	baseline
Cn169	NC_026753.1	320	0.3868833525820822	0.41900604577481365	0.17680147441330313	0.2760669655830946	0.5162524287564767	200	1186808	0.26963080801612394	318	17.7912	0.26794561546602313	0.11241512657943253	baseline
Cn169	NC_026754.1	167	0.32242990654205606	0.37384866212426526	0.1817443943497092	0.21889136667728576	0.47332859174964437	205	1059964	0.1575525206516448	171.5	24.462899999999998	0.1617979478548328	-0.1839520253117987	baseline
Cn169	NC_026755.1	348	0.3676967648478996	0.41468200194972127	0.19267312291905458	0.25830314009661837	0.5334661354581673	185	1561994	0.22279214900953526	337.5	20.0151	0.2160699720997648	0.5246039240373518	baseline
Cn169	NC_026756.1	376	0.40949549382142525	0.40505402661698636	0.1586514763517041	0.26700913242009133	0.5097149735000202	211	774062	0.4857492035521702	369	25.9455	0.47670600029455	0.26979630379063807	baseline
Cn169	NC_026757.1	198	0.4037405628002745	0.42611809986777976	0.19255515772146234	0.25027533039647576	0.5650862068965516	196	756744	0.2616472677682281	208	21.4977	0.2748617762413709	-0.4651660410183415	baseline
Cn169	NC_026758.1	146	0.38510430247718386	0.41773245740623755	0.17900264759069354	0.259865005192108	0.5271892655367232	210	942867	0.1548468659948858	147	14.0847	0.15590746096745353	-0.0709990273133258	baseline
Cn16901	NC_026745.1	227	0.38288288288288286	0.4157338318062597	0.1849630390752362	0.2516123926720215	0.5140594699418228	212	2291499	0.0990617931755589	220.5	31.875899999999998	0.09622522200533364	0.20391581100455206	baseline
Cn16901	NC_026746.1	113	0.3604060913705584	0.4210418743661923	0.18769547646502546	0.25943396226415094	0.5833333333333334	65	1621675	0.06968103966577767	113	6.6716999999999995	0.06968103966577767	0	baseline
Cn16901	NC_026747.1	95	0.3717948717948718	0.4102196083753829	0.162887993667364	0.2727583320521362	0.5384615384615384	152	1575141	0.06031206095200366	104	10.3782	0.06602583514745664	-0.8672024050413367	baseline
Cn16901	NC_026748.1	363	0.47540983606557374	0.46943006610217525	0.16589732243771851	0.313579163008487	0.6012684720099002	219	1084805	0.3346223514825245	360.5	18.5325	0.3323177898331958	0.13489815189531904	baseline
Cn16901	NC_026749.1	287	0.4661016949152542	0.4499369143506381	0.1790109721876477	0.2957671957671958	0.5624118093997612	205	1814975	0.15812889984710535	297	33.3585	0.16363861761181284	-0.2997736708784868	baseline
Cn16901	NC_026750.1	259	0.4444444444444444	0.42593053309387474	0.13894523213432936	0.3319386331938633	0.4978632088393754	227	1422463	0.18207854967053624	278	11.8608	0.1954356633529308	-1.6019155537569136	baseline
Cn16901	NC_026751.1	344	0.42257245425094125	0.4380725241630279	0.1653025915656857	0.30434782608695654	0.5286411507834575	214.5	1399503	0.24580154526285403	343	22.238999999999997	0.24508700588708993	0.044966050631773016	baseline
Cn16901	NC_026752.1	313	0.43478260869565216	0.45414618618629093	0.16902519093627807	0.32335329341317365	0.5833333333333334	86	1398693	0.22378034350640205	298	14.0847	0.21305604589427415	1.0649854096998872	baseline
Cn16901	NC_026753.1	338	0.38520109332292074	0.4195551459438855	0.17643919101089225	0.27967222541690623	0.5022988868547862	204.5	1186808	0.2847975409670309	318	17.7912	0.26794561546602313	1.1241512657943253	baseline
Cn16901	NC_026754.1	164	0.3214756258234519	0.3830001624419989	0.19230783514036165	0.22254464285714287	0.47751322751322745	200.5	1059964	0.1547222358495194	171.5	24.462899999999998	0.1617979478548328	-0.3065867088529978	baseline
Cn16901	NC_026755.1	312	0.3601308245174837	0.4133748789125915	0.18419697836310886	0.2536415289256198	0.5427178899082569	199	1561994	0.1997446853188937	337.5	20.0151	0.2160699720997648	-1.2740381012335686	baseline
Cn16901	NC_026756.1	356	0.3971872816212439	0.4002064608973398	0.14088321327227432	0.29817073170731706	0.48454545454545456	220	774062	0.4599114799589697	369	25.9455	0.47670600029455	-0.5010502784683278	baseline
Cn16901	NC_026757.1	226	0.42394702438469845	0.44322533956129984	0.1768426334480668	0.30094780772325025	0.5583804143126176	187	756744	0.298647891493028	208	21.4977	0.2748617762413709	0.8372988738330147	baseline
Cn16901	NC_026758.1	146	0.3603544776119403	0.39707908963421384	0.15472511334632458	0.28476190476190477	0.49833333333333335	213	942867	0.1548468659948858	147	14.0847	0.15590746096745353	-0.0709990273133258	baseline
Cn16902	NC_026745.1	221	0.3832599118942731	0.422488753271581	0.17657655035759728	0.28169014084507044	0.5454545454545454	210	2291499	0.09644341978765865	220.5	31.875899999999998	0.09622522200533364	0.015685831615734773	baseline
Cn16902	NC_026746.1	107	0.3684210526315789	0.4202384313824015	0.18083832257880297	0.26989362196311606	0.575187969924812	77	1621675	0.0659811614534355	113	6.6716999999999995	0.06968103966577767	-0.8993210126354603	baseline
Cn16902	NC_026747.1	95	0.40594059405940597	0.402380632815773	0.15973425928699184	0.27250978111451835	0.5021551724137931	194	1575141	0.06031206095200366	104	10.3782	0.06602583514745664	-0.8672024050413367	baseline
Cn16902	NC_026748.1	357	0.48905109489051096	0.4701251080267094	0.16673440223152777	0.3	0.6025641025641025	219	1084805	0.32909140352413563	360.5	18.5325	0.3323177898331958	-0.18885741265344666	baseline
Cn16902	NC_026749.1	296	0.4412093283061025	0.4356594882221137	0.17011064442356047	0.2831858407079646	0.5468870876995569	199	1814975	0.1630876458353421	297	33.3585	0.16363861761181284	-0.029977367087848674	baseline
Cn16902	NC_026750.1	263	0.459915611814346	0.43640051153719767	0.1369006199526006	0.35377767886947814	0.507824869078066	225	1422463	0.18489057360367195	278	11.8608	0.1954356633529308	-1.264670174018616	baseline
Cn16902	NC_026751.1	321	0.41935483870967744	0.4333578663876919	0.1575904932541044	0.2948717948717949	0.5384615384615384	217	1399503	0.2293671396202795	343	22.238999999999997	0.24508700588708993	-0.9892531138990064	baseline
Cn16902	NC_026752.1	291	0.42857142857142855	0.4468983973687731	0.17267335758152358	0.2939857761286333	0.5803827751196172	81	1398693	0.20805137367528115	298	14.0847	0.21305604589427415	-0.49699319119328067	baseline
Cn16902	NC_026753.1	317	0.37280701754385964	0.41886271624230287	0.17468717044241236	0.28205128205128205	0.4888888888888889	207	1186808	0.26710301919097273	318	17.7912	0.26794561546602313	-0.05620756328971627	baseline
Cn16902	NC_026754.1	156	0.3347422834322398	0.3735393645738935	0.18615991033417237	0.19916317991631802	0.4882509303561935	208	1059964	0.14717480971051847	171.5	24.462899999999998	0.1617979478548328	-0.6336125316295289	baseline
Cn16902	NC_026755.1	298	0.3899576319706859	0.418702970598387	0.17714304183892193	0.2778985507246377	0.5437256528639446	198	1561994	0.19078178277253308	337.5	20.0151	0.2160699720997648	-1.9735099999500376	baseline
Cn16902	NC_026756.1	343	0.415929203539823	0.40246458680435976	0.14722554232391064	0.2663120567375886	0.4952554416261918	218	774062	0.4431169596233893	369	25.9455	0.47670600029455	-1.0021005569366557	baseline
Cn16902	NC_026757.1	190	0.42857142857142855	0.43819508285931347	0.17046534655746579	0.27788566573613305	0.5431519699812383	202	756744	0.25107566098971384	208	21.4977	0.2748617762413709	-0.8372988738330147	baseline
Cn16902	NC_026758.1	145	0.3807531380753138	0.4013862113997461	0.15020694070153429	0.2807017543859649	0.4780701754385965	206	942867	0.1537862710223181	147	14.0847	0.15590746096745353	-0.1419980546266516	baseline
Cn16903	NC_026745.1	247	0.38202247191011235	0.40930869574585804	0.19264858219314496	0.24674195151582087	0.5148848326814428	203	2291499	0.10778970446855968	220.5	31.875899999999998	0.09622522200533364	0.8313490756339429	baseline
Cn16903	NC_026746.1	117	0.35	0.43440918811746343	0.19445705381416933	0.27802690582959644	0.6243386243386243	72	1621675	0.07214762514067245	113	6.6716999999999995	0.06968103966577767	0.5995473417569736	baseline
Cn16903	NC_026747.1	99	0.38317757009345793	0.40510894683297866	0.17132381412077075	0.24684873949579833	0.5	198	1575141	0.06285151614998276	104	10.3782	0.06602583514745664	-0.4817791139118537	baseline
Cn16903	NC_026748.1	374	0.48863049095607236	0.4721473800269739	0.18391954876407224	0.2870923913043478	0.6291557544012804	212	1084805	0.3447624227395707	360.5	18.5325	0.3323177898331958	0.7284500202347228	baseline
Cn16903	NC_026749.1	298	0.46901766200011813	0.44746825089829206	0.1668378118610223	0.304858934169279	0.5625	190.5	1814975	0.1641895893882836	297	33.3585	0.16363861761181284	0.029977367087848674	baseline
Cn16903	NC_026750.1	266	0.4356211317418214	0.42789240531905637	0.14134188898393676	0.33898371437519575	0.5082403543139425	224	1422463	0.18699959155352372	278	11.8608	0.1954356633529308	-1.011736139214893	baseline
Cn16903	NC_026751.1	330	0.4092357910906298	0.4259310589931903	0.157504609692818	0.29439775910364147	0.5275628626692457	211	1399503	0.23579799400215648	343	22.238999999999997	0.24508700588708993	-0.5845586582130492	baseline
Cn16903	NC_026752.1	291	0.42452830188679247	0.44584720473820366	0.165820096873526	0.3025568181818182	0.5714285714285714	91	1398693	0.20805137367528115	298	14.0847	0.21305604589427415	-0.49699319119328067	baseline
Cn16903	NC_026753.1	332	0.37527718596460713	0.4038875955974178	0.17278438107677127	0.2635167464114832	0.48791248206599713	201.5	1186808	0.27974196331672857	318	17.7912	0.26794561546602313	0.7869058860560277	baseline
Cn16903	NC_026754.1	153	0.3383838383838384	0.38275993953287996	0.1774299602221877	0.2413793103448276	0.4722222222222222	206	1059964	0.1443445249083931	171.5	24.462899999999998	0.1617979478548328	-0.756247215170728	baseline
Cn16903	NC_026755.1	353	0.38461538461538464	0.42241261597472723	0.1792645163479576	0.27232142857142855	0.5384615384615384	191	1561994	0.22599318563323548	337.5	20.0151	0.2160699720997648	0.7744153164360907	baseline
Cn16903	NC_026756.1	376	0.4186644803799615	0.40025111905050953	0.15675727163487602	0.2559177740863787	0.4941162747293766	213	774062	0.4857492035521702	369	25.9455	0.47670600029455	0.26979630379063807	baseline
Cn16903	NC_026757.1	197	0.46396396396396394	0.45199211392454036	0.1793154254747865	0.2897196261682243	0.5570776255707762	199	756744	0.2603258169209138	208	21.4977	0.2748617762413709	-0.5116826451201757	baseline
Cn16903	NC_026758.1	158	0.3573131794851069	0.39500835906390314	0.15609929515082344	0.29103965629709605	0.47368421052631576	204	942867	0.16757400566569836	147	14.0847	0.15590746096745353	0.7809893004465839	baseline
Cn169b	NC_026745.1	228	0.4069264069264069	0.42556554220992	0.1691346852136709	0.27904481485178156	0.5160683811564869	200	2291499	0.09949818874020892	220.5	31.875899999999998	0.09622522200533364	0.2352874742360216	baseline
Cn169b	NC_026746.1	121	0.37850467289719625	0.4370941080249315	0.1805603557777308	0.3167420814479638	0.6052631578947368	89	1621675	0.07461421061556724	113	6.6716999999999995	0.06968103966577767	1.199094683513947	baseline
Cn169b	NC_026747.1	99	0.3933649289099526	0.42386144341756093	0.1482923278262479	0.330011655011655	0.5098577892695539	195	1575141	0.06285151614998276	104	10.3782	0.06602583514745664	-0.4817791139118537	baseline
Cn169b	NC_026748.1	371	0.5	0.4688677102344966	0.17111820437061326	0.2995535714285714	0.5802975273314257	212	1084805	0.3419969487603763	360.5	18.5325	0.3323177898331958	0.56657223796034	baseline
Cn169b	NC_026749.1	306	0.4652147610405324	0.4596878028547096	0.16784807425104287	0.33179141695653996	0.5535714285714286	186.5	1814975	0.1685973636000496	297	33.3585	0.16363861761181284	0.26979630379063807	baseline
Cn169b	NC_026750.1	271	0.4798206278026906	0.4468246070801681	0.14274638626535288	0.33657560056523783	0.5240955391640323	219	1422463	0.19051462146994333	278	11.8608	0.1954356633529308	-0.5901794145420208	baseline
Cn169b	NC_026751.1	334	0.4209335556084782	0.4324856348674766	0.15174049968111417	0.3127160138248848	0.5358765845491509	208	1399503	0.23865615150521294	343	22.238999999999997	0.24508700588708993	-0.40469445568595713	baseline
Cn169b	NC_026752.1	305	0.4251968503937008	0.44827402022214013	0.1761639291647525	0.31100478468899523	0.5692307692307692	93	1398693	0.2180607181132672	298	14.0847	0.21305604589427415	0.49699319119328067	baseline
Cn169b	NC_026753.1	340	0.38324074074074077	0.4086428767817771	0.17835752628196055	0.25850918059742395	0.4921082729698818	203	1186808	0.28648273351713166	318	17.7912	0.26794561546602313	1.2365663923737578	baseline
Cn169b	NC_026754.1	144	0.33913438256658596	0.37221224865860086	0.1814282050432024	0.22064777327935223	0.44359524273737566	202.5	1059964	0.13585367050201705	171.5	24.462899999999998	0.1617979478548328	-1.1241512657943253	baseline
Cn169b	NC_026755.1	336	0.34180320873869263	0.40726593450197457	0.19035646679714416	0.26480660757453667	0.5234431100656185	186	1561994	0.21510966111265473	337.5	20.0151	0.2160699720997648	-0.07494341771962168	baseline
Cn169b	NC_026756.1	369	0.4144144144144144	0.4115744548368223	0.1602738558473403	0.28426395939086296	0.5068493150684932	211	774062	0.47670600029455	369	25.9455	0.47670600029455	0	baseline
Cn169b	NC_026757.1	225	0.3767123287671233	0.40115493848502126	0.17900026771275646	0.25	0.512396694214876	199	756744	0.29732644064571373	208	21.4977	0.2748617762413709	0.7907822697311806	baseline
Cn169b	NC_026758.1	159	0.357487922705314	0.39323532661103355	0.15801820700647104	0.271780303030303	0.4824561403508772	207	942867	0.16863460063826607	147	14.0847	0.15590746096745353	0.8519883277599097	baseline
Cn17	NC_018792.1	1	0.75	0.75	NA	0.75	0.75	32	NA	NA	1	0	NA	NA	NA
Cn17	NC_026745.1	247	0.3463203463203463	0.39607115942951093	0.1888855264446637	0.23271742593182543	0.525955017807484	185	2291499	0.10778970446855968	220.5	31.875899999999998	0.09622522200533364	0.8313490756339429	baseline
Cn17	NC_026746.1	155	0.40540540540540543	0.43899148293716506	0.19337888120921096	0.26486771516346463	0.6200463201235203	100	1621675	0.09558018715217291	113	6.6716999999999995	0.06968103966577767	6.295247088448222	het_enriched
Cn17	NC_026747.1	129	0.40487804878048783	0.42431811432717426	0.19409791354437556	0.25396825396825395	0.5555555555555556	170	1575141	0.08189743013482602	104	10.3782	0.06602583514745664	2.4088955695592684	baseline
Cn17	NC_026748.1	403	0.46798029556650245	0.4597667738028315	0.16855682307711928	0.3253125361731682	0.5856499356499356	195	1084805	0.3714953378717834	360.5	18.5325	0.3323177898331958	2.2932685822204237	baseline
Cn17	NC_026749.1	382	0.3588415483152325	0.3943254481617234	0.17180395810955612	0.26788908765652947	0.4782025486250838	174	1814975	0.21047121861182663	297	33.3585	0.16363861761181284	2.5480762024671373	baseline
Cn17	NC_026750.1	329	0.43414634146341463	0.407091550888364	0.1599151297714742	0.25906735751295334	0.49261083743842365	200	1422463	0.23128896850041092	278	11.8608	0.1954356633529308	4.299878591663295	het_enriched
Cn17	NC_026751.1	372	0.4094251171971379	0.41870568674681746	0.17218698921355632	0.2766419189034837	0.5184977196923286	184	1399503	0.2658086477842491	343	22.238999999999997	0.24508700588708993	1.3040154683214176	baseline
Cn17	NC_026752.1	333	0.39375	0.4069475366774539	0.17977700591707457	0.25	0.5168539325842697	114	1398693	0.23807940698923924	298	14.0847	0.21305604589427415	2.4849659559664032	baseline
Cn17	NC_026753.1	310	0.3460627050674444	0.409178425851679	0.19596652250298177	0.25806451612903225	0.548048418972332	194.5	1186808	0.26120484526562004	318	17.7912	0.26794561546602313	-0.44966050631773014	baseline
Cn17	NC_026754.1	232	0.3229967948717949	0.3711141468070987	0.18542240833378681	0.22267512077294685	0.4885381828316611	178	1059964	0.21887535803102748	171.5	24.462899999999998	0.1617979478548328	2.473132784747516	baseline
Cn17	NC_026755.1	378	0.3782828282828283	0.4074278587388258	0.17734385124484445	0.2631578947368421	0.5104621671128646	168	1561994	0.24199836875173658	337.5	20.0151	0.2160699720997648	2.0234722784297854	baseline
Cn17	NC_026756.1	414	0.37183131407269343	0.3841447455078024	0.15572581624978904	0.2550682712335108	0.46805890367885966	188	774062	0.5348408783792513	369	25.9455	0.47670600029455	1.7344048100826734	baseline
Cn17	NC_026757.1	237	0.33620689655172414	0.4041171442249427	0.190787464394412	0.25	0.5405405405405406	186	756744	0.31318385081348515	208	21.4977	0.2748617762413709	1.3489815189531904	baseline
Cn17	NC_026758.1	159	0.3793103448275862	0.3967377013493534	0.18112312889934576	0.233495670995671	0.5045454545454545	186	942867	0.16863460063826607	147	14.0847	0.15590746096745353	0.8519883277599097	baseline
Cn170	NC_026745.1	200	0.3990851592500565	0.4272419253230206	0.1880618185825934	0.2658498852180856	0.5396763532052882	214.5	2291499	0.08727911293000783	220.5	31.875899999999998	0.09622522200533364	-0.6431190962451256	baseline
Cn170	NC_026746.1	114	0.3515262515262515	0.4177406573232598	0.19567115244109728	0.25722273998136064	0.6064814814814815	81.5	1621675	0.07029768603450137	113	6.6716999999999995	0.06968103966577767	0.1498868354392434	baseline
Cn170	NC_026747.1	97	0.3852813852813853	0.4071664913808537	0.16133959159514835	0.25675675675675674	0.5	153	1575141	0.06158178855099321	104	10.3782	0.06602583514745664	-0.6744907594765952	baseline
Cn170	NC_026748.1	385	0.48739495798319327	0.46762098035992195	0.1762966351878289	0.3062200956937799	0.6065573770491803	218	1084805	0.3549024939966169	360.5	18.5325	0.3323177898331958	1.3220018885741267	baseline
Cn170	NC_026749.1	331	0.44166666666666665	0.45533563543183525	0.17538473887236633	0.3051848762857937	0.5701587301587301	207	1814975	0.18237165801181834	297	33.3585	0.16363861761181284	1.0192304809868549	baseline
Cn170	NC_026750.1	280	0.4672489082969432	0.4365258968918485	0.14639211243506806	0.33449612403100776	0.5021834061135371	226	1422463	0.19684167531949864	278	11.8608	0.1954356633529308	0.1686226898691488	baseline
Cn170	NC_026751.1	339	0.4	0.4258042438280285	0.15184195566679204	0.29759716386554624	0.5350904193920739	219	1399503	0.2422288483840335	343	22.238999999999997	0.24508700588708993	-0.17986420252709207	baseline
Cn170	NC_026752.1	319	0.4520547945205479	0.45625867506790235	0.17261444736533496	0.3087629788757609	0.5555555555555556	110	1398693	0.2280700625512532	298	14.0847	0.21305604589427415	1.490979573579842	baseline
Cn170	NC_026753.1	298	0.3924582104228122	0.4200169472282904	0.1740614206120758	0.2843106674984404	0.5150343106674984	215.5	1186808	0.2510936899650154	318	17.7912	0.26794561546602313	-1.1241512657943253	baseline
Cn170	NC_026754.1	173	0.31981981981981983	0.38722146256106865	0.19004229166673642	0.2391304347826087	0.5	216	1059964	0.1632130902558955	171.5	24.462899999999998	0.1617979478548328	0.06131734177059957	baseline
Cn170	NC_026755.1	317	0.36	0.427549308096694	0.20204620725102723	0.25925925925925924	0.5789473684210527	190	1561994	0.2029457219425939	337.5	20.0151	0.2160699720997648	-1.0242267088348296	baseline
Cn170	NC_026756.1	327	0.41228070175438597	0.4142350496731939	0.16781054615736896	0.2687558247903076	0.53404316963639	221	774062	0.4224467807488289	369	25.9455	0.47670600029455	-1.6187778227438285	baseline
Cn170	NC_026757.1	198	0.41127654381254575	0.43213509455082605	0.18092799977872023	0.2913435670200981	0.549709662268904	210	756744	0.2616472677682281	208	21.4977	0.2748617762413709	-0.4651660410183415	baseline
Cn170	NC_026758.1	143	0.4017094017094017	0.41375100439963475	0.15751107509880458	0.29591836734693877	0.49361702127659574	206	942867	0.15166508107718268	147	14.0847	0.15590746096745353	-0.2839961092533032	baseline
Cn171	NC_026745.1	225	0.40271493212669685	0.4276041042591118	0.1702992087886371	0.2903225806451613	0.5517241379310345	208	2291499	0.09818900204625881	220.5	31.875899999999998	0.09622522200533364	0.14117248454161296	baseline
Cn171	NC_026746.1	118	0.3449519230769231	0.43192289390491884	0.1990523744627617	0.27481991857187593	0.6351351351351351	80.5	1621675	0.07276427150939616	113	6.6716999999999995	0.06968103966577767	0.7494341771962169	baseline
Cn171	NC_026747.1	108	0.40856651939126165	0.4214636393592281	0.17028719094040656	0.2713178294573643	0.5405275932549821	176	1575141	0.06856529034543574	104	10.3782	0.06602583514745664	0.385423291129483	baseline
Cn171	NC_026748.1	362	0.4751844399731724	0.4584193118091004	0.17057266740289032	0.3083919609003441	0.5796683489545782	215	1084805	0.333700526822793	360.5	18.5325	0.3323177898331958	0.08093889113719142	baseline
Cn171	NC_026749.1	274	0.4553062000760746	0.44485064576398414	0.17055314492721318	0.2962962962962963	0.5443722943722944	209	1814975	0.15096626675298558	297	33.3585	0.16363861761181284	-0.6894794430205196	baseline
Cn171	NC_026750.1	287	0.4260869565217391	0.41183978917200226	0.14314126706577637	0.318715322236449	0.4780287984111221	219	1422463	0.20176271720248612	278	11.8608	0.1954356633529308	0.7588021044111696	baseline
Cn171	NC_026751.1	350	0.390831817989597	0.4199349134175235	0.15705747356972252	0.28851110229976207	0.5262023593466425	203	1399503	0.2500887815174387	343	22.238999999999997	0.24508700588708993	0.31476235442241113	baseline
Cn171	NC_026752.1	296	0.45454545454545453	0.4573262805910206	0.16276483663179564	0.35092673831980703	0.5373596593108788	99	1398693	0.21162613954599044	298	14.0847	0.21305604589427415	-0.1419980546266516	baseline
Cn171	NC_026753.1	337	0.390625	0.41184055353463767	0.17491776803504236	0.25882352941176473	0.5190476190476191	202	1186808	0.2839549446919805	318	17.7912	0.26794561546602313	1.067943702504609	baseline
Cn171	NC_026754.1	149	0.36619718309859156	0.3989884799763202	0.17559852383758576	0.2621359223300971	0.5089285714285714	207	1059964	0.14057081183889264	171.5	24.462899999999998	0.1617979478548328	-0.9197601265589935	baseline
Cn171	NC_026755.1	339	0.35	0.403513067457299	0.18369290099926483	0.2675324675324675	0.5	176	1561994	0.21703028308687486	337.5	20.0151	0.2160699720997648	0.07494341771962168	baseline
Cn171	NC_026756.1	359	0.4018264840182648	0.40613232862257076	0.16522515667605656	0.26530091805508327	0.5241242913952111	212	774062	0.4637871384979498	369	25.9455	0.47670600029455	-0.385423291129483	baseline
Cn171	NC_026757.1	206	0.38461538461538464	0.42032003618926106	0.18691761239776544	0.248723089911355	0.5501567398119123	210	756744	0.2722188745467424	208	21.4977	0.2748617762413709	-0.09303320820366831	baseline
Cn171	NC_026758.1	141	0.3902439024390244	0.413929469053458	0.15569010220300297	0.3	0.5	212	942867	0.14954389113204727	147	14.0847	0.15590746096745353	-0.42599416387995487	baseline
Cn172	NC_026745.1	227	0.37155963302752293	0.4131020699076614	0.1867459588057693	0.2671361502347418	0.5261040207815677	209	2291499	0.0990617931755589	220.5	31.875899999999998	0.09622522200533364	0.20391581100455206	baseline
Cn172	NC_026746.1	109	0.34269662921348315	0.4213425492786856	0.18971653346379586	0.27450980392156865	0.6080402010050251	84	1621675	0.06721445419088289	113	6.6716999999999995	0.06968103966577767	-0.5995473417569736	baseline
Cn172	NC_026747.1	100	0.3767306088407006	0.40538491396104853	0.15188858424516113	0.2698412698412698	0.5238095238095238	197.5	1575141	0.06348637994947753	104	10.3782	0.06602583514745664	-0.385423291129483	baseline
Cn172	NC_026748.1	359	0.4896551724137931	0.4733645556982644	0.17914746174918295	0.30701298701298696	0.6079211796946365	220	1084805	0.3309350528435986	360.5	18.5325	0.3323177898331958	-0.08093889113719142	baseline
Cn172	NC_026749.1	319	0.4375	0.43757384936353816	0.1771492671455566	0.28974617672047576	0.5455882352941177	199	1814975	0.17575999669416936	297	33.3585	0.16363861761181284	0.6595020759326709	baseline
Cn172	NC_026750.1	259	0.44206008583690987	0.43027882265742723	0.13677321736733594	0.34941741183757213	0.4956702654071075	224	1422463	0.18207854967053624	278	11.8608	0.1954356633529308	-1.6019155537569136	baseline
Cn172	NC_026751.1	339	0.4144144144144144	0.42968239147535664	0.15671494868436708	0.30530479566060276	0.5185885378680282	210	1399503	0.2422288483840335	343	22.238999999999997	0.24508700588708993	-0.17986420252709207	baseline
Cn172	NC_026752.1	301	0.43373493975903615	0.45578151053154586	0.18108681813312602	0.3103448275862069	0.5833333333333334	111	1398693	0.21520090541669973	298	14.0847	0.21305604589427415	0.21299708193997743	baseline
Cn172	NC_026753.1	310	0.37291807718348	0.4076179941351574	0.17287807687284729	0.27963489805595065	0.4901712243371291	211.5	1186808	0.26120484526562004	318	17.7912	0.26794561546602313	-0.44966050631773014	baseline
Cn172	NC_026754.1	163	0.3470319634703196	0.397361538276065	0.18115118956506995	0.24228835439597773	0.49997113997113996	215	1059964	0.1537788075821443	171.5	24.462899999999998	0.1617979478548328	-0.34746493670006423	baseline
Cn172	NC_026755.1	313	0.3548387096774194	0.40374518629080497	0.19080261866711393	0.25416666666666665	0.5	201	1561994	0.20038489264363374	337.5	20.0151	0.2160699720997648	-1.2240758227538209	baseline
Cn172	NC_026756.1	354	0.39108672512544984	0.4071702154043722	0.1600186422059753	0.26416022249355586	0.5290934555640439	216	774062	0.45732770759964964	369	25.9455	0.47670600029455	-0.5781349366942244	baseline
Cn172	NC_026757.1	196	0.40209951413270917	0.4346964332910371	0.19099019421515376	0.26994202319072375	0.5755879059350504	196.5	756744	0.2590043660735995	208	21.4977	0.2748617762413709	-0.5581992492220098	baseline
Cn172	NC_026758.1	128	0.36522429535529977	0.4048216904953752	0.16886404847081618	0.27548062252059813	0.48538916391639164	140	942867	0.135756156488667	147	14.0847	0.15590746096745353	-1.3489815189531904	baseline
Cn173	NC_026745.1	218	0.408673894912427	0.4187616859216824	0.1798179266854627	0.27151515151515154	0.5313920114805071	213.5	2291499	0.09513423309370854	220.5	31.875899999999998	0.09622522200533364	-0.07842915807867386	baseline
Cn173	NC_026746.1	115	0.3813559322033898	0.45321696849246107	0.2177586609400913	0.2648451350505788	0.6796370296370297	94	1621675	0.07091433240322506	113	6.6716999999999995	0.06968103966577767	0.2997736708784868	baseline
Cn173	NC_026747.1	99	0.3939393939393939	0.42089997144182034	0.16235531694738398	0.302520063001575	0.5197870452528838	199	1575141	0.06285151614998276	104	10.3782	0.06602583514745664	-0.4817791139118537	baseline
Cn173	NC_026748.1	343	0.5240174672489083	0.4828919154730406	0.1691750777661154	0.32964871194379386	0.6074507389162561	221	1084805	0.316185858287895	360.5	18.5325	0.3323177898331958	-0.9442870632672333	baseline
Cn173	NC_026749.1	330	0.43545297835663666	0.44100645744320427	0.16847153074816046	0.28688175565018015	0.5525333857030637	197	1814975	0.1818206862353476	297	33.3585	0.16363861761181284	0.9892531138990063	baseline
Cn173	NC_026750.1	272	0.4588744588744589	0.4367842963496472	0.1423302373801632	0.33632768713413874	0.5086206896551724	225	1422463	0.19121762745322726	278	11.8608	0.1954356633529308	-0.5058680696074465	baseline
Cn173	NC_026751.1	354	0.40262613492701993	0.4302413571287233	0.15377803590583042	0.30052429279476717	0.5275141525141525	215	1399503	0.25294693902049514	343	22.238999999999997	0.24508700588708993	0.4946265569495032	baseline
Cn173	NC_026752.1	317	0.41379310344827586	0.44549700157155203	0.18090960122730596	0.3022222222222222	0.5821596244131455	114	1398693	0.22664015620296948	298	14.0847	0.21305604589427415	1.3489815189531904	baseline
Cn173	NC_026753.1	303	0.3888888888888889	0.4208006826060017	0.18083698090890893	0.27874309060322033	0.5145439622037156	216	1186808	0.25530667134026735	318	17.7912	0.26794561546602313	-0.843113449345744	baseline
Cn173	NC_026754.1	155	0.3665158371040724	0.39851369291599337	0.18673794961644472	0.23595959595959595	0.4978415793684759	215	1059964	0.14623138144314335	171.5	24.462899999999998	0.1617979478548328	-0.6744907594765952	baseline
Cn173	NC_026755.1	320	0.3670940170940171	0.41931697159234294	0.1906675023686963	0.26172394152268846	0.5413636363636364	196.5	1561994	0.20486634391681402	337.5	20.0151	0.2160699720997648	-0.8743398733955863	baseline
Cn173	NC_026756.1	348	0.39137849917666434	0.4029749374377272	0.1639324480133292	0.2637382075471698	0.5064517028036342	219.5	774062	0.44957639052168946	369	25.9455	0.47670600029455	-0.8093889113719143	baseline
Cn173	NC_026757.1	190	0.39529346622369876	0.441395534177224	0.1871190334458795	0.28015460482473675	0.5892857142857143	215	756744	0.25107566098971384	208	21.4977	0.2748617762413709	-0.8372988738330147	baseline
Cn173	NC_026758.1	124	0.4182659420840617	0.4296898517758743	0.18207061806085326	0.28180732971472877	0.5144829612220916	192	942867	0.13151377659839616	147	14.0847	0.15590746096745353	-1.6329776282064936	baseline
Cn174	NC_026745.1	206	0.39772941398153383	0.41532460792699444	0.172606852126264	0.2670629949442978	0.512295605518651	202.5	2291499	0.08989748631790807	220.5	31.875899999999998	0.09622522200533364	-0.4548891168563084	baseline
Cn174	NC_026746.1	120	0.38461538461538464	0.43794067056519587	0.1737293304715115	0.3052536231884058	0.5950142689273124	74	1621675	0.07399756424684355	113	6.6716999999999995	0.06968103966577767	1.0492078480747036	baseline
Cn174	NC_026747.1	105	0.38495575221238937	0.4039254578169617	0.16226340421816451	0.2631578947368421	0.5094339622641509	197	1575141	0.06666069894695141	104	10.3782	0.06602583514745664	0.09635582278237075	baseline
Cn174	NC_026748.1	378	0.4920803495569851	0.4738518849631294	0.16690858307370932	0.32296332894158986	0.6086493987049029	213	1084805	0.34844972137849656	360.5	18.5325	0.3323177898331958	0.9442870632672333	baseline
Cn174	NC_026749.1	271	0.4336283185840708	0.4341705165092967	0.17372715933554886	0.28633540372670807	0.5536983110075714	188	1814975	0.14931335142357333	297	33.3585	0.16363861761181284	-0.7794115442840656	baseline
Cn174	NC_026750.1	277	0.43612334801762115	0.4240074339927363	0.13431986991800415	0.33760683760683763	0.49783549783549785	219	1422463	0.19473265736964687	278	11.8608	0.1954356633529308	-0.0843113449345744	baseline
Cn174	NC_026751.1	336	0.4166666666666667	0.4356217310464183	0.15364100072895392	0.31981220657276993	0.5355149236728184	210	1399503	0.24008523025674117	343	22.238999999999997	0.24508700588708993	-0.31476235442241113	baseline
Cn174	NC_026752.1	308	0.43118440779610195	0.448712167856205	0.1767975210229011	0.30830605564648117	0.5625	109.5	1398693	0.22020557763569276	298	14.0847	0.21305604589427415	0.7099902731332581	baseline
Cn174	NC_026753.1	310	0.39955156950672643	0.4170802767128449	0.1712732261886431	0.2740635228512547	0.5061609144778988	209.5	1186808	0.26120484526562004	318	17.7912	0.26794561546602313	-0.44966050631773014	baseline
Cn174	NC_026754.1	173	0.32142857142857145	0.380945472917212	0.1799245745623021	0.24336283185840707	0.4774774774774775	213	1059964	0.1632130902558955	171.5	24.462899999999998	0.1617979478548328	0.06131734177059957	baseline
Cn174	NC_026755.1	282	0.39254926108374383	0.4291457335759637	0.18896506498980092	0.2713908911071193	0.5384615384615384	188.5	1561994	0.18053846557669237	337.5	20.0151	0.2160699720997648	-2.772906455626002	baseline
Cn174	NC_026756.1	359	0.38427947598253276	0.40014086480184297	0.15562051010932967	0.258902387934646	0.5204651162790698	214	774062	0.4637871384979498	369	25.9455	0.47670600029455	-0.385423291129483	baseline
Cn174	NC_026757.1	211	0.4069264069264069	0.43962568260683654	0.18982807450087436	0.28	0.5816001400560225	216	756744	0.27882612878331375	208	21.4977	0.2748617762413709	0.13954981230550245	baseline
Cn174	NC_026758.1	149	0.37777777777777777	0.4041249215027007	0.16252676354228607	0.2777777777777778	0.49122807017543857	212	942867	0.15802865091258894	147	14.0847	0.15590746096745353	0.1419980546266516	baseline
Cn17401	NC_026745.1	170	0.3931051587301587	0.4242273318761718	0.1845729178143671	0.29070330887442897	0.5218062491564314	182	2291499	0.07418724599050666	220.5	31.875899999999998	0.09622522200533364	-1.584268993189212	baseline
Cn17401	NC_026746.1	103	0.41964285714285715	0.4463778403220733	0.1970591691975324	0.2718030625697191	0.5870375547479265	86	1621675	0.06351457597854071	113	6.6716999999999995	0.06968103966577767	-1.4988683543924337	baseline
Cn17401	NC_026747.1	115	0.4090909090909091	0.4215268342481289	0.17634787437083888	0.2610816150141993	0.5644393241167435	159	1575141	0.07300933694189916	104	10.3782	0.06602583514745664	1.0599140506060782	baseline
Cn17401	NC_026748.1	325	0.42105263157894735	0.4325823984751523	0.1588750974297682	0.2946058091286307	0.5409836065573771	226	1084805	0.29959301441272856	360.5	18.5325	0.3323177898331958	-1.9155537569135304	baseline
Cn17401	NC_026749.1	268	0.4367951127819549	0.4559959521723286	0.19017166308834335	0.2866208681186655	0.6074147414741473	145.5	1814975	0.14766043609416107	297	33.3585	0.16363861761181284	-0.8693436455476116	baseline
Cn17401	NC_026750.1	276	0.5606574761399787	0.5108097242544039	0.1673206292079314	0.39320271570619053	0.643719806763285	218	1422463	0.19402965138636297	278	11.8608	0.1954356633529308	-0.1686226898691488	baseline
Cn17401	NC_026751.1	342	0.4025549613784908	0.44479466230628045	0.18211243164275942	0.30427118644067797	0.6	181.5	1399503	0.24437246651132583	343	22.238999999999997	0.24508700588708993	-0.044966050631773016	baseline
Cn17401	NC_026752.1	305	0.4019607843137255	0.4382464266466707	0.1713865079683719	0.30952380952380953	0.5757575757575758	89	1398693	0.2180607181132672	298	14.0847	0.21305604589427415	0.49699319119328067	baseline
Cn17401	NC_026753.1	319	0.3881578947368421	0.41550291345691	0.17711597688661404	0.2695464865808931	0.5154894550296669	170	1186808	0.26878821174107353	318	17.7912	0.26794561546602313	0.05620756328971627	baseline
Cn17401	NC_026754.1	165	0.375	0.39905928093781423	0.18157885771925145	0.2556818181818182	0.4732142857142857	183	1059964	0.15566566411689453	171.5	24.462899999999998	0.1617979478548328	-0.2657084810059315	baseline
Cn17401	NC_026755.1	353	0.34782608695652173	0.39068208846406777	0.17783230856860216	0.25	0.4928909952606635	168	1561994	0.22599318563323548	337.5	20.0151	0.2160699720997648	0.7744153164360907	baseline
Cn17401	NC_026756.1	389	0.375	0.40192574363612693	0.15131722728568636	0.2894736842105263	0.5046296296296297	188	774062	0.5025437238877506	369	25.9455	0.47670600029455	0.770846582258966	baseline
Cn17401	NC_026757.1	201	0.4708333333333333	0.4805118238293045	0.1824027737594373	0.296551724137931	0.6326530612244898	180	756744	0.26561162031017094	208	21.4977	0.2748617762413709	-0.3256162287128391	baseline
Cn17401	NC_026758.1	125	0.3448275862068966	0.3926232142870338	0.1737428278943444	0.24615384615384617	0.5	107	942867	0.13257437157096388	147	14.0847	0.15590746096745353	-1.5619786008931678	baseline
Cn17402	NC_026745.1	205	0.38362068965517243	0.41253207667761604	0.17087213470820506	0.2625	0.5103734439834025	196	2291499	0.08946109075325803	220.5	31.875899999999998	0.09622522200533364	-0.48626078008777796	baseline
Cn17402	NC_026746.1	110	0.34871031746031744	0.4121192610497929	0.18213562110907416	0.2644304281345566	0.5814393939393939	95.5	1621675	0.06783110055960657	113	6.6716999999999995	0.06968103966577767	-0.44966050631773014	baseline
Cn17402	NC_026747.1	105	0.3905579399141631	0.41471737777501755	0.16282064607340638	0.27941176470588236	0.5303030303030303	169	1575141	0.06666069894695141	104	10.3782	0.06602583514745664	0.09635582278237075	baseline
Cn17402	NC_026748.1	395	0.48214285714285715	0.46125608162714765	0.16583658660536366	0.3055876241052875	0.5891826923076924	213	1084805	0.3641207405939316	360.5	18.5325	0.3323177898331958	1.8615944961554027	baseline
Cn17402	NC_026749.1	265	0.42857142857142855	0.4436645910836169	0.1760985210513279	0.3051643192488263	0.5675675675675675	174	1814975	0.14600752076474882	297	33.3585	0.16363861761181284	-0.9592757468111576	baseline
Cn17402	NC_026750.1	276	0.4504301135202423	0.419785678158536	0.13864208925304472	0.3177377115229653	0.502114889185288	226	1422463	0.19402965138636297	278	11.8608	0.1954356633529308	-0.1686226898691488	baseline
Cn17402	NC_026751.1	343	0.4166666666666667	0.4324217439238054	0.1658540204595307	0.297313904494382	0.5363494234903263	208	1399503	0.24508700588708993	343	22.238999999999997	0.24508700588708993	0	baseline
Cn17402	NC_026752.1	302	0.4202037351443124	0.4510715514877368	0.18031971035637434	0.32006535947712417	0.5762108262108262	96	1398693	0.2159158585908416	298	14.0847	0.21305604589427415	0.2839961092533032	baseline
Cn17402	NC_026753.1	308	0.4124111374407583	0.43018121259647246	0.17773586897418164	0.2853641456582633	0.5042214912280701	204	1186808	0.2595196527155193	318	17.7912	0.26794561546602313	-0.5620756328971627	baseline
Cn17402	NC_026754.1	155	0.3157894736842105	0.37950701313184504	0.19339479669883516	0.21981143727613323	0.4422883754908228	205	1059964	0.14623138144314335	171.5	24.462899999999998	0.1617979478548328	-0.6744907594765952	baseline
Cn17402	NC_026755.1	303	0.34782608695652173	0.4015547959739302	0.185437766048436	0.24886729401152183	0.5	186	1561994	0.1939828193962333	337.5	20.0151	0.2160699720997648	-1.7236986075512988	baseline
Cn17402	NC_026756.1	353	0.3888888888888889	0.4093330370144324	0.15282945845211285	0.28	0.5106382978723404	215	774062	0.4560358214199896	369	25.9455	0.47670600029455	-0.6166772658071727	baseline
Cn17402	NC_026757.1	218	0.42052845528455285	0.44348305599539795	0.18452949086203574	0.27658678150159144	0.6053343984378468	200	756744	0.28807628471451374	208	21.4977	0.2748617762413709	0.4651660410183415	baseline
Cn17402	NC_026758.1	148	0.39789731224735836	0.413277476094533	0.14389058459316575	0.3012252511976936	0.5000139345632908	209.5	942867	0.15696805594002125	147	14.0847	0.15590746096745353	0.0709990273133258	baseline
Cn17403	NC_018792.1	2	0.4846014492753623	0.4846014492753623	0.3164046647700675	0.37273550724637683	0.5964673913043478	46.5	NA	NA	1	0	NA	NA	NA
Cn17403	NC_026745.1	202	0.3834350767200132	0.41802379114307764	0.19109921012351722	0.251008064516129	0.5601415787103217	193	2291499	0.08815190405930791	220.5	31.875899999999998	0.09622522200533364	-0.5803757697821866	baseline
Cn17403	NC_026746.1	108	0.36179193899782136	0.4143600796170517	0.1642746211495044	0.27918056713928274	0.5364010989010989	84.5	1621675	0.06659780782215918	113	6.6716999999999995	0.06968103966577767	-0.7494341771962169	baseline
Cn17403	NC_026747.1	104	0.3692633040843381	0.39826311970653144	0.16648740297574444	0.2598232969076959	0.5328819444444445	174.5	1575141	0.06602583514745664	104	10.3782	0.06602583514745664	0	baseline
Cn17403	NC_026748.1	377	0.5125	0.4743689941841733	0.16103314866818674	0.3333333333333333	0.581081081081081	217	1084805	0.3475278967187651	360.5	18.5325	0.3323177898331958	0.8903278025091057	baseline
Cn17403	NC_026749.1	252	0.4559160870208673	0.4589469510308011	0.1888380637810029	0.3017441860465116	0.6070620555914673	184	1814975	0.13884488767062908	297	33.3585	0.16363861761181284	-1.3489815189531904	baseline
Cn17403	NC_026750.1	284	0.45375	0.428742700892347	0.1512067491926683	0.3115202333211812	0.5056280027453672	224.5	1422463	0.19965369925263435	278	11.8608	0.1954356633529308	0.5058680696074465	baseline
Cn17403	NC_026751.1	310	0.44123893805309733	0.4469937069834169	0.15897254465987834	0.3154338549075391	0.5553129548762736	214.5	1399503	0.22150720648687428	343	22.238999999999997	0.24508700588708993	-1.4838796708485096	baseline
Cn17403	NC_026752.1	313	0.4305555555555556	0.45079065043534317	0.17784276166552065	0.3116883116883117	0.5555555555555556	90	1398693	0.22378034350640205	298	14.0847	0.21305604589427415	1.0649854096998872	baseline
Cn17403	NC_026753.1	309	0.3783783783783784	0.4223570475334773	0.17700370458020828	0.2876712328767123	0.532258064516129	205	1186808	0.26036224899056964	318	17.7912	0.26794561546602313	-0.5058680696074463	baseline
Cn17403	NC_026754.1	163	0.3130434782608696	0.382628503890116	0.20734931166378479	0.2068136604774536	0.48972602739726023	204	1059964	0.1537788075821443	171.5	24.462899999999998	0.1617979478548328	-0.34746493670006423	baseline
Cn17403	NC_026755.1	289	0.35714285714285715	0.41161226501682724	0.18139768091707653	0.27631578947368424	0.5359477124183006	186	1561994	0.18501991684987268	337.5	20.0151	0.2160699720997648	-2.423170506267768	baseline
Cn17403	NC_026756.1	351	0.39378238341968913	0.39692266598716985	0.14957599921195594	0.26840329835082455	0.48695652173913045	212	774062	0.45345204906066955	369	25.9455	0.47670600029455	-0.6937619240330694	baseline
Cn17403	NC_026757.1	216	0.4420127418593676	0.457110240317411	0.18747612058534832	0.2775157232704403	0.621704021094265	191.5	756744	0.2854333830198852	208	21.4977	0.2748617762413709	0.37213283281467324	baseline
Cn17403	NC_026758.1	148	0.31864451476793254	0.37143661796441946	0.1624145477387539	0.23441050239838424	0.4915503557744937	212	942867	0.15696805594002125	147	14.0847	0.15590746096745353	0.0709990273133258	baseline
Cn175	NC_018792.1	1	0.425531914893617	0.425531914893617	NA	0.425531914893617	0.425531914893617	47	NA	NA	1	0	NA	NA	NA
Cn175	NC_026745.1	241	0.3783783783783784	0.42506311536785657	0.18406453031714348	0.2687224669603524	0.5767634854771784	201	2291499	0.10517133108065944	220.5	31.875899999999998	0.09622522200533364	0.6431190962451256	baseline
Cn175	NC_026746.1	121	0.391304347826087	0.4419137731136808	0.17884334893802323	0.3157894736842105	0.6025641025641025	95	1621675	0.07461421061556724	113	6.6716999999999995	0.06968103966577767	1.199094683513947	baseline
Cn175	NC_026747.1	107	0.39669421487603307	0.42774521043564956	0.16542582642750334	0.29464285714285715	0.570163244938694	188	1575141	0.06793042654594096	104	10.3782	0.06602583514745664	0.2890674683471122	baseline
Cn175	NC_026748.1	368	0.48921928903554823	0.49557739725643307	0.18594622435312017	0.32454626789366053	0.6727335800185014	214	1084805	0.3392314747811819	360.5	18.5325	0.3323177898331958	0.40469445568595713	baseline
Cn175	NC_026749.1	315	0.4577777777777778	0.4474335354469789	0.16535419500235293	0.3143952085776512	0.5384210526315789	206	1814975	0.17355610958828635	297	33.3585	0.16363861761181284	0.5395926075812761	baseline
Cn175	NC_026750.1	270	0.4602064602064602	0.42900549028559476	0.1417068933875051	0.3272533763945978	0.5068845405183896	220	1422463	0.18981161548665942	278	11.8608	0.1954356633529308	-0.6744907594765952	baseline
Cn175	NC_026751.1	355	0.41228070175438597	0.43683419580600596	0.16042271949998024	0.3075194005887075	0.5282614038072553	208	1399503	0.25366147839625924	343	22.238999999999997	0.24508700588708993	0.5395926075812763	baseline
Cn175	NC_026752.1	295	0.4470588235294118	0.4507480753652088	0.16981155779545662	0.3006849315068493	0.593218954248366	91	1398693	0.21091118637184858	298	14.0847	0.21305604589427415	-0.21299708193997743	baseline
Cn175	NC_026753.1	327	0.4009216589861751	0.42311821412152323	0.17161241811234204	0.2784157640610727	0.5138996138996139	202	1186808	0.2755289819414766	318	17.7912	0.26794561546602313	0.5058680696074463	baseline
Cn175	NC_026754.1	147	0.3508771929824561	0.38415308479576576	0.18175328952618694	0.23649769585253455	0.47031715912171324	208	1059964	0.1386839553041424	171.5	24.462899999999998	0.1617979478548328	-1.0015165822531262	baseline
Cn175	NC_026755.1	326	0.36	0.4106846867971715	0.19056193996025184	0.2673332574766267	0.5	193	1561994	0.20870758786525428	337.5	20.0151	0.2160699720997648	-0.5745662025170996	baseline
Cn175	NC_026756.1	362	0.4031963470319635	0.40658442357054053	0.1561973775620995	0.27586206896551724	0.51574166617673	211	774062	0.46766279703692987	369	25.9455	0.47670600029455	-0.26979630379063807	baseline
Cn175	NC_026757.1	219	0.37142857142857144	0.41167458186571926	0.17830434419213956	0.2657948489188364	0.5	195	756744	0.289397735561828	208	21.4977	0.2748617762413709	0.5116826451201757	baseline
Cn175	NC_026758.1	148	0.4192733789507983	0.42210768000609206	0.17404482964956444	0.2718531468531468	0.502212389380531	204	942867	0.15696805594002125	147	14.0847	0.15590746096745353	0.0709990273133258	baseline
Cn176	NC_026745.1	246	0.3893985728848114	0.41223790544658934	0.17508056111074358	0.27163614333386304	0.5566131237183869	191	2291499	0.10735330890390964	220.5	31.875899999999998	0.09622522200533364	0.7999774124024734	baseline
Cn176	NC_026746.1	118	0.3656254397073308	0.43126487974324723	0.16792528970270842	0.30306064073226546	0.5765107949959646	92	1621675	0.07276427150939616	113	6.6716999999999995	0.06968103966577767	0.7494341771962169	baseline
Cn176	NC_026747.1	110	0.38588039867109636	0.40249217798907905	0.16342662958642404	0.24499524111675125	0.5	187	1575141	0.06983501794442529	104	10.3782	0.06602583514745664	0.5781349366942244	baseline
Cn176	NC_026748.1	380	0.4645280884755561	0.4526795736229236	0.17577475242718069	0.3048307591192902	0.6037443693693694	201	1084805	0.3502933706979595	360.5	18.5325	0.3323177898331958	1.0522055847834886	baseline
Cn176	NC_026749.1	368	0.38048115252814885	0.4134706485244509	0.1588198661510778	0.2829958582604694	0.5170643131169448	194	1814975	0.2027576137412361	297	33.3585	0.16363861761181284	2.128393063237256	baseline
Cn176	NC_026750.1	300	0.45011839924224484	0.4283011056730515	0.1479387091804103	0.3324607329842932	0.4952018158935635	206	1422463	0.2109017949851771	278	11.8608	0.1954356633529308	1.8548495885606369	baseline
Cn176	NC_026751.1	340	0.42299074113220314	0.42487836376756405	0.1537568146815342	0.3025909681611436	0.5213869423437174	195	1399503	0.2429433877597976	343	22.238999999999997	0.24508700588708993	-0.13489815189531906	baseline
Cn176	NC_026752.1	292	0.40815370196813494	0.4283127093661082	0.17892820535008694	0.2825076219512195	0.5413636363636364	99.5	1398693	0.208766326849423	298	14.0847	0.21305604589427415	-0.42599416387995487	baseline
Cn176	NC_026753.1	344	0.3911401098901099	0.412154655269512	0.18162532285154634	0.2584185680566483	0.509828188701223	179.5	1186808	0.2898531186173332	318	17.7912	0.26794561546602313	1.4613966455326228	baseline
Cn176	NC_026754.1	166	0.2966787060301508	0.3606427259587661	0.1745377594967592	0.23340407470288624	0.44393241167434716	185	1059964	0.15660909238426965	171.5	24.462899999999998	0.1617979478548328	-0.22483025315886507	baseline
Cn176	NC_026755.1	350	0.3403720684182684	0.40051229638718655	0.1881270581958191	0.25211377164502163	0.497972972972973	183	1561994	0.22407256365901534	337.5	20.0151	0.2160699720997648	0.6245284809968473	baseline
Cn176	NC_026756.1	407	0.36363636363636365	0.41063083581264415	0.16846906353877308	0.268581136267111	0.5349323664760842	198	774062	0.5257976751216311	369	25.9455	0.47670600029455	1.4646085062920353	baseline
Cn176	NC_026757.1	230	0.38873626373626374	0.42045198804777256	0.2052082827121848	0.2286034593209481	0.5711206896551724	194.5	756744	0.30393369488228517	208	21.4977	0.2748617762413709	1.0233652902403514	baseline
Cn176	NC_026758.1	157	0.38427947598253276	0.398117152857671	0.1644654965489941	0.2647058823529412	0.5102040816326531	187	942867	0.16651341069313064	147	14.0847	0.15590746096745353	0.7099902731332581	baseline
Cn177	NC_026745.1	228	0.3640215716486903	0.41164724351010146	0.1873542920692233	0.2620512820512821	0.5327587210995283	198.5	2291499	0.09949818874020892	220.5	31.875899999999998	0.09622522200533364	0.2352874742360216	baseline
Cn177	NC_026746.1	106	0.35681754484304934	0.4180564584758336	0.19796827197004466	0.26015538290788015	0.6153846153846154	79.5	1621675	0.06536451508471179	113	6.6716999999999995	0.06968103966577767	-1.0492078480747036	baseline
Cn177	NC_026747.1	109	0.43548387096774194	0.4284338577256904	0.15077130339304948	0.3333333333333333	0.5174129353233831	176	1575141	0.06920015414493051	104	10.3782	0.06602583514745664	0.4817791139118537	baseline
Cn177	NC_026748.1	380	0.5075206301575395	0.48874302754200166	0.17250510786448442	0.31957500979240105	0.6255366013684507	206.5	1084805	0.3502933706979595	360.5	18.5325	0.3323177898331958	1.0522055847834886	baseline
Cn177	NC_026749.1	344	0.42182338691918075	0.43133639437762733	0.17167524937265746	0.281026537422533	0.534348297843483	193	1814975	0.1895342911059381	297	33.3585	0.16363861761181284	1.4089362531288878	baseline
Cn177	NC_026750.1	275	0.4590909090909091	0.442335120525236	0.1378316325491533	0.3509110057925224	0.5010729613733906	220	1422463	0.19332664540307903	278	11.8608	0.1954356633529308	-0.25293403480372323	baseline
Cn177	NC_026751.1	321	0.45	0.4444528753939657	0.15880409467349332	0.3093220338983051	0.5475113122171946	203	1399503	0.2293671396202795	343	22.238999999999997	0.24508700588708993	-0.9892531138990064	baseline
Cn177	NC_026752.1	294	0.4090894824393459	0.44309414493371657	0.19236864307772863	0.26981551867989245	0.5848577235772358	100	1398693	0.21019623319770672	298	14.0847	0.21305604589427415	-0.2839961092533032	baseline
Cn177	NC_026753.1	242	0.375	0.4208161649403796	0.19030722137249934	0.2714649478793666	0.5453197004608294	192.5	1186808	0.20390829856219372	318	17.7912	0.26794561546602313	-4.271774810018436	het_depleted
Cn177	NC_026754.1	161	0.33482142857142855	0.37438002399800874	0.16799340728009282	0.22905027932960895	0.4852941176470588	200	1059964	0.15189195104739406	171.5	24.462899999999998	0.1617979478548328	-0.429221392394197	baseline
Cn177	NC_026755.1	361	0.36	0.4056354846688466	0.19007486365661713	0.24509803921568626	0.5	191	1561994	0.23111484423115583	337.5	20.0151	0.2160699720997648	1.174113544274073	baseline
Cn177	NC_026756.1	391	0.3592814371257485	0.3854431814116843	0.15572237211510243	0.2625245243418351	0.4977272257691274	199	774062	0.5051274962470707	369	25.9455	0.47670600029455	0.8479312404848626	baseline
Cn177	NC_026757.1	216	0.3728591352859135	0.41257319781242713	0.18562968415621772	0.24669284204167927	0.5478801169590644	201	756744	0.2854333830198852	208	21.4977	0.2748617762413709	0.37213283281467324	baseline
Cn177	NC_026758.1	155	0.3918918918918919	0.40900344292637464	0.15727506396982688	0.2956504565626525	0.48837907375643225	205	942867	0.16439222074799523	147	14.0847	0.15590746096745353	0.5679922185066064	baseline
Cn178	NC_026745.1	231	0.37117903930131	0.4130216759126626	0.1761075946447264	0.27135802469135806	0.5370826491516146	206	2291499	0.10080737543415905	220.5	31.875899999999998	0.09622522200533364	0.3294024639304302	baseline
Cn178	NC_026746.1	110	0.3949221250266695	0.4503520522508085	0.1866062290764373	0.3142361111111111	0.6182275541795665	75.5	1621675	0.06783110055960657	113	6.6716999999999995	0.06968103966577767	-0.44966050631773014	baseline
Cn178	NC_026747.1	94	0.37189404594467884	0.41089347449943264	0.1550166751998221	0.3013878469617405	0.5125362844702468	196	1575141	0.05967719715250888	104	10.3782	0.06602583514745664	-0.9635582278237074	baseline
Cn178	NC_026748.1	396	0.48579653416432317	0.4626361432734666	0.17195308140519056	0.30200286392583936	0.5863943028485756	211	1084805	0.3650425652536631	360.5	18.5325	0.3323177898331958	1.9155537569135304	baseline
Cn178	NC_026749.1	318	0.4470948827292111	0.4466979987786878	0.16463516644595133	0.3228873696508156	0.5411337209302326	195	1814975	0.1752090249176986	297	33.3585	0.16363861761181284	0.6295247088448221	baseline
Cn178	NC_026750.1	295	0.44594594594594594	0.41621139757013453	0.1456991212218315	0.3029040842300127	0.4929205903960462	216	1422463	0.2073867650687575	278	11.8608	0.1954356633529308	1.433292863887765	baseline
Cn178	NC_026751.1	348	0.4361305361305361	0.43451146952011127	0.15759515432188742	0.30430194805194805	0.5372212116418855	205	1399503	0.24865970276591048	343	22.238999999999997	0.24508700588708993	0.2248302531588651	baseline
Cn178	NC_026752.1	284	0.4318181818181818	0.4547135194637521	0.17021033034277544	0.30864745011086475	0.5777777777777777	89.5	1398693	0.20304670145628811	298	14.0847	0.21305604589427415	-0.9939863823865613	baseline
Cn178	NC_026753.1	305	0.3904109589041096	0.4128871794324237	0.18395365311253575	0.25609756097560976	0.49079754601226994	202	1186808	0.2569918638903681	318	17.7912	0.26794561546602313	-0.7306983227663114	baseline
Cn178	NC_026754.1	159	0.3640552995391705	0.39122787486715155	0.186274733596053	0.21333485038115826	0.48276745675848814	201	1059964	0.15000509451264382	171.5	24.462899999999998	0.1617979478548328	-0.5109778480883297	baseline
Cn178	NC_026755.1	312	0.38501602564102566	0.40687797730187447	0.17684158384355642	0.26918765091410835	0.4998308811094199	202	1561994	0.1997446853188937	337.5	20.0151	0.2160699720997648	-1.2740381012335686	baseline
Cn178	NC_026756.1	367	0.37089201877934275	0.40021626671800903	0.15224397004732018	0.2860732232591529	0.5034245095497365	208	774062	0.47412222793523	369	25.9455	0.47670600029455	-0.0770846582258966	baseline
Cn178	NC_026757.1	193	0.391304347826087	0.42274534836097255	0.18951596539152327	0.25	0.5414847161572053	207	756744	0.2550400135316567	208	21.4977	0.2748617762413709	-0.6977490615275123	baseline
Cn178	NC_026758.1	139	0.3951219512195122	0.41180199488264746	0.16906911965756477	0.2882985658409387	0.49220163637794034	204	942867	0.14742270118691184	147	14.0847	0.15590746096745353	-0.5679922185066064	baseline
Cn179	NC_026745.1	225	0.4	0.4177720940863331	0.17477872671722147	0.26540284360189575	0.537117903930131	203	2291499	0.09818900204625881	220.5	31.875899999999998	0.09622522200533364	0.14117248454161296	baseline
Cn179	NC_026746.1	106	0.33964285714285714	0.4092118847532679	0.16735994501949422	0.28651185770750986	0.5136363636363637	80	1621675	0.06536451508471179	113	6.6716999999999995	0.06968103966577767	-1.0492078480747036	baseline
Cn179	NC_026747.1	92	0.3907194384870345	0.41738843342584303	0.14627653569273294	0.3076923076923077	0.5113127598337064	185	1575141	0.05840746955351933	104	10.3782	0.06602583514745664	-1.1562698733884489	baseline
Cn179	NC_026748.1	387	0.4977168949771689	0.4700396285716836	0.17823184224558988	0.3125	0.621936323588306	207	1084805	0.35674614331607984	360.5	18.5325	0.3323177898331958	1.429920410090382	baseline
Cn179	NC_026749.1	316	0.4628091127409619	0.4528732353072106	0.1757015616995841	0.3066222570532915	0.5508389778325123	171.5	1814975	0.1741070813647571	297	33.3585	0.16363861761181284	0.5695699746691248	baseline
Cn179	NC_026750.1	285	0.4666666666666667	0.4339823045298832	0.14999490921571587	0.3203463203463203	0.5155555555555555	217	1422463	0.20035670523591828	278	11.8608	0.1954356633529308	0.5901794145420208	baseline
Cn179	NC_026751.1	350	0.41585933861201674	0.4342939457189174	0.16325090076060053	0.3013862489349151	0.5539333976833978	196.5	1399503	0.2500887815174387	343	22.238999999999997	0.24508700588708993	0.31476235442241113	baseline
Cn179	NC_026752.1	304	0.4392982456140351	0.4445379059749066	0.17727226136234955	0.2888290088366072	0.5701320769290182	86	1398693	0.2173457649391253	298	14.0847	0.21305604589427415	0.42599416387995487	baseline
Cn179	NC_026753.1	343	0.3755656108597285	0.40970183896904155	0.17289352332962465	0.2676312817617166	0.5171067928915463	192	1186808	0.2890105223422828	318	17.7912	0.26794561546602313	1.4051890822429065	baseline
Cn179	NC_026754.1	173	0.3443396226415094	0.3948155738571245	0.177497436517313	0.24427480916030533	0.49079754601226994	204	1059964	0.1632130902558955	171.5	24.462899999999998	0.1617979478548328	0.06131734177059957	baseline
Cn179	NC_026755.1	342	0.3759654702407996	0.418469972860878	0.18555709392451647	0.2671276527945956	0.5294117647058824	180.5	1561994	0.218950905061095	337.5	20.0151	0.2160699720997648	0.22483025315886504	baseline
Cn179	NC_026756.1	368	0.39906051517290053	0.4021322571567708	0.14597718242691174	0.27069256756756754	0.5022630096986129	206	774062	0.47541411411489004	369	25.9455	0.47670600029455	-0.0385423291129483	baseline
Cn179	NC_026757.1	185	0.4017094017094017	0.42970948923952634	0.18022144145251506	0.27522935779816515	0.5375	206	756744	0.2444684067531424	208	21.4977	0.2748617762413709	-1.0698818943421855	baseline
Cn179	NC_026758.1	140	0.36403601797042207	0.4013416426528114	0.17317829464936463	0.26911581569115817	0.49834801762114533	191.5	942867	0.14848329615947956	147	14.0847	0.15590746096745353	-0.49699319119328067	baseline
Cn18	NC_018792.1	1	0.27419354838709675	0.27419354838709675	NA	0.27419354838709675	0.27419354838709675	124	NA	NA	1	0	NA	NA	NA
Cn18	NC_026745.1	224	0.35707057930685554	0.3928916908952504	0.17815872491157966	0.24858536585365854	0.5215509385821031	193	2291499	0.09775260648160877	220.5	31.875899999999998	0.09622522200533364	0.1098008213101434	baseline
Cn18	NC_026746.1	138	0.38630056673832325	0.45775016276838565	0.21597153722541	0.2747229326513214	0.6931240928882438	116	1621675	0.08509719888387007	113	6.6716999999999995	0.06968103966577767	3.7471708859810846	het_enriched
Cn18	NC_026747.1	109	0.40860215053763443	0.4258595304188252	0.1844528277332615	0.2824858757062147	0.5532994923857868	178	1575141	0.06920015414493051	104	10.3782	0.06602583514745664	0.4817791139118537	baseline
Cn18	NC_026748.1	407	0.4411764705882353	0.44589635454116555	0.18240311827268235	0.28479262672811057	0.5923489278752436	200	1084805	0.37518263651070927	360.5	18.5325	0.3323177898331958	2.5091056252529342	baseline
Cn18	NC_026749.1	313	0.3942307692307692	0.4077311279849389	0.16166439881697467	0.275	0.5	188	1814975	0.17245416603534486	297	33.3585	0.16363861761181284	0.4796378734055788	baseline
Cn18	NC_026750.1	301	0.46511627906976744	0.42077017880325346	0.15097250142262936	0.2878787878787879	0.5066079295154186	200	1422463	0.21160480096846104	278	11.8608	0.1954356633529308	1.9391609334952111	baseline
Cn18	NC_026751.1	347	0.40476190476190477	0.4166823418686114	0.16350739117309782	0.2895556354054378	0.5239213197969543	194	1399503	0.24794516339014638	343	22.238999999999997	0.24508700588708993	0.17986420252709207	baseline
Cn18	NC_026752.1	316	0.42105263157894735	0.4329624816409058	0.1818317084890256	0.287142614023145	0.54375	120	1398693	0.22592520302882763	298	14.0847	0.21305604589427415	1.2779824916398645	baseline
Cn18	NC_026753.1	304	0.3915284625728373	0.4189627170974162	0.18645759702098605	0.25747009206681737	0.5182739334656916	191	1186808	0.25614926761531776	318	17.7912	0.26794561546602313	-0.7869058860560277	baseline
Cn18	NC_026754.1	205	0.3246753246753247	0.373679360305773	0.18876387467598993	0.22916666666666666	0.4583333333333333	184	1059964	0.1934027948118993	171.5	24.462899999999998	0.1617979478548328	1.3694206328767236	baseline
Cn18	NC_026755.1	389	0.36666666666666664	0.3979557158469154	0.18094799111391152	0.24757281553398058	0.5	173	1561994	0.24904064932387707	337.5	20.0151	0.2160699720997648	2.573057341707011	baseline
Cn18	NC_026756.1	383	0.3588516746411483	0.3964067705444842	0.16796140537991724	0.2566608300601013	0.4974068201972429	196	774062	0.4947924068097904	369	25.9455	0.47670600029455	0.5395926075812761	baseline
Cn18	NC_026757.1	249	0.3793103448275862	0.4209725884786836	0.2013779361822326	0.2542372881355932	0.5555555555555556	191	756744	0.3290412609812565	208	21.4977	0.2748617762413709	1.9071807681752002	baseline
Cn18	NC_026758.1	158	0.4092944765366392	0.41843386270488425	0.16654984188940186	0.27810159557147507	0.504000268925642	191.5	942867	0.16757400566569836	147	14.0847	0.15590746096745353	0.7809893004465839	baseline
Cn180	NC_026745.1	223	0.3948497854077253	0.4149021315809737	0.18264883268257204	0.26982473342321367	0.5150492264416315	212	2291499	0.09731621091695873	220.5	31.875899999999998	0.09622522200533364	0.07842915807867386	baseline
Cn180	NC_026746.1	106	0.36764705882352944	0.43501313892690574	0.1966302178719806	0.27991069449984485	0.6316021126760564	86.5	1621675	0.06536451508471179	113	6.6716999999999995	0.06968103966577767	-1.0492078480747036	baseline
Cn180	NC_026747.1	103	0.3901345291479821	0.40823190617974753	0.1603362278812255	0.27308238636363635	0.4978813559322034	198	1575141	0.06539097134796186	104	10.3782	0.06602583514745664	-0.09635582278237075	baseline
Cn180	NC_026748.1	377	0.4976958525345622	0.4791073914130542	0.16857575280932052	0.32286995515695066	0.6108597285067874	216	1084805	0.3475278967187651	360.5	18.5325	0.3323177898331958	0.8903278025091057	baseline
Cn180	NC_026749.1	328	0.4343891402714932	0.4343355249319142	0.168272960889338	0.2857142857142857	0.5450745149498548	202.5	1814975	0.1807187426824061	297	33.3585	0.16363861761181284	0.9292983797233089	baseline
Cn180	NC_026750.1	281	0.44	0.4178713094652218	0.1393478905884664	0.3348623853211009	0.4868421052631579	220	1422463	0.19754468130278258	278	11.8608	0.1954356633529308	0.25293403480372323	baseline
Cn180	NC_026751.1	341	0.42792792792792794	0.4380826451402792	0.1594784923905739	0.31683168316831684	0.5377777777777778	213	1399503	0.2436579271355617	343	22.238999999999997	0.24508700588708993	-0.08993210126354603	baseline
Cn180	NC_026752.1	301	0.4166666666666667	0.4404323434911384	0.17297455561488584	0.3008474576271186	0.5777777777777777	98	1398693	0.21520090541669973	298	14.0847	0.21305604589427415	0.21299708193997743	baseline
Cn180	NC_026753.1	306	0.38795508439112847	0.41924486386602594	0.1748945096417059	0.2751897860593513	0.5067115097159941	209	1186808	0.2578344601654185	318	17.7912	0.26794561546602313	-0.6744907594765952	baseline
Cn180	NC_026754.1	169	0.32195121951219513	0.3569496352834859	0.17096707426242397	0.2111801242236025	0.4681818181818182	207	1059964	0.15943937718639503	171.5	24.462899999999998	0.1617979478548328	-0.10219556961766595	baseline
Cn180	NC_026755.1	312	0.3583942912680955	0.40999576408244093	0.1957903710975256	0.2455312810327706	0.5543021300448431	186.5	1561994	0.1997446853188937	337.5	20.0151	0.2160699720997648	-1.2740381012335686	baseline
Cn180	NC_026756.1	358	0.3978634705575821	0.409977073121152	0.1528737946271917	0.29946613902785035	0.5152838427947598	215	774062	0.46249525231828975	369	25.9455	0.47670600029455	-0.4239656202424313	baseline
Cn180	NC_026757.1	193	0.3601694915254237	0.4031444925682206	0.18913186556690953	0.235	0.524	210	756744	0.2550400135316567	208	21.4977	0.2748617762413709	-0.6977490615275123	baseline
Cn180	NC_026758.1	129	0.39285714285714285	0.42720993666547563	0.15725912099720515	0.31343283582089554	0.5086206896551724	209	942867	0.13681675146123473	147	14.0847	0.15590746096745353	-1.2779824916398645	baseline
Cn181	NC_026745.1	227	0.388646288209607	0.4055158356514495	0.1804675751266325	0.24587998208687864	0.5176698301698301	198	2291499	0.0990617931755589	220.5	31.875899999999998	0.09622522200533364	0.20391581100455206	baseline
Cn181	NC_026746.1	111	0.3225806451612903	0.40300525049283487	0.1844671033711968	0.268686537831641	0.5701970443349753	84	1621675	0.06844774692833028	113	6.6716999999999995	0.06968103966577767	-0.2997736708784868	baseline
Cn181	NC_026747.1	95	0.4	0.41432250254248376	0.15822294723408675	0.30816714150047486	0.5138994132802183	185	1575141	0.06031206095200366	104	10.3782	0.06602583514745664	-0.8672024050413367	baseline
Cn181	NC_026748.1	388	0.47017783857729134	0.45301808925778153	0.1736096966839924	0.29532362798491835	0.5743741765480896	209	1084805	0.3576679679758113	360.5	18.5325	0.3323177898331958	1.4838796708485094	baseline
Cn181	NC_026749.1	332	0.4013888888888889	0.4251644907746231	0.16945242721182596	0.2799481865284974	0.5304706355591311	192.5	1814975	0.1829226297882891	297	33.3585	0.16363861761181284	1.0492078480747036	baseline
Cn181	NC_026750.1	304	0.456382893525007	0.42375202267255074	0.1590389982561068	0.28505807311500375	0.512933968686181	213	1422463	0.21371381891831281	278	11.8608	0.1954356633529308	2.1920949682989344	baseline
Cn181	NC_026751.1	352	0.41294375747905865	0.4258269201985229	0.1566629931126855	0.293122009569378	0.5187590187590188	198.5	1399503	0.25151786026896694	343	22.238999999999997	0.24508700588708993	0.40469445568595713	baseline
Cn181	NC_026752.1	304	0.42324093816631125	0.4331653717260584	0.1630224338732036	0.30349062702003876	0.5308794466403162	105	1398693	0.2173457649391253	298	14.0847	0.21305604589427415	0.42599416387995487	baseline
Cn181	NC_026753.1	329	0.3933649289099526	0.41601292033609566	0.17524383205207306	0.27014218009478674	0.511520737327189	193	1186808	0.2772141744915774	318	17.7912	0.26794561546602313	0.6182831961868789	baseline
Cn181	NC_026754.1	179	0.32682926829268294	0.39214401011665273	0.19473292239127288	0.23205128205128206	0.5411622276029056	188	1059964	0.1688736598601462	171.5	24.462899999999998	0.1617979478548328	0.3065867088529978	baseline
Cn181	NC_026755.1	331	0.34684684684684686	0.4003868042831266	0.18592872706180708	0.26393188854489164	0.48853186877932786	173	1561994	0.2119086244889545	337.5	20.0151	0.2160699720997648	-0.32475481011836066	baseline
Cn181	NC_026756.1	368	0.39767441860465114	0.4014763112133712	0.1587177029605224	0.264	0.5099163225385785	200	774062	0.47541411411489004	369	25.9455	0.47670600029455	-0.0385423291129483	baseline
Cn181	NC_026757.1	217	0.375	0.4150440699347079	0.18809187386525686	0.2623762376237624	0.544	204	756744	0.28675483386719947	208	21.4977	0.2748617762413709	0.41864943691650736	baseline
Cn181	NC_026758.1	149	0.4046511627906977	0.42636642888749937	0.1774323192879171	0.28169014084507044	0.5687203791469194	191	942867	0.15802865091258894	147	14.0847	0.15590746096745353	0.1419980546266516	baseline
Cn182	NC_026745.1	264	0.3373708243210767	0.4017633317140274	0.18955105280957957	0.2423673887088521	0.5418607386497294	195	2291499	0.11520842906761034	220.5	31.875899999999998	0.09622522200533364	1.3646673505689253	baseline
Cn182	NC_026746.1	131	0.391304347826087	0.4452936528926727	0.18739496343304984	0.2921363067102978	0.582521645021645	68	1621675	0.0807806743028042	113	6.6716999999999995	0.06968103966577767	2.697963037906381	baseline
Cn182	NC_026747.1	104	0.3921372270319162	0.416834767103546	0.16280371224965426	0.2740740740740741	0.5247178740444121	176	1575141	0.06602583514745664	104	10.3782	0.06602583514745664	0	baseline
Cn182	NC_026748.1	390	0.46875	0.4660639350103176	0.18678948370349932	0.29109813084112146	0.6317494932121138	204	1084805	0.35951161729527426	360.5	18.5325	0.3323177898331958	1.5917981923647646	baseline
Cn182	NC_026749.1	338	0.4442060907872055	0.4293455784159271	0.17190835607805532	0.26826463010673535	0.5292174138377819	191	1814975	0.1862284604471136	297	33.3585	0.16363861761181284	1.2290720506017956	baseline
Cn182	NC_026750.1	280	0.4409850379013375	0.42370606760289964	0.1402055199864758	0.3267771312926891	0.49255247529513596	214	1422463	0.19684167531949864	278	11.8608	0.1954356633529308	0.1686226898691488	baseline
Cn182	NC_026751.1	363	0.4117647058823529	0.43093733358879766	0.16387094589168194	0.29903846153846153	0.5303308823529411	191	1399503	0.25937779340237216	343	22.238999999999997	0.24508700588708993	0.8993210126354604	baseline
Cn182	NC_026752.1	288	0.4259882253994954	0.44804135060525574	0.1708700190636101	0.3186299948105864	0.5771367521367521	93	1398693	0.20590651415285557	298	14.0847	0.21305604589427415	-0.7099902731332581	baseline
Cn182	NC_026753.1	296	0.40455486542443064	0.4166610781112136	0.18234719821974774	0.25317627804815024	0.5067852154292468	195	1186808	0.24940849741491464	318	17.7912	0.26794561546602313	-1.2365663923737578	baseline
Cn182	NC_026754.1	175	0.3568075117370892	0.4032933864634506	0.18933804848777877	0.24366989193264638	0.5421022067363531	202	1059964	0.16509994679064574	171.5	24.462899999999998	0.1617979478548328	0.1430737974647323	baseline
Cn182	NC_026755.1	314	0.37413049972261336	0.4246848126909346	0.19100103494044368	0.27821714906916706	0.5415711009174312	189	1561994	0.20102509996837378	337.5	20.0151	0.2160699720997648	-1.174113544274073	baseline
Cn182	NC_026756.1	360	0.37797619047619047	0.39623028715459263	0.15908016668658037	0.2665829145728643	0.5022480620155039	207	774062	0.4650790246776098	369	25.9455	0.47670600029455	-0.3468809620165347	baseline
Cn182	NC_026757.1	211	0.39915966386554624	0.4120573738775948	0.19086273029943218	0.23847877854041183	0.5233695652173913	205	756744	0.27882612878331375	208	21.4977	0.2748617762413709	0.13954981230550245	baseline
Cn182	NC_026758.1	137	0.3923444976076555	0.41513710630503686	0.16559833720861494	0.288135593220339	0.48095238095238096	190	942867	0.14530151124177643	147	14.0847	0.15590746096745353	-0.7099902731332581	baseline
Cn183	NC_018792.1	1	0.41025641025641024	0.41025641025641024	NA	0.41025641025641024	0.41025641025641024	39	NA	NA	1	0	NA	NA	NA
Cn183	NC_026745.1	243	0.3617021276595745	0.40477102399816456	0.17593664787623844	0.2506983240223464	0.5441446191939108	196	2291499	0.10604412220995951	220.5	31.875899999999998	0.09622522200533364	0.7058624227080648	baseline
Cn183	NC_026746.1	116	0.3533423261390887	0.43454216492068165	0.2061030307578673	0.26796006169331926	0.6501506024096386	73	1621675	0.07153097877194876	113	6.6716999999999995	0.06968103966577767	0.44966050631773014	baseline
Cn183	NC_026747.1	104	0.37622652399769124	0.41484238006377055	0.15327576942105714	0.3057692307692308	0.5237418831168831	180.5	1575141	0.06602583514745664	104	10.3782	0.06602583514745664	0	baseline
Cn183	NC_026748.1	382	0.46153846153846156	0.4677127718441613	0.1770641033078958	0.3111347087378641	0.6126200480192077	204.5	1084805	0.3521370200174225	360.5	18.5325	0.3323177898331958	1.1601241062997438	baseline
Cn183	NC_026749.1	328	0.4482758620689655	0.4415491142635131	0.1688408926087356	0.297478329393223	0.5535905885959534	195	1814975	0.1807187426824061	297	33.3585	0.16363861761181284	0.9292983797233089	baseline
Cn183	NC_026750.1	284	0.4323734214563909	0.40710855347373676	0.14294695283378783	0.2842382154882155	0.47730938416422286	218	1422463	0.19965369925263435	278	11.8608	0.1954356633529308	0.5058680696074465	baseline
Cn183	NC_026751.1	346	0.4210465563678338	0.42168575112836154	0.14741916187667645	0.30520459440057435	0.5200526819923372	198	1399503	0.24723062401438226	343	22.238999999999997	0.24508700588708993	0.13489815189531906	baseline
Cn183	NC_026752.1	311	0.40540540540540543	0.42610588921158365	0.1659653583796359	0.29645349700539525	0.5285947712418301	86	1398693	0.22235043715811834	298	14.0847	0.21305604589427415	0.9229873550732355	baseline
Cn183	NC_026753.1	311	0.4031413612565445	0.4239622769781585	0.18013978023747643	0.2793706868222149	0.5224135182528296	190	1186808	0.26204744154067044	318	17.7912	0.26794561546602313	-0.39345294302801387	baseline
Cn183	NC_026754.1	195	0.3425414364640884	0.3820445703525516	0.18047992107954428	0.22358819796954316	0.4966366366366366	192	1059964	0.1839685121381481	171.5	24.462899999999998	0.1617979478548328	0.9606383544060599	baseline
Cn183	NC_026755.1	343	0.3742690058479532	0.4110555899422145	0.18211656697527356	0.2694063926940639	0.5041899441340782	192	1561994	0.21959111238583504	337.5	20.0151	0.2160699720997648	0.27479253163861284	baseline
Cn183	NC_026756.1	401	0.36666666666666664	0.39600572492415104	0.15329542775692337	0.2722222222222222	0.49537037037037035	201	774062	0.5180463580436709	369	25.9455	0.47670600029455	1.2333545316143455	baseline
Cn183	NC_026757.1	189	0.35714285714285715	0.4117149250505203	0.17958609941565623	0.26605504587155965	0.5347222222222222	197	756744	0.24975421014239954	208	21.4977	0.2748617762413709	-0.8838154779348489	baseline
Cn183	NC_026758.1	142	0.37616552025330274	0.41053919023513674	0.16367642686420483	0.2996192893401015	0.5108119179027251	198	942867	0.15060448610461497	147	14.0847	0.15590746096745353	-0.35499513656662907	baseline
Cn184	NC_026745.1	177	0.3684210526315789	0.4054907181959804	0.16967748771611635	0.26576576576576577	0.5046728971962616	204	2291499	0.07724201494305694	220.5	31.875899999999998	0.09622522200533364	-1.3646673505689253	baseline
Cn184	NC_026746.1	117	0.3541666666666667	0.4287257443838561	0.19231564633729017	0.27586206896551724	0.6078431372549019	71	1621675	0.07214762514067245	113	6.6716999999999995	0.06968103966577767	0.5995473417569736	baseline
Cn184	NC_026747.1	110	0.4048216276477146	0.4173364034713126	0.18556872237285996	0.25751231527093593	0.5420542635658915	175.5	1575141	0.06983501794442529	104	10.3782	0.06602583514745664	0.5781349366942244	baseline
Cn184	NC_026748.1	364	0.521334681496461	0.49756977394890967	0.18220643075203602	0.32793495505023795	0.6525510204081633	201	1084805	0.33554417614225596	360.5	18.5325	0.3323177898331958	0.18885741265344666	baseline
Cn184	NC_026749.1	304	0.4420761670761671	0.42923811207505447	0.17145424590796796	0.27225378787878785	0.5427234299516908	184.5	1814975	0.1674954200471081	297	33.3585	0.16363861761181284	0.20984156961494072	baseline
Cn184	NC_026750.1	286	0.5326241134751772	0.4941609330527839	0.17863286966254732	0.3365501876172608	0.6445695807314897	213.5	1422463	0.2010597112192022	278	11.8608	0.1954356633529308	0.6744907594765952	baseline
Cn184	NC_026751.1	335	0.40789473684210525	0.44784672349502774	0.17569609653366255	0.30324283559577675	0.6056740442655936	189	1399503	0.23937069088097704	343	22.238999999999997	0.24508700588708993	-0.35972840505418413	baseline
Cn184	NC_026752.1	295	0.41847826086956524	0.4398549247171789	0.1840292722735092	0.27654489586889724	0.5741192884548308	92	1398693	0.21091118637184858	298	14.0847	0.21305604589427415	-0.21299708193997743	baseline
Cn184	NC_026753.1	384	0.3932313792126876	0.42155564006901874	0.1814882199963912	0.2817783929373036	0.5279245947850599	173	1186808	0.3235569696193487	318	17.7912	0.26794561546602313	3.7096991771212733	het_enriched
Cn184	NC_026754.1	168	0.3350877192982456	0.3754437052344387	0.16724106713013087	0.24964689265536724	0.45307618360970914	178	1059964	0.1584959489190199	171.5	24.462899999999998	0.1617979478548328	-0.1430737974647323	baseline
Cn184	NC_026755.1	347	0.3657142857142857	0.4005969946503734	0.17957220002999205	0.2547782185358817	0.45694444444444443	176	1561994	0.2221519416847952	337.5	20.0151	0.2160699720997648	0.474641645557604	baseline
Cn184	NC_026756.1	393	0.3787878787878788	0.40134126191197483	0.15825974326178333	0.26666666666666666	0.5137614678899083	186	774062	0.5077112686063907	369	25.9455	0.47670600029455	0.9250158987107592	baseline
Cn184	NC_026757.1	235	0.42857142857142855	0.44672764425371525	0.19504761128888165	0.26632035340314136	0.6025751072961374	175	756744	0.31054094911885655	208	21.4977	0.2748617762413709	1.2559483107495222	baseline
Cn184	NC_026758.1	149	0.391304347826087	0.40376170563534747	0.15685739181470995	0.2702702702702703	0.4927536231884058	187	942867	0.15802865091258894	147	14.0847	0.15590746096745353	0.1419980546266516	baseline
Cn185	NC_026745.1	184	0.3648913924806896	0.4059874243856055	0.1795476146075935	0.27380519386047864	0.5307613906186999	213.5	2291499	0.08029678389560721	220.5	31.875899999999998	0.09622522200533364	-1.1450657079486384	baseline
Cn185	NC_026746.1	110	0.3451704545454546	0.4347663329780286	0.19947621351463748	0.27790880503144655	0.5980263157894736	88.5	1621675	0.06783110055960657	113	6.6716999999999995	0.06968103966577767	-0.44966050631773014	baseline
Cn185	NC_026747.1	115	0.40625	0.4277227614716651	0.18472501057856985	0.2779421433267587	0.5470696669209255	194	1575141	0.07300933694189916	104	10.3782	0.06602583514745664	1.0599140506060782	baseline
Cn185	NC_026748.1	388	0.517920054200542	0.4865216144267826	0.18549746171350118	0.3157191106107515	0.6564538390274337	204	1084805	0.3576679679758113	360.5	18.5325	0.3323177898331958	1.4838796708485094	baseline
Cn185	NC_026749.1	340	0.4488465197399715	0.4395926961392835	0.16956108833654207	0.3019385026737968	0.5416666666666666	189	1814975	0.1873304040000551	297	33.3585	0.16363861761181284	1.289026784777493	baseline
Cn185	NC_026750.1	287	0.5429864253393665	0.49597151123041333	0.17655581123134342	0.3416133792424988	0.6450914676721129	218	1422463	0.20176271720248612	278	11.8608	0.1954356633529308	0.7588021044111696	baseline
Cn185	NC_026751.1	335	0.390625	0.428142753719231	0.16697521843649216	0.297716658017644	0.5571895424836601	200	1399503	0.23937069088097704	343	22.238999999999997	0.24508700588708993	-0.35972840505418413	baseline
Cn185	NC_026752.1	310	0.4166666666666667	0.43167861522306256	0.17603498982665003	0.27930232558139534	0.555352798053528	96	1398693	0.22163548398397648	298	14.0847	0.21305604589427415	0.8519883277599097	baseline
Cn185	NC_026753.1	339	0.3891402714932127	0.41935152040489193	0.1766901336140605	0.2801416397973284	0.5023152614316033	196	1186808	0.28564013724208126	318	17.7912	0.26794561546602313	1.1803588290840417	baseline
Cn185	NC_026754.1	186	0.3087757313109426	0.34812802300760026	0.1665097215834551	0.207935507115835	0.4429223744292237	189	1059964	0.17547765773177204	171.5	24.462899999999998	0.1617979478548328	0.5927343037824625	baseline
Cn185	NC_026755.1	360	0.3416133792424988	0.3904387668676207	0.18001766442129877	0.25622690886699506	0.4620075046904315	177	1561994	0.2304746369064158	337.5	20.0151	0.2160699720997648	1.1241512657943253	baseline
Cn185	NC_026756.1	380	0.36363636363636365	0.39611884959813026	0.16521841834295112	0.24725274725274726	0.52	201.5	774062	0.49091674827081033	369	25.9455	0.47670600029455	0.4239656202424313	baseline
Cn185	NC_026757.1	223	0.375	0.42260163940685397	0.17271818410610357	0.28310278829005175	0.5186206896551724	194	756744	0.2946835389510852	208	21.4977	0.2748617762413709	0.6977490615275123	baseline
Cn185	NC_026758.1	151	0.4009216589861751	0.40490294359225254	0.15215384762050022	0.2784827975183305	0.4963879814107578	203	942867	0.16014984085772438	147	14.0847	0.15590746096745353	0.2839961092533032	baseline
Cn186	NC_026745.1	257	0.36123348017621143	0.4022244676116908	0.18494476740024893	0.2512315270935961	0.5084745762711864	198	2291499	0.11215366011506006	220.5	31.875899999999998	0.09622522200533364	1.1450657079486384	baseline
Cn186	NC_026746.1	118	0.3477034649476229	0.4309848346128998	0.1935264469021636	0.26999819429396893	0.6151098901098901	70.5	1621675	0.07276427150939616	113	6.6716999999999995	0.06968103966577767	0.7494341771962169	baseline
Cn186	NC_026747.1	98	0.351967276977016	0.4048229494715096	0.16279002383464364	0.29171122994652404	0.5096677559912854	181.5	1575141	0.06221665235048798	104	10.3782	0.06602583514745664	-0.5781349366942244	baseline
Cn186	NC_026748.1	379	0.4892703862660944	0.47312397511910464	0.17111349261153033	0.32961309523809523	0.6	208	1084805	0.34937154603822806	360.5	18.5325	0.3323177898331958	0.998246324025361	baseline
Cn186	NC_026749.1	317	0.44052863436123346	0.4335551172853855	0.17758015486956913	0.2813852813852814	0.5210084033613446	197	1814975	0.17465805314122784	297	33.3585	0.16363861761181284	0.5995473417569736	baseline
Cn186	NC_026750.1	281	0.44	0.4308528039339949	0.14853464453750392	0.32589285714285715	0.5	215	1422463	0.19754468130278258	278	11.8608	0.1954356633529308	0.25293403480372323	baseline
Cn186	NC_026751.1	317	0.4326923076923077	0.4476361713298614	0.15135865052332825	0.3333333333333333	0.5416666666666666	183	1399503	0.22650898211722306	343	22.238999999999997	0.24508700588708993	-1.1691173164260984	baseline
Cn186	NC_026752.1	298	0.4212886476280387	0.44136302414915446	0.17796290600894327	0.2974174174174174	0.5722926267281105	103	1398693	0.21305604589427415	298	14.0847	0.21305604589427415	0	baseline
Cn186	NC_026753.1	340	0.3965137475315206	0.4240329838653351	0.17007075940461022	0.2915655339805825	0.5139006791171478	200	1186808	0.28648273351713166	318	17.7912	0.26794561546602313	1.2365663923737578	baseline
Cn186	NC_026754.1	195	0.33557046979865773	0.367999850729595	0.17560861487337812	0.20796850208614914	0.46636375382230066	202	1059964	0.1839685121381481	171.5	24.462899999999998	0.1617979478548328	0.9606383544060599	baseline
Cn186	NC_026755.1	332	0.35395976572447163	0.4074956357902047	0.1829767360116517	0.2730010952902519	0.5135815991237678	197	1561994	0.21254883181369455	337.5	20.0151	0.2160699720997648	-0.27479253163861284	baseline
Cn186	NC_026756.1	392	0.3587436751820313	0.38240970321537004	0.15535990216809506	0.25	0.4867974945408573	203	774062	0.5064193824267307	369	25.9455	0.47670600029455	0.8864735695978109	baseline
Cn186	NC_026757.1	215	0.3511111111111111	0.4000188195009373	0.18698284962956738	0.2425256472887152	0.49252326096588395	200	756744	0.2841119321725709	208	21.4977	0.2748617762413709	0.3256162287128391	baseline
Cn186	NC_026758.1	134	0.36750412095719887	0.41147170770134206	0.16125111236501435	0.27901472650771386	0.5218791834002677	196	942867	0.1421197263240733	147	14.0847	0.15590746096745353	-0.9229873550732355	baseline
Cn187	NC_018792.1	1	0.7682403433476395	0.7682403433476395	NA	0.7682403433476395	0.7682403433476395	233	NA	NA	1	0	NA	NA	NA
Cn187	NC_026745.1	189	0.3967611336032389	0.41658541499683294	0.18466714976713564	0.27232142857142855	0.5373134328358209	204	2291499	0.0824787617188574	220.5	31.875899999999998	0.09622522200533364	-0.9882073917912907	baseline
Cn187	NC_026746.1	112	0.38061703554661297	0.43927889406231796	0.18646021141954808	0.2799052132701422	0.5919061172856239	93	1621675	0.06906439329705398	113	6.6716999999999995	0.06968103966577767	-0.1498868354392434	baseline
Cn187	NC_026747.1	101	0.3466666666666667	0.4002024696173637	0.18315538925990305	0.24050632911392406	0.545045045045045	194	1575141	0.06412124374897231	104	10.3782	0.06602583514745664	-0.2890674683471122	baseline
Cn187	NC_026748.1	370	0.48082577799558934	0.4792231377765392	0.18392453997316352	0.3044294294294294	0.6418190342240975	214	1084805	0.3410751241006448	360.5	18.5325	0.3323177898331958	0.5126129772022123	baseline
Cn187	NC_026749.1	316	0.42385057471264365	0.4353444781610799	0.17612354125284635	0.2777777777777778	0.564935064935065	207	1814975	0.1741070813647571	297	33.3585	0.16363861761181284	0.5695699746691248	baseline
Cn187	NC_026750.1	273	0.5427350427350427	0.4870216954602384	0.17032244684350983	0.3424657534246575	0.6180257510729614	224	1422463	0.1919206334365112	278	11.8608	0.1954356633529308	-0.42155672467287203	baseline
Cn187	NC_026751.1	355	0.44036697247706424	0.4489966738611267	0.1545977275683833	0.32300156739811914	0.5488898546144121	210	1399503	0.25366147839625924	343	22.238999999999997	0.24508700588708993	0.5395926075812763	baseline
Cn187	NC_026752.1	302	0.4311135716545397	0.4493966803043109	0.17862399918623303	0.3011339625299338	0.6065573770491803	100.5	1398693	0.2159158585908416	298	14.0847	0.21305604589427415	0.2839961092533032	baseline
Cn187	NC_026753.1	304	0.34307036247334755	0.40711442290056093	0.185193609689019	0.26943279629220923	0.5115218832891246	201.5	1186808	0.25614926761531776	318	17.7912	0.26794561546602313	-0.7869058860560277	baseline
Cn187	NC_026754.1	180	0.36	0.3917780977520199	0.17610290573912357	0.23690572119258663	0.5025	210	1059964	0.16981708812752133	171.5	24.462899999999998	0.1617979478548328	0.34746493670006423	baseline
Cn187	NC_026755.1	334	0.3711474632527264	0.4049294746963488	0.1850595368914282	0.2522883295194508	0.5031779661016949	193	1561994	0.21382924646317464	337.5	20.0151	0.2160699720997648	-0.17486797467911727	baseline
Cn187	NC_026756.1	324	0.3816940707523667	0.39651234514838507	0.16215654196955517	0.25558462918660285	0.47629179331306987	224	774062	0.4185711222098488	369	25.9455	0.47670600029455	-1.7344048100826734	baseline
Cn187	NC_026757.1	245	0.3497942386831276	0.3942441990158165	0.15831189594665576	0.2826086956521739	0.4957627118644068	203	756744	0.3237554575919994	208	21.4977	0.2748617762413709	1.7211143517678638	baseline
Cn187	NC_026758.1	141	0.37037037037037035	0.3996897024554176	0.1620612984746927	0.2669683257918552	0.5131578947368421	207	942867	0.14954389113204727	147	14.0847	0.15590746096745353	-0.42599416387995487	baseline
Cn188	NC_018792.1	1	0.2716049382716049	0.2716049382716049	NA	0.2716049382716049	0.2716049382716049	81	NA	NA	1	0	NA	NA	NA
Cn188	NC_026745.1	176	0.3865707031104141	0.4148225022862383	0.17916076762146863	0.2575278097429996	0.5502245508982037	202	2291499	0.0768056193784069	220.5	31.875899999999998	0.09622522200533364	-1.3960390138003949	baseline
Cn188	NC_026746.1	118	0.4109511889862328	0.41449372732180606	0.16073520213364123	0.2911226710186319	0.4990954852918043	98	1621675	0.07276427150939616	113	6.6716999999999995	0.06968103966577767	0.7494341771962169	baseline
Cn188	NC_026747.1	105	0.3665158371040724	0.416250126522462	0.17887520182119043	0.28440366972477066	0.5570175438596491	185	1575141	0.06666069894695141	104	10.3782	0.06602583514745664	0.09635582278237075	baseline
Cn188	NC_026748.1	381	0.5560538116591929	0.5147983925827999	0.19434856538811268	0.3273542600896861	0.6936170212765957	205	1084805	0.35121519535769097	360.5	18.5325	0.3323177898331958	1.1061648455416162	baseline
Cn188	NC_026749.1	340	0.4504901960784314	0.44855436525654574	0.16624195082818288	0.3295326360047172	0.5336206896551724	195.5	1814975	0.1873304040000551	297	33.3585	0.16363861761181284	1.289026784777493	baseline
Cn188	NC_026750.1	299	0.559322033898305	0.5020995665071173	0.19613119846851398	0.30884942489977896	0.6775049207985753	216	1422463	0.2101987890018932	278	11.8608	0.1954356633529308	1.7705382436260624	baseline
Cn188	NC_026751.1	352	0.4261065812463599	0.4544625738567761	0.17606812971354927	0.3060539606592238	0.5962962962962963	190	1399503	0.25151786026896694	343	22.238999999999997	0.24508700588708993	0.40469445568595713	baseline
Cn188	NC_026752.1	338	0.40335589135069994	0.4391425563100523	0.1968598196706069	0.25550991785213384	0.5945883971566155	103	1398693	0.24165417285994853	298	14.0847	0.21305604589427415	2.8399610925330325	baseline
Cn188	NC_026753.1	327	0.3548387096774194	0.408253703808275	0.18876218623998473	0.2566204287515763	0.5333817126269956	159	1186808	0.2755289819414766	318	17.7912	0.26794561546602313	0.5058680696074463	baseline
Cn188	NC_026754.1	190	0.40170064358393553	0.4152455074691607	0.16442348114889305	0.27518145459931864	0.5283730158730159	183.5	1059964	0.1792513708012725	171.5	24.462899999999998	0.1617979478548328	0.756247215170728	baseline
Cn188	NC_026755.1	340	0.4127789046653144	0.42941115381690587	0.1839787892067264	0.2820230430362589	0.5390136179609863	158	1561994	0.2176704904116149	337.5	20.0151	0.2160699720997648	0.12490569619936948	baseline
Cn188	NC_026756.1	285	0.44954128440366975	0.43033970958687845	0.17335294966301545	0.2857142857142857	0.5069124423963134	220	774062	0.36818756120310775	369	25.9455	0.47670600029455	-3.237555645487657	het_depleted
Cn188	NC_026757.1	217	0.3605769230769231	0.39062788289478517	0.15912601200043106	0.25888324873096447	0.5196850393700787	191	756744	0.28675483386719947	208	21.4977	0.2748617762413709	0.41864943691650736	baseline
Cn188	NC_026758.1	145	0.39826839826839827	0.42335511562936956	0.17587214573298326	0.2744186046511628	0.5326633165829145	188	942867	0.1537862710223181	147	14.0847	0.15590746096745353	-0.1419980546266516	baseline
Cn189	NC_026745.1	236	0.380180603403278	0.4211904198557415	0.18095648813471785	0.27922690131992456	0.534375	193	2291499	0.10298935325740924	220.5	31.875899999999998	0.09622522200533364	0.48626078008777796	baseline
Cn189	NC_026746.1	122	0.3538050734312417	0.4411805105974113	0.21455253578855946	0.2754872563718141	0.6566863587540279	98	1621675	0.07523085698429094	113	6.6716999999999995	0.06968103966577767	1.3489815189531904	baseline
Cn189	NC_026747.1	112	0.4	0.4176375997153382	0.1641850986821223	0.2892200695479384	0.5011574074074074	175	1575141	0.07110474554341484	104	10.3782	0.06602583514745664	0.770846582258966	baseline
Cn189	NC_026748.1	361	0.5	0.4741663925076144	0.1673661660577347	0.32231404958677684	0.6167400881057269	209	1084805	0.33277870216306155	360.5	18.5325	0.3323177898331958	0.02697963037906381	baseline
Cn189	NC_026749.1	330	0.44337606837606836	0.42886573961567687	0.17410273662779815	0.26422101449275365	0.5384615384615384	194	1814975	0.1818206862353476	297	33.3585	0.16363861761181284	0.9892531138990063	baseline
Cn189	NC_026750.1	272	0.4394817318525672	0.41742275562408143	0.1470624626943703	0.3039187643020595	0.4954232693911593	218	1422463	0.19121762745322726	278	11.8608	0.1954356633529308	-0.5058680696074465	baseline
Cn189	NC_026751.1	343	0.40444444444444444	0.42976715729489723	0.1435963934701688	0.31074051407588743	0.5238095238095238	198	1399503	0.24508700588708993	343	22.238999999999997	0.24508700588708993	0	baseline
Cn189	NC_026752.1	299	0.42592592592592593	0.44561752816499534	0.1820663301551286	0.2903356994971902	0.5663522012578617	85	1398693	0.213770999068416	298	14.0847	0.21305604589427415	0.0709990273133258	baseline
Cn189	NC_026753.1	346	0.4	0.41317513515863835	0.17873798999861157	0.2635331978319783	0.5058139534883721	195.5	1186808	0.291538311167434	318	17.7912	0.26794561546602313	1.5738117721120555	baseline
Cn189	NC_026754.1	167	0.31981981981981983	0.37528372055438836	0.18308149729370807	0.22300231455968256	0.4988888888888889	182	1059964	0.1575525206516448	171.5	24.462899999999998	0.1617979478548328	-0.1839520253117987	baseline
Cn189	NC_026755.1	329	0.375	0.41406827383255573	0.1925234776729045	0.25925925925925924	0.55	181	1561994	0.21062820983947442	337.5	20.0151	0.2160699720997648	-0.4246793670778562	baseline
Cn189	NC_026756.1	403	0.3761467889908257	0.3937773225036809	0.15306968811656796	0.2655516633468416	0.5	207	774062	0.520630130402991	369	25.9455	0.47670600029455	1.310439189840242	baseline
Cn189	NC_026757.1	212	0.3679314565483476	0.4182992806299514	0.17800035932116187	0.264487613227109	0.5277039233732147	190	756744	0.28014757963062803	208	21.4977	0.2748617762413709	0.18606641640733662	baseline
Cn189	NC_026758.1	152	0.3837962962962963	0.406057889911011	0.15577207423296252	0.28620129870129873	0.4982227488151659	198	942867	0.16121043583029207	147	14.0847	0.15590746096745353	0.35499513656662907	baseline
Cn19	NC_018792.1	1	0.16666666666666666	0.16666666666666666	NA	0.16666666666666666	0.16666666666666666	234	NA	NA	1	0	NA	NA	NA
Cn19	NC_026745.1	231	0.38181818181818183	0.40959862380661927	0.1868598192216508	0.24939024390243902	0.526444547996272	179	2291499	0.10080737543415905	220.5	31.875899999999998	0.09622522200533364	0.3294024639304302	baseline
Cn19	NC_026746.1	145	0.3783783783783784	0.44205979427679076	0.20975849351294734	0.2727272727272727	0.6144578313253012	93	1621675	0.08941372346493595	113	6.6716999999999995	0.06968103966577767	4.796378734055788	het_enriched
Cn19	NC_026747.1	122	0.38385399264951553	0.42050167147244355	0.18529206979949842	0.2631578947368421	0.5676837156077417	171.5	1575141	0.07745338353836259	104	10.3782	0.06602583514745664	1.7344048100826734	baseline
Cn19	NC_026748.1	408	0.4904623489871923	0.45499195401004566	0.16940329355240633	0.30322038921268396	0.5872279590241495	196	1084805	0.3761044611704408	360.5	18.5325	0.3323177898331958	2.5630648860110616	baseline
Cn19	NC_026749.1	322	0.3948684210526316	0.39804450414868164	0.1640716503710241	0.2551238638388879	0.48230706075533664	182	1814975	0.1774129120235816	297	33.3585	0.16363861761181284	0.7494341771962169	baseline
Cn19	NC_026750.1	299	0.4549763033175355	0.421936285649501	0.1549752533954086	0.278731684981685	0.5047394429469901	200	1422463	0.2101987890018932	278	11.8608	0.1954356633529308	1.7705382436260624	baseline
Cn19	NC_026751.1	352	0.4150375939849624	0.4180898287912848	0.16141437109541587	0.28769126912691273	0.5218462197472692	189	1399503	0.25151786026896694	343	22.238999999999997	0.24508700588708993	0.40469445568595713	baseline
Cn19	NC_026752.1	348	0.4076581231914014	0.42809442478561344	0.17921293064732766	0.2616481864844171	0.5661949685534591	107.5	1398693	0.24880370460136714	298	14.0847	0.21305604589427415	3.54995136566629	het_enriched
Cn19	NC_026753.1	346	0.3858958419671225	0.4103670238489528	0.18976465031890655	0.24749172024157415	0.49514423076923075	182	1186808	0.291538311167434	318	17.7912	0.26794561546602313	1.5738117721120555	baseline
Cn19	NC_026754.1	213	0.2804232804232804	0.3526053152710429	0.18722811137849632	0.21105527638190955	0.41919191919191917	181	1059964	0.20095022095090023	171.5	24.462899999999998	0.1617979478548328	1.6964464556532546	baseline
Cn19	NC_026755.1	348	0.3786764705882353	0.4046025980650353	0.18567324457402684	0.2483636066110293	0.5113573021181717	176	1561994	0.22279214900953526	337.5	20.0151	0.2160699720997648	0.5246039240373518	baseline
Cn19	NC_026756.1	385	0.3853211009174312	0.3986650024602435	0.15441081694817901	0.2849462365591398	0.4888888888888889	190	774062	0.4973761791691105	369	25.9455	0.47670600029455	0.6166772658071727	baseline
Cn19	NC_026757.1	239	0.391304347826087	0.44233895275085944	0.19808979708046595	0.28841681574239714	0.581386292834891	183	756744	0.3158267525081137	208	21.4977	0.2748617762413709	1.4420147271568589	baseline
Cn19	NC_026758.1	146	0.40440946773999764	0.4125775622282897	0.16872277952745043	0.27366243870366813	0.5	193	942867	0.1548468659948858	147	14.0847	0.15590746096745353	-0.0709990273133258	baseline
Cn190	NC_026745.1	229	0.36	0.40757795754450177	0.18197671522840408	0.25280898876404495	0.532258064516129	203	2291499	0.09993458430485896	220.5	31.875899999999998	0.09622522200533364	0.26665913746749115	baseline
Cn190	NC_026746.1	109	0.38461538461538464	0.44377489319989266	0.19617909376564166	0.2822966507177033	0.6455696202531646	75	1621675	0.06721445419088289	113	6.6716999999999995	0.06968103966577767	-0.5995473417569736	baseline
Cn190	NC_026747.1	102	0.41379310344827586	0.43355360345284616	0.1570471925454586	0.31529411764705884	0.5400207900207901	187	1575141	0.06475610754846708	104	10.3782	0.06602583514745664	-0.1927116455647415	baseline
Cn190	NC_026748.1	350	0.4898204948742229	0.47155713899552504	0.17449438297429654	0.31044223650886427	0.6205390754404457	211	1084805	0.32263863090601536	360.5	18.5325	0.3323177898331958	-0.56657223796034	baseline
Cn190	NC_026749.1	330	0.43880425041607984	0.4365199729826855	0.17305352887153447	0.30142422265709934	0.5452848502949302	192.5	1814975	0.1818206862353476	297	33.3585	0.16363861761181284	0.9892531138990063	baseline
Cn190	NC_026750.1	287	0.4329004329004329	0.41269643006688345	0.14227528471523881	0.3091901264789882	0.4797959183673469	218	1422463	0.20176271720248612	278	11.8608	0.1954356633529308	0.7588021044111696	baseline
Cn190	NC_026751.1	356	0.41213235294117645	0.42430346017605985	0.15781819228134916	0.29434159450582265	0.5092826354679802	201.5	1399503	0.25437601777202334	343	22.238999999999997	0.24508700588708993	0.5845586582130492	baseline
Cn190	NC_026752.1	314	0.4112394957983193	0.4384361741888144	0.18188349682013125	0.28010582010582014	0.5846267377642353	90.5	1398693	0.2244952966805439	298	14.0847	0.21305604589427415	1.1359844370132128	baseline
Cn190	NC_026753.1	324	0.37610511554173526	0.41521089490335716	0.17263209542459565	0.2738247757958017	0.5207539493530207	201.5	1186808	0.2730011931163255	318	17.7912	0.26794561546602313	0.3372453797382976	baseline
Cn190	NC_026754.1	180	0.3715549936788875	0.390398557996871	0.1748567195123359	0.2367736927701937	0.4973404255319149	199	1059964	0.16981708812752133	171.5	24.462899999999998	0.1617979478548328	0.34746493670006423	baseline
Cn190	NC_026755.1	289	0.35121951219512193	0.4168367626819234	0.19463909486475173	0.25833333333333336	0.5588235294117647	169	1561994	0.18501991684987268	337.5	20.0151	0.2160699720997648	-2.423170506267768	baseline
Cn190	NC_026756.1	371	0.391304347826087	0.4027346153788397	0.1598780230724707	0.26801291212852985	0.507719298245614	207	774062	0.47928977265387007	369	25.9455	0.47670600029455	0.0770846582258966	baseline
Cn190	NC_026757.1	221	0.3632075471698113	0.40389223845324257	0.1744241757879695	0.2571428571428571	0.5145228215767634	201	756744	0.2920406372564566	208	21.4977	0.2748617762413709	0.604715853323844	baseline
Cn190	NC_026758.1	127	0.40350877192982454	0.4185787682962301	0.16698289183962353	0.29730332974859486	0.4891304347826087	155	942867	0.1346955615160993	147	14.0847	0.15590746096745353	-1.4199805462665163	baseline
Cn191	NC_026745.1	200	0.41975308641975306	0.43184483894237047	0.1821508389392204	0.27468873797396715	0.558144599303136	197	2291499	0.08727911293000783	220.5	31.875899999999998	0.09622522200533364	-0.6431190962451256	baseline
Cn191	NC_026746.1	105	0.3768844221105528	0.4196700477225634	0.16843686032352576	0.3018867924528302	0.5222222222222223	112	1621675	0.0647478687159881	113	6.6716999999999995	0.06968103966577767	-1.199094683513947	baseline
Cn191	NC_026747.1	107	0.40350877192982454	0.4233608704767974	0.16217925376323883	0.29554469273743017	0.5	174	1575141	0.06793042654594096	104	10.3782	0.06602583514745664	0.2890674683471122	baseline
Cn191	NC_026748.1	374	0.498868778280543	0.480840374510718	0.16430587666151403	0.3405263157894737	0.6125431598999881	214	1084805	0.3447624227395707	360.5	18.5325	0.3323177898331958	0.7284500202347228	baseline
Cn191	NC_026749.1	270	0.44337606837606836	0.4395888242969029	0.16986520829705043	0.3044198099625684	0.5443059299191374	187	1814975	0.1487623796471026	297	33.3585	0.16363861761181284	-0.8093889113719143	baseline
Cn191	NC_026750.1	300	0.43583945178658834	0.4161929023722389	0.15059843076976007	0.29697218710493045	0.50221894993399	220.5	1422463	0.2109017949851771	278	11.8608	0.1954356633529308	1.8548495885606369	baseline
Cn191	NC_026751.1	345	0.43	0.44382940723982023	0.16125266289374784	0.3155080213903743	0.5454545454545454	192	1399503	0.24651608463861815	343	22.238999999999997	0.24508700588708993	0.08993210126354603	baseline
Cn191	NC_026752.1	339	0.4	0.423884170271105	0.17545368270166328	0.2798226535051029	0.5357142857142857	120	1398693	0.2423691260340904	298	14.0847	0.21305604589427415	2.910960119846358	baseline
Cn191	NC_026753.1	260	0.38242830393219673	0.43079643316674354	0.2080105984119209	0.24918831168831168	0.6044407894736842	172	1186808	0.21907503151310068	318	17.7912	0.26794561546602313	-3.260038670803543	het_depleted
Cn191	NC_026754.1	150	0.3383184523809524	0.3759210386810124	0.18288279222032358	0.23095869647593786	0.4736768379520463	190.5	1059964	0.14151424010626776	171.5	24.462899999999998	0.1617979478548328	-0.8788818987119271	baseline
Cn191	NC_026755.1	309	0.38197424892703863	0.42440478055519815	0.18227553726817006	0.2734375	0.5384615384615384	176	1561994	0.19782406334467356	337.5	20.0151	0.2160699720997648	-1.423924936672812	baseline
Cn191	NC_026756.1	308	0.45357345433919455	0.46141748835840657	0.18703649692450963	0.2826176571624871	0.62570505166948	216.5	774062	0.39790094333528836	369	25.9455	0.47670600029455	-2.3510820758898463	baseline
Cn191	NC_026757.1	210	0.4243135115475541	0.4439128408130514	0.18700054924765552	0.26559692960966846	0.6048613822725497	202	756744	0.2775046779359995	208	21.4977	0.2748617762413709	0.09303320820366831	baseline
Cn191	NC_026758.1	145	0.4111111111111111	0.4277775787255975	0.16742083835791352	0.3008849557522124	0.5023255813953489	204	942867	0.1537862710223181	147	14.0847	0.15590746096745353	-0.1419980546266516	baseline
Cn192	NC_026745.1	197	0.35714285714285715	0.40063688155909416	0.18704780181132016	0.23595505617977527	0.5	206	2291499	0.08596992623605772	220.5	31.875899999999998	0.09622522200533364	-0.7372340859395343	baseline
Cn192	NC_026746.1	106	0.3644024514811032	0.42935241195149987	0.18371052099469518	0.29442243218530934	0.5695110258868648	102.5	1621675	0.06536451508471179	113	6.6716999999999995	0.06968103966577767	-1.0492078480747036	baseline
Cn192	NC_026747.1	115	0.4421052631578947	0.4345538715791656	0.16518627793246182	0.3	0.5563279857397505	161	1575141	0.07300933694189916	104	10.3782	0.06602583514745664	1.0599140506060782	baseline
Cn192	NC_026748.1	348	0.4824049513704686	0.4874853279647996	0.197595417487896	0.291866028708134	0.6859504132231405	203	1084805	0.3207949815865524	360.5	18.5325	0.3323177898331958	-0.6744907594765952	baseline
Cn192	NC_026749.1	319	0.43601895734597157	0.4360579843638641	0.1740045367190268	0.31435935198821796	0.5263157894736842	162	1814975	0.17575999669416936	297	33.3585	0.16363861761181284	0.6595020759326709	baseline
Cn192	NC_026750.1	297	0.5581395348837209	0.4921634832305826	0.18120455623195966	0.3224043715846995	0.6318407960199005	213	1422463	0.20879277703532537	278	11.8608	0.1954356633529308	1.6019155537569136	baseline
Cn192	NC_026751.1	338	0.3891723130065099	0.43601408313512646	0.1636033422833902	0.3154338549075391	0.5642191659272404	188	1399503	0.24151430900826937	343	22.238999999999997	0.24508700588708993	-0.2248302531588651	baseline
Cn192	NC_026752.1	309	0.4161490683229814	0.43414823622097465	0.1910484521092633	0.27403846153846156	0.5769230769230769	92	1398693	0.22092053080983462	298	14.0847	0.21305604589427415	0.7809893004465839	baseline
Cn192	NC_026753.1	365	0.4015151515151515	0.43912910795742405	0.18044089439496638	0.28735632183908044	0.584070796460177	175	1186808	0.30754764039339133	318	17.7912	0.26794561546602313	2.6417554746166645	baseline
Cn192	NC_026754.1	184	0.29835164835164835	0.348711980582309	0.16240262149675505	0.22976673427991887	0.43320757952499356	173	1059964	0.1735908011970218	171.5	24.462899999999998	0.1617979478548328	0.5109778480883297	baseline
Cn192	NC_026755.1	361	0.3670212765957447	0.40077044620891084	0.17901838386158797	0.2543859649122807	0.4744186046511628	165	1561994	0.23111484423115583	337.5	20.0151	0.2160699720997648	1.174113544274073	baseline
Cn192	NC_026756.1	392	0.3917410714285714	0.4036338424678661	0.152550053903319	0.27991897395901033	0.5163105251193454	182	774062	0.5064193824267307	369	25.9455	0.47670600029455	0.8864735695978109	baseline
Cn192	NC_026757.1	224	0.39522859216255446	0.42633953906912764	0.18730706184588214	0.24895251396648044	0.5666213768115942	176	756744	0.29600498979839945	208	21.4977	0.2748617762413709	0.7442656656293465	baseline
Cn192	NC_026758.1	148	0.384785568413887	0.4073908635903112	0.16842813694530648	0.2733100233100233	0.4901746724890829	194	942867	0.15696805594002125	147	14.0847	0.15590746096745353	0.0709990273133258	baseline
Cn193	NC_026745.1	224	0.4509699963851066	0.43619693836606727	0.12100667031148288	0.3564022998048902	0.5072769859064703	215	2291499	0.09775260648160877	220.5	31.875899999999998	0.09622522200533364	0.1098008213101434	baseline
Cn193	NC_026746.1	81	0.3492822966507177	0.3748407658610542	0.13645051031573457	0.2777777777777778	0.45365853658536587	204	1621675	0.049948355866619394	113	6.6716999999999995	0.06968103966577767	-4.796378734055788	het_depleted
Cn193	NC_026747.1	55	0.3768844221105528	0.40937239587103363	0.21730107996247447	0.2221544861220684	0.552462955546656	154	1575141	0.034917508972212644	104	10.3782	0.06602583514745664	-4.721435316336167	het_depleted
Cn193	NC_026748.1	141	0.3524229074889868	0.4256708693209313	0.1999186114144772	0.26126126126126126	0.620253164556962	183	1084805	0.1299772770221376	360.5	18.5325	0.3323177898331958	-11.844057736409011	het_depleted
Cn193	NC_026749.1	87	0.3446601941747573	0.4083571178063	0.18438896995230714	0.2563510690428907	0.49997573110059457	194	1814975	0.047934544552955274	297	33.3585	0.16363861761181284	-6.295247088448222	het_depleted
Cn193	NC_026750.1	135	0.4	0.41834925722152777	0.15850991252721783	0.3103448275862069	0.4906485671191554	162	1422463	0.09490580774332971	278	11.8608	0.1954356633529308	-12.056522325644139	het_depleted
Cn193	NC_026751.1	99	0.3201754385964912	0.3538494144704191	0.17161721681833392	0.22037914691943128	0.44424019607843135	196	1399503	0.07073939820064695	343	22.238999999999997	0.24508700588708993	-10.971716354152615	het_depleted
Cn193	NC_026752.1	133	0.24509803921568626	0.2806271267230129	0.1154068836734773	0.20765027322404372	0.3224489795918367	197	1398693	0.09508877216086732	298	14.0847	0.21305604589427415	-11.714839506698759	het_depleted
Cn193	NC_026753.1	127	0.4068627450980392	0.42468313360312826	0.15354469354351566	0.2982531212243254	0.539979035639413	187	1186808	0.10700972693139918	318	17.7912	0.26794561546602313	-10.735644588335807	het_depleted
Cn193	NC_026754.1	108	0.2871432774345396	0.29776167802933523	0.10457007998059233	0.21486175115207373	0.33905908842794763	196	1059964	0.1018902528765128	171.5	24.462899999999998	0.1617979478548328	-2.595767468288715	baseline
Cn193	NC_026755.1	180	0.32186669886500846	0.3499161182876797	0.1249808734512116	0.2576193574216795	0.42088045998769574	205	1561994	0.1152373184532079	337.5	20.0151	0.2160699720997648	-7.869058860560277	het_depleted
Cn193	NC_026756.1	158	0.3116440061756064	0.34839439804193156	0.14704853957500277	0.2404077339210579	0.3993748421318515	206	774062	0.2041180163862843	369	25.9455	0.47670600029455	-8.132431442832091	het_depleted
Cn193	NC_026757.1	80	0.2557644110275689	0.27682434907230813	0.09813752283933504	0.22007177033492822	0.3178610578240614	209.5	756744	0.10571606778514266	208	21.4977	0.2748617762413709	-5.954125325034772	het_depleted
Cn193	NC_026758.1	76	0.358259341472438	0.4145422698918325	0.18494320184408494	0.2826295045045045	0.4881391064025794	133	942867	0.08060521791514604	147	14.0847	0.15590746096745353	-5.040930939246133	het_depleted
Cn194	NC_026745.1	242	0.37781757966949414	0.4071518957344457	0.18719807659241672	0.25480944502089237	0.5207154977375565	202	2291499	0.10560772664530947	220.5	31.875899999999998	0.09622522200533364	0.6744907594765952	baseline
Cn194	NC_026746.1	110	0.4301421858055187	0.4588549876045197	0.20450479170598262	0.2725854267436417	0.6718230351829162	89.5	1621675	0.06783110055960657	113	6.6716999999999995	0.06968103966577767	-0.44966050631773014	baseline
Cn194	NC_026747.1	97	0.37610619469026546	0.4116631916048041	0.15463405275198314	0.28846153846153844	0.509090909090909	171	1575141	0.06158178855099321	104	10.3782	0.06602583514745664	-0.6744907594765952	baseline
Cn194	NC_026748.1	365	0.46445497630331756	0.46440973027258947	0.1794043248001831	0.29411764705882354	0.6103896103896104	211	1084805	0.3364660008019874	360.5	18.5325	0.3323177898331958	0.24281667341157429	baseline
Cn194	NC_026749.1	336	0.4258337193144974	0.4292733809456989	0.1808361957830456	0.2805812608444187	0.5271510042152243	192.5	1814975	0.18512651689417212	297	33.3585	0.16363861761181284	1.1691173164260984	baseline
Cn194	NC_026750.1	276	0.4594561688311688	0.43880637977910086	0.15267591393949487	0.33142386152895115	0.513544226044226	216	1422463	0.19402965138636297	278	11.8608	0.1954356633529308	-0.1686226898691488	baseline
Cn194	NC_026751.1	352	0.41569234051632176	0.43306182336286164	0.15657286751001742	0.3029608006672227	0.5456372320596459	201.5	1399503	0.25151786026896694	343	22.238999999999997	0.24508700588708993	0.40469445568595713	baseline
Cn194	NC_026752.1	315	0.4426229508196721	0.4489633344602317	0.1862903244837737	0.2841614906832298	0.5722996515679442	100	1398693	0.22521024985468577	298	14.0847	0.21305604589427415	1.2069834643265387	baseline
Cn194	NC_026753.1	320	0.3806324592027279	0.4182018902674387	0.1767253464509248	0.27141651967175395	0.5	201	1186808	0.26963080801612394	318	17.7912	0.26794561546602313	0.11241512657943253	baseline
Cn194	NC_026754.1	191	0.3269230769230769	0.39219530227711963	0.1850820457964625	0.22881231671554253	0.5109430881666925	204	1059964	0.18019479906864763	171.5	24.462899999999998	0.1617979478548328	0.7971254430177944	baseline
Cn194	NC_026755.1	353	0.3803680981595092	0.4181379644115364	0.19313661749369784	0.26666666666666666	0.5327102803738317	193	1561994	0.22599318563323548	337.5	20.0151	0.2160699720997648	0.7744153164360907	baseline
Cn194	NC_026756.1	339	0.3924731182795699	0.4164517978442064	0.15376903361016372	0.29906542056074764	0.5129778356066044	212	774062	0.4379494149047492	369	25.9455	0.47670600029455	-1.1562698733884489	baseline
Cn194	NC_026757.1	211	0.33181818181818185	0.39930757198931766	0.18752041858867788	0.24122536945812809	0.5202056648024536	205	756744	0.27882612878331375	208	21.4977	0.2748617762413709	0.13954981230550245	baseline
Cn194	NC_026758.1	140	0.40569994036511936	0.4124835658728912	0.16754600030685246	0.2748774509803922	0.5127581120943953	201.5	942867	0.14848329615947956	147	14.0847	0.15590746096745353	-0.49699319119328067	baseline
Cn195	NC_026745.1	237	0.39800995024875624	0.41995391982676283	0.1815930420215282	0.2731707317073171	0.5333333333333333	202	2291499	0.10342574882205928	220.5	31.875899999999998	0.09622522200533364	0.5176324433192475	baseline
Cn195	NC_026746.1	108	0.3891988840175369	0.4622915912817092	0.2021939112746355	0.29431136422919746	0.6686046511627907	79.5	1621675	0.06659780782215918	113	6.6716999999999995	0.06968103966577767	-0.7494341771962169	baseline
Cn195	NC_026747.1	106	0.4091936410649301	0.4295314977427822	0.147910685042706	0.31198115609880317	0.5482968776089497	190.5	1575141	0.06729556274644619	104	10.3782	0.06602583514745664	0.1927116455647415	baseline
Cn195	NC_026748.1	333	0.48130841121495327	0.46276557732421497	0.17458582278067988	0.3080357142857143	0.5943775100401606	209	1084805	0.30696761169058034	360.5	18.5325	0.3323177898331958	-1.4838796708485094	baseline
Cn195	NC_026749.1	312	0.4543369474562135	0.44002037734650107	0.16686320939555616	0.2923466701763622	0.5429166666666667	206	1814975	0.1719031942588741	297	33.3585	0.16363861761181284	0.44966050631773014	baseline
Cn195	NC_026750.1	283	0.4469026548672566	0.42649188042333214	0.1482192360129515	0.31467710371819957	0.4956136975759908	220	1422463	0.19895069326935041	278	11.8608	0.1954356633529308	0.42155672467287203	baseline
Cn195	NC_026751.1	346	0.4279161068189452	0.4371785178739849	0.1567436031788636	0.3104788279435412	0.5356031416716064	206	1399503	0.24723062401438226	343	22.238999999999997	0.24508700588708993	0.13489815189531906	baseline
Cn195	NC_026752.1	297	0.45714285714285713	0.45769597495750436	0.18673997209274407	0.2962962962962963	0.5932203389830508	105	1398693	0.2123410927201323	298	14.0847	0.21305604589427415	-0.0709990273133258	baseline
Cn195	NC_026753.1	333	0.40444444444444444	0.42823552156614875	0.17860695726243742	0.28125	0.5233160621761658	204	1186808	0.28058455959177897	318	17.7912	0.26794561546602313	0.843113449345744	baseline
Cn195	NC_026754.1	191	0.3333333333333333	0.38531568360026414	0.17680362453995424	0.23864417881120026	0.5093755450898307	203	1059964	0.18019479906864763	171.5	24.462899999999998	0.1617979478548328	0.7971254430177944	baseline
Cn195	NC_026755.1	319	0.36086956521739133	0.41749404404551915	0.19272057970512252	0.2614391494209227	0.5400090415913201	198	1561994	0.20422613659207398	337.5	20.0151	0.2160699720997648	-0.9243021518753342	baseline
Cn195	NC_026756.1	377	0.3761467889908257	0.39868959714910873	0.1622735603912792	0.25	0.5256410256410257	211	774062	0.48704108973183025	369	25.9455	0.47670600029455	0.3083386329035864	baseline
Cn195	NC_026757.1	207	0.42213114754098363	0.42523281109133443	0.16649910262000253	0.2765957446808511	0.5384615384615384	206	756744	0.27354032539405665	208	21.4977	0.2748617762413709	-0.046516604101834155	baseline
Cn195	NC_026758.1	147	0.397196261682243	0.4135477735188432	0.16565083328372354	0.278199529727914	0.484949404380684	209	942867	0.15590746096745353	147	14.0847	0.15590746096745353	0	baseline
Cn196	NC_026745.1	195	0.3795918367346939	0.39956914660650494	0.169239061954429	0.25	0.5158276931754089	208	2291499	0.08509713510675763	220.5	31.875899999999998	0.09622522200533364	-0.7999774124024734	baseline
Cn196	NC_026746.1	113	0.34782608695652173	0.4264344933444641	0.17407017532866928	0.2982456140350877	0.5384615384615384	90	1621675	0.06968103966577767	113	6.6716999999999995	0.06968103966577767	0	baseline
Cn196	NC_026747.1	109	0.4075829383886256	0.44107437246080816	0.18177770739790444	0.29577464788732394	0.579185520361991	170	1575141	0.06920015414493051	104	10.3782	0.06602583514745664	0.4817791139118537	baseline
Cn196	NC_026748.1	367	0.4819277108433735	0.4934895236439183	0.19094761922128978	0.31952380952380954	0.6863031914893617	207	1084805	0.33830965012145037	360.5	18.5325	0.3323177898331958	0.3507351949278295	baseline
Cn196	NC_026749.1	327	0.4246575342465753	0.44322913769037736	0.16499861798989998	0.3120639534883721	0.5377568134171908	199	1814975	0.18016777090593536	297	33.3585	0.16363861761181284	0.8993210126354603	baseline
Cn196	NC_026750.1	290	0.5363636363636364	0.5019913825334347	0.17955733504348614	0.36185897435897435	0.6439304770872567	219	1422463	0.2038717351523379	278	11.8608	0.1954356633529308	1.011736139214893	baseline
Cn196	NC_026751.1	358	0.4209163087335676	0.4427645769548728	0.16169329928610626	0.3157894736842105	0.5619376479873717	197	1399503	0.2558050965235516	343	22.238999999999997	0.24508700588708993	0.6744907594765952	baseline
Cn196	NC_026752.1	320	0.43453857969987003	0.43728711898756345	0.1737198110416684	0.2937926551836204	0.5484698097601324	84	1398693	0.22878501572539506	298	14.0847	0.21305604589427415	1.5619786008931678	baseline
Cn196	NC_026753.1	316	0.34568111983612154	0.4006117772971927	0.18100800320774862	0.2619047619047619	0.4929245283018868	194	1186808	0.2662604229159224	318	17.7912	0.26794561546602313	-0.11241512657943253	baseline
Cn196	NC_026754.1	190	0.35895931142410015	0.4053833404691734	0.1746792680446477	0.267785696424106	0.498015873015873	191.5	1059964	0.1792513708012725	171.5	24.462899999999998	0.1617979478548328	0.756247215170728	baseline
Cn196	NC_026755.1	354	0.37714902474751366	0.4076095270275608	0.1758487717200762	0.26953766884834984	0.5	189	1561994	0.22663339295797552	337.5	20.0151	0.2160699720997648	0.8243775949158385	baseline
Cn196	NC_026756.1	287	0.34497816593886466	0.375835431723145	0.1687476811554045	0.25	0.4	225	774062	0.3707713335624278	369	25.9455	0.47670600029455	-3.1604709872617605	het_depleted
Cn196	NC_026757.1	219	0.36160714285714285	0.40877328828516696	0.16761363397541804	0.26624472573839664	0.5313786008230452	204	756744	0.289397735561828	208	21.4977	0.2748617762413709	0.5116826451201757	baseline
Cn196	NC_026758.1	135	0.38181818181818183	0.4113392766621259	0.1711804147249458	0.2729154503476461	0.5226728110599078	197	942867	0.143180321296641	147	14.0847	0.15590746096745353	-0.8519883277599097	baseline
Cn19601	NC_026745.1	236	0.37468802760038167	0.4031897959410642	0.17698847883655777	0.25	0.5397574483999075	199	2291499	0.10298935325740924	220.5	31.875899999999998	0.09622522200533364	0.48626078008777796	baseline
Cn19601	NC_026746.1	115	0.3684210526315789	0.44017653032434223	0.18272780909501407	0.2886798088410992	0.598780487804878	99	1621675	0.07091433240322506	113	6.6716999999999995	0.06968103966577767	0.2997736708784868	baseline
Cn19601	NC_026747.1	103	0.3722943722943723	0.39333697350900654	0.1507792889916816	0.26649916247906197	0.5	187	1575141	0.06539097134796186	104	10.3782	0.06602583514745664	-0.09635582278237075	baseline
Cn19601	NC_026748.1	350	0.5	0.4866549142923296	0.18358467681847732	0.3212604706820901	0.6298943158049246	219	1084805	0.32263863090601536	360.5	18.5325	0.3323177898331958	-0.56657223796034	baseline
Cn19601	NC_026749.1	313	0.4424778761061947	0.4499859770447414	0.17837745164777571	0.3076923076923077	0.5566037735849056	190	1814975	0.17245416603534486	297	33.3585	0.16363861761181284	0.4796378734055788	baseline
Cn19601	NC_026750.1	279	0.45021645021645024	0.42975950611566566	0.142353198654939	0.3333333333333333	0.49781642733184583	222	1422463	0.19613866933621474	278	11.8608	0.1954356633529308	0.0843113449345744	baseline
Cn19601	NC_026751.1	341	0.4421768707482993	0.43644829520928746	0.161487215237871	0.29767441860465116	0.5416666666666666	199	1399503	0.2436579271355617	343	22.238999999999997	0.24508700588708993	-0.08993210126354603	baseline
Cn19601	NC_026752.1	289	0.43373493975903615	0.4464371147448894	0.17295073866378785	0.3125	0.5648854961832062	91	1398693	0.20662146732699743	298	14.0847	0.21305604589427415	-0.6389912458199323	baseline
Cn19601	NC_026753.1	307	0.3786407766990291	0.4119142471476562	0.17226673821076363	0.274537037037037	0.5	205	1186808	0.2586770564404689	318	17.7912	0.26794561546602313	-0.6182831961868789	baseline
Cn19601	NC_026754.1	179	0.34210526315789475	0.38637513930437484	0.1805882482164696	0.22710223409991326	0.49123751995844794	193	1059964	0.1688736598601462	171.5	24.462899999999998	0.1617979478548328	0.3065867088529978	baseline
Cn19601	NC_026755.1	312	0.4	0.4219885366279185	0.18286698801413503	0.2588516009852217	0.5285863996273871	199	1561994	0.1997446853188937	337.5	20.0151	0.2160699720997648	-1.2740381012335686	baseline
Cn19601	NC_026756.1	385	0.3611111111111111	0.3839037678542093	0.157987899021294	0.24444444444444444	0.4953271028037383	204	774062	0.4973761791691105	369	25.9455	0.47670600029455	0.6166772658071727	baseline
Cn19601	NC_026757.1	223	0.38095238095238093	0.41929692251504525	0.18014302277468003	0.2703922760857148	0.5484282073067119	178	756744	0.2946835389510852	208	21.4977	0.2748617762413709	0.6977490615275123	baseline
Cn19601	NC_026758.1	161	0.4030612244897959	0.41553424730746047	0.15971863945391412	0.3004694835680751	0.5086206896551724	184	942867	0.17075579058340148	147	14.0847	0.15590746096745353	0.9939863823865613	baseline
Cn19602	NC_018792.1	1	0.6857142857142857	0.6857142857142857	NA	0.6857142857142857	0.6857142857142857	35	NA	NA	1	0	NA	NA	NA
Cn19602	NC_026745.1	207	0.4017094017094017	0.4246017358372346	0.18412910217698214	0.2631578947368421	0.5150738998992275	214	2291499	0.0903338818825581	220.5	31.875899999999998	0.09622522200533364	-0.42351745362483884	baseline
Cn19602	NC_026746.1	121	0.3448275862068966	0.42084111437610394	0.18611191648957495	0.27860696517412936	0.5652173913043478	83	1621675	0.07461421061556724	113	6.6716999999999995	0.06968103966577767	1.199094683513947	baseline
Cn19602	NC_026747.1	102	0.34968417289051323	0.39527418146824495	0.153012630147098	0.287891809908999	0.4539227895392279	194	1575141	0.06475610754846708	104	10.3782	0.06602583514745664	-0.1927116455647415	baseline
Cn19602	NC_026748.1	360	0.4842847075405215	0.47417869956912323	0.17610185930054023	0.3059762852691708	0.6297112090063632	219.5	1084805	0.3318568775033301	360.5	18.5325	0.3323177898331958	-0.02697963037906381	baseline
Cn19602	NC_026749.1	301	0.45374449339207046	0.4690881758132911	0.1705053343208651	0.3333333333333333	0.58	173	1814975	0.16584250471769585	297	33.3585	0.16363861761181284	0.1199094683513947	baseline
Cn19602	NC_026750.1	278	0.4355504632464787	0.4225235763980547	0.14331879968641215	0.3302735375473824	0.4934353538656869	227	1422463	0.1954356633529308	278	11.8608	0.1954356633529308	0	baseline
Cn19602	NC_026751.1	315	0.4107142857142857	0.42270307481388786	0.16204341061615365	0.2880397036694062	0.5306476415263026	212	1399503	0.22507990336569483	343	22.238999999999997	0.24508700588708993	-1.2590494176896445	baseline
Cn19602	NC_026752.1	288	0.42857142857142855	0.45266197610268855	0.18001731573979968	0.30142185464227045	0.5917543430389038	89	1398693	0.20590651415285557	298	14.0847	0.21305604589427415	-0.7099902731332581	baseline
Cn19602	NC_026753.1	325	0.3756345177664975	0.4155741958122675	0.17521349610584255	0.27461139896373055	0.5245901639344263	200	1186808	0.2738437893913759	318	17.7912	0.26794561546602313	0.39345294302801387	baseline
Cn19602	NC_026754.1	157	0.391304347826087	0.4105927238867339	0.1813417267882316	0.2636363636363636	0.5	215	1059964	0.14811823797789359	171.5	24.462899999999998	0.1617979478548328	-0.5927343037824625	baseline
Cn19602	NC_026755.1	340	0.36909871244635195	0.40402778081433155	0.17486712702196255	0.2701138147566719	0.5182306658990596	195	1561994	0.2176704904116149	337.5	20.0151	0.2160699720997648	0.12490569619936948	baseline
Cn19602	NC_026756.1	386	0.3888888888888889	0.38617913510022817	0.15810495937838523	0.2486531431241582	0.4932876712328767	210	774062	0.4986680653487705	369	25.9455	0.47670600029455	0.655219594920121	baseline
Cn19602	NC_026757.1	208	0.36281365693130396	0.4046718599566844	0.17383615327433538	0.24300511965710206	0.5082644628099173	192.5	756744	0.2748617762413709	208	21.4977	0.2748617762413709	0	baseline
Cn19602	NC_026758.1	150	0.3615079365079365	0.4122317123965095	0.16589399304517646	0.2868663594470046	0.5165929203539823	127	942867	0.15908924588515666	147	14.0847	0.15590746096745353	0.21299708193997743	baseline
Cn19603	NC_026745.1	246	0.36896825396825395	0.4053650923987466	0.1845047844300628	0.2591505261552539	0.5231037216288383	201	2291499	0.10735330890390964	220.5	31.875899999999998	0.09622522200533364	0.7999774124024734	baseline
Cn19603	NC_026746.1	112	0.38079877112135174	0.4285607090061744	0.18003571320269027	0.28128654970760236	0.5697802197802198	81.5	1621675	0.06906439329705398	113	6.6716999999999995	0.06968103966577767	-0.1498868354392434	baseline
Cn19603	NC_026747.1	101	0.375	0.40423060446912834	0.16647646343271247	0.27111111111111114	0.509009009009009	184	1575141	0.06412124374897231	104	10.3782	0.06602583514745664	-0.2890674683471122	baseline
Cn19603	NC_026748.1	375	0.5065502183406113	0.4716552771711704	0.1714071709721587	0.3134892511221356	0.5991470245889714	212	1084805	0.34568424739930215	360.5	18.5325	0.3323177898331958	0.7824092809928505	baseline
Cn19603	NC_026749.1	303	0.4369747899159664	0.44308228814028916	0.1747252668142417	0.306999306999307	0.5501018404015421	192	1814975	0.16694444827063734	297	33.3585	0.16363861761181284	0.17986420252709204	baseline
Cn19603	NC_026750.1	284	0.43749501714103484	0.4107449368548026	0.14625027142813773	0.29603104061260765	0.4778241459627329	218	1422463	0.19965369925263435	278	11.8608	0.1954356633529308	0.5058680696074465	baseline
Cn19603	NC_026751.1	342	0.4163165266106443	0.4319627384335719	0.15849066052470925	0.3052734457995156	0.5390271493212669	200	1399503	0.24437246651132583	343	22.238999999999997	0.24508700588708993	-0.044966050631773016	baseline
Cn19603	NC_026752.1	308	0.41707119741100324	0.4404960233895589	0.17327460438504938	0.2979624542124542	0.5460772104607721	90	1398693	0.22020557763569276	298	14.0847	0.21305604589427415	0.7099902731332581	baseline
Cn19603	NC_026753.1	327	0.3953488372093023	0.4177957301591024	0.17804443647066046	0.27093068535825543	0.5089292832655665	199	1186808	0.2755289819414766	318	17.7912	0.26794561546602313	0.5058680696074463	baseline
Cn19603	NC_026754.1	171	0.35526315789473684	0.39477538353091146	0.186377550886998	0.23459577240155446	0.5033140586893242	203	1059964	0.16132623372114527	171.5	24.462899999999998	0.1617979478548328	-0.02043911392353319	baseline
Cn19603	NC_026755.1	326	0.3725881261595547	0.40807542959064486	0.19001813115995303	0.25430424528301887	0.5213065470509639	198.5	1561994	0.20870758786525428	337.5	20.0151	0.2160699720997648	-0.5745662025170996	baseline
Cn19603	NC_026756.1	376	0.37649521531100477	0.3870084452075677	0.16028833486251132	0.24083840800347978	0.4953485381119781	209.5	774062	0.4857492035521702	369	25.9455	0.47670600029455	0.26979630379063807	baseline
Cn19603	NC_026757.1	198	0.38463796477495105	0.41477616121605165	0.1762493982460815	0.25668449197860965	0.5149219467401285	206	756744	0.2616472677682281	208	21.4977	0.2748617762413709	-0.4651660410183415	baseline
Cn19603	NC_026758.1	128	0.39266445577389497	0.42032599430843615	0.15622450739471241	0.29764006317941094	0.5011467889908257	203.5	942867	0.135756156488667	147	14.0847	0.15590746096745353	-1.3489815189531904	baseline
Cn197	NC_026745.1	219	0.39156626506024095	0.41172692005778283	0.1736623390041746	0.25731481481481483	0.5324913981857993	203	2291499	0.09557062865835858	220.5	31.875899999999998	0.09622522200533364	-0.04705749484720432	baseline
Cn197	NC_026746.1	109	0.37244897959183676	0.42666132656493466	0.19508479106184468	0.29015544041450775	0.5172413793103449	80	1621675	0.06721445419088289	113	6.6716999999999995	0.06968103966577767	-0.5995473417569736	baseline
Cn197	NC_026747.1	102	0.4228228228228228	0.43139972838935	0.17424346351244127	0.2934253246753247	0.5316606094492591	155	1575141	0.06475610754846708	104	10.3782	0.06602583514745664	-0.1927116455647415	baseline
Cn197	NC_026748.1	389	0.5284552845528455	0.47576694354434407	0.19021230870110703	0.29694323144104806	0.625	193	1084805	0.35858979263554275	360.5	18.5325	0.3323177898331958	1.537838931606637	baseline
Cn197	NC_026749.1	346	0.43169856459330147	0.4561721220480429	0.16844310500429166	0.3230769230769231	0.5693371943371943	183.5	1814975	0.1906362346588796	297	33.3585	0.16363861761181284	1.468890987304585	baseline
Cn197	NC_026750.1	301	0.5057471264367817	0.4682375573075943	0.15974446335984932	0.3393665158371041	0.5849056603773585	208	1422463	0.21160480096846104	278	11.8608	0.1954356633529308	1.9391609334952111	baseline
Cn197	NC_026751.1	346	0.40408205339655706	0.42947182467975314	0.166745672286538	0.2926315789473684	0.5543134973404256	183	1399503	0.24723062401438226	343	22.238999999999997	0.24508700588708993	0.13489815189531906	baseline
Cn197	NC_026752.1	305	0.40350877192982454	0.43539305633748004	0.18325883120920652	0.2832369942196532	0.5714285714285714	88	1398693	0.2180607181132672	298	14.0847	0.21305604589427415	0.49699319119328067	baseline
Cn197	NC_026753.1	333	0.3565217391304348	0.4126107599687903	0.18364357703750406	0.26666666666666666	0.5217391304347826	182	1186808	0.28058455959177897	318	17.7912	0.26794561546602313	0.843113449345744	baseline
Cn197	NC_026754.1	196	0.3837295367467781	0.3975266564341603	0.15201716030410375	0.2703663793103448	0.49356566820276493	179.5	1059964	0.18491194040552322	171.5	24.462899999999998	0.1617979478548328	1.0015165822531262	baseline
Cn197	NC_026755.1	379	0.3939393939393939	0.41595321077269104	0.17934540321176373	0.2701482479784366	0.5103609768615542	170	1561994	0.24263857607647663	337.5	20.0151	0.2160699720997648	2.0734345569095334	baseline
Cn197	NC_026756.1	310	0.3443708609271523	0.38396818816209677	0.17552337817432861	0.2516755168324999	0.431217789842244	215	774062	0.4004847156946084	369	25.9455	0.47670600029455	-2.2739974176639497	baseline
Cn197	NC_026757.1	236	0.396652719665272	0.42697951795226496	0.18245100113832902	0.2743679586909871	0.5402097902097902	183.5	756744	0.3118623999661708	208	21.4977	0.2748617762413709	1.3024649148513563	baseline
Cn197	NC_026758.1	139	0.38461538461538464	0.4115151640697004	0.16998114219942737	0.27386363636363636	0.5014376078205866	173	942867	0.14742270118691184	147	14.0847	0.15590746096745353	-0.5679922185066064	baseline
Cn19701	NC_026745.1	190	0.3542948560177209	0.39752316310949964	0.1881646146323682	0.24717705510388435	0.516334355828221	207	2291499	0.08291515728350744	220.5	31.875899999999998	0.09622522200533364	-0.9568357285598211	baseline
Cn19701	NC_026746.1	118	0.34834558823529416	0.39868487787935397	0.18901335386422233	0.23628205128205126	0.5575782092772383	79	1621675	0.07276427150939616	113	6.6716999999999995	0.06968103966577767	0.7494341771962169	baseline
Cn19701	NC_026747.1	111	0.35294117647058826	0.39754787682639814	0.18707552564066013	0.22871376811594202	0.5675047140163418	188	1575141	0.07046988174392006	104	10.3782	0.06602583514745664	0.6744907594765952	baseline
Cn19701	NC_026748.1	348	0.4845803008248423	0.48761921090573224	0.18399313757250105	0.31467235528613313	0.6552797252825869	217	1084805	0.3207949815865524	360.5	18.5325	0.3323177898331958	-0.6744907594765952	baseline
Cn19701	NC_026749.1	321	0.4563106796116505	0.4525415500593998	0.18606196387297402	0.28804347826086957	0.5867768595041323	185	1814975	0.17686194024711085	297	33.3585	0.16363861761181284	0.71945681010836815	baseline
Cn19701	NC_026750.1	274	0.5179958989855385	0.4763739805270137	0.15278833271442332	0.35899667989310874	0.5794614867890729	227	1422463	0.1926236394197951	278	11.8608	0.1954356633529308	-0.3372453797382976	baseline
Cn19701	NC_026751.1	343	0.42436974789915966	0.45656162865574706	0.16399435512499164	0.32074966532797855	0.5717404865876481	213	1399503	0.24508700588708993	343	22.238999999999997	0.24508700588708993	0	baseline
Cn19701	NC_026752.1	297	0.398989898989899	0.4341576291218765	0.1877740391549793	0.2792207792207792	0.5897435897435898	88	1398693	0.2123410927201323	298	14.0847	0.21305604589427415	-0.0709990273133258	baseline
Cn19701	NC_026753.1	316	0.3552699921128061	0.4047540507015581	0.18083728133847116	0.26644144144144144	0.5154273504273503	207.5	1186808	0.2662604229159224	318	17.7912	0.26794561546602313	-0.11241512657943253	baseline
Cn19701	NC_026754.1	170	0.34727047146401985	0.38796189058329483	0.18056300232950154	0.23561037318153066	0.5037738841618151	204	1059964	0.16038280545377015	171.5	24.462899999999998	0.1617979478548328	-0.06131734177059957	baseline
Cn19701	NC_026755.1	337	0.3684210526315789	0.4058163134771118	0.18123331524289885	0.2644628099173554	0.5086206896551724	192	1561994	0.21574986843739477	337.5	20.0151	0.2160699720997648	-0.024981139239873894	baseline
Cn19701	NC_026756.1	374	0.36537216828478963	0.3963997217731762	0.15951448286986258	0.2729416809605489	0.514313126566416	210	774062	0.48316543119285016	369	25.9455	0.47670600029455	0.1927116455647415	baseline
Cn19701	NC_026757.1	210	0.35243625347134566	0.4027665127389415	0.1771432651737296	0.25083333333333335	0.5292309546769528	194	756744	0.2775046779359995	208	21.4977	0.2748617762413709	0.09303320820366831	baseline
Cn19701	NC_026758.1	151	0.37130801687763715	0.4163498398715925	0.16828977095869924	0.29654800659535785	0.5098659003831417	169	942867	0.16014984085772438	147	14.0847	0.15590746096745353	0.2839961092533032	baseline
Cn19702	NC_026745.1	196	0.38062473617560155	0.4153100507547183	0.17494887415833726	0.2704367301231803	0.5310425884955753	213.5	2291499	0.08553353067140768	220.5	31.875899999999998	0.09622522200533364	-0.7686057491710039	baseline
Cn19702	NC_026746.1	110	0.4074074074074074	0.44915324469069834	0.19690144602464524	0.2878254967296063	0.6555697823303457	86.5	1621675	0.06783110055960657	113	6.6716999999999995	0.06968103966577767	-0.44966050631773014	baseline
Cn19702	NC_026747.1	106	0.4033898305084746	0.4371810423065593	0.16634526369478858	0.3056944978838015	0.5454545454545454	199	1575141	0.06729556274644619	104	10.3782	0.06602583514745664	0.1927116455647415	baseline
Cn19702	NC_026748.1	358	0.5022626287445994	0.49673667681682765	0.18868311634074494	0.3169915069686411	0.6577528837622005	219	1084805	0.33001322818386714	360.5	18.5325	0.3323177898331958	-0.13489815189531904	baseline
Cn19702	NC_026749.1	297	0.4458874458874459	0.44524999375487473	0.1630902568949315	0.3064516129032258	0.5428571428571428	202	1814975	0.16363861761181284	297	33.3585	0.16363861761181284	0	baseline
Cn19702	NC_026750.1	266	0.5304439906209818	0.47669044643683645	0.1615714809914182	0.3392150144662707	0.5945395157950224	226	1422463	0.18699959155352372	278	11.8608	0.1954356633529308	-1.011736139214893	baseline
Cn19702	NC_026751.1	353	0.4056603773584906	0.43628326640865644	0.15657320135643812	0.3118811881188119	0.5636363636363636	214	1399503	0.25223239964473104	343	22.238999999999997	0.24508700588708993	0.4496605063177302	baseline
Cn19702	NC_026752.1	307	0.4277456647398844	0.44728576543472603	0.1659876073144438	0.3252262443438914	0.568336629312239	100	1398693	0.2194906244615509	298	14.0847	0.21305604589427415	0.6389912458199323	baseline
Cn19702	NC_026753.1	306	0.37356396583864393	0.406337318263978	0.17318094174648876	0.26609442060085836	0.5	211	1186808	0.2578344601654185	318	17.7912	0.26794561546602313	-0.6744907594765952	baseline
Cn19702	NC_026754.1	171	0.34545454545454546	0.4008221767491651	0.19594839863125316	0.23973689121104685	0.5299607341795269	215	1059964	0.16132623372114527	171.5	24.462899999999998	0.1617979478548328	-0.02043911392353319	baseline
Cn19702	NC_026755.1	320	0.3939365531723414	0.4232276861128662	0.19216513275844874	0.2630468262632564	0.5462860310421286	198	1561994	0.20486634391681402	337.5	20.0151	0.2160699720997648	-0.8743398733955863	baseline
Cn19702	NC_026756.1	318	0.3541808122720986	0.3849580728992483	0.16256048179736501	0.25225293182869674	0.46629162185743567	221	774062	0.41081980513188865	369	25.9455	0.47670600029455	-1.965658784760363	baseline
Cn19702	NC_026757.1	227	0.358974358974359	0.4069387148896259	0.17657711598530235	0.25806451612903225	0.5172592592592593	194	756744	0.2999693423403423	208	21.4977	0.2748617762413709	0.8838154779348489	baseline
Cn19702	NC_026758.1	131	0.40611353711790393	0.42454094539286824	0.16324562965594547	0.3	0.5134615384615384	203	942867	0.13893794140637014	147	14.0847	0.15590746096745353	-1.1359844370132128	baseline
Cn19703	NC_026745.1	203	0.36492890995260663	0.396165782979348	0.1760289699172335	0.2564289888953828	0.4945602642971064	210	2291499	0.08858829962395795	220.5	31.875899999999998	0.09622522200533364	-0.5490041065507171	baseline
Cn19703	NC_026746.1	110	0.3916921508664628	0.415083666411992	0.17775017273281613	0.2595238095238095	0.5469112376133248	94.5	1621675	0.06783110055960657	113	6.6716999999999995	0.06968103966577767	-0.44966050631773014	baseline
Cn19703	NC_026747.1	119	0.37735849056603776	0.42364933944396926	0.18542444942978006	0.2775850104094379	0.5624094548227221	188	1575141	0.07554879213987827	104	10.3782	0.06602583514745664	1.445337341735561	baseline
Cn19703	NC_026748.1	377	0.48660714285714285	0.4803572415399361	0.18799909327326253	0.2850877192982456	0.6434782608695652	212	1084805	0.3475278967187651	360.5	18.5325	0.3323177898331958	0.8903278025091057	baseline
Cn19703	NC_026749.1	328	0.44516594516594515	0.43901842271630837	0.18365182694019677	0.2880687297273604	0.5474773242630385	190.5	1814975	0.1807187426824061	297	33.3585	0.16363861761181284	0.9292983797233089	baseline
Cn19703	NC_026750.1	278	0.5008931108675354	0.46426496159570346	0.1581181099152778	0.33668577384054194	0.5869772560528246	224	1422463	0.1954356633529308	278	11.8608	0.1954356633529308	0	baseline
Cn19703	NC_026751.1	371	0.4010989010989011	0.4397098209918723	0.16328985922348624	0.3181818181818182	0.5697214508120845	199	1399503	0.265094108408485	343	22.238999999999997	0.24508700588708993	1.2590494176896445	baseline
Cn19703	NC_026752.1	299	0.4292237442922374	0.4542589885386844	0.1819422075723964	0.3061882062146893	0.5889894419306184	89	1398693	0.213770999068416	298	14.0847	0.21305604589427415	0.0709990273133258	baseline
Cn19703	NC_026753.1	323	0.34444444444444444	0.39878919455096384	0.17417785278377876	0.283401325854156	0.4793385490753912	205	1186808	0.2721585968412751	318	17.7912	0.26794561546602313	0.28103781644858133	baseline
Cn19703	NC_026754.1	174	0.36261428218433406	0.39684662143989097	0.1714139697310893	0.25382978723404254	0.5048283261802575	201.5	1059964	0.16415651852327062	171.5	24.462899999999998	0.1617979478548328	0.10219556961766595	baseline
Cn19703	NC_026755.1	342	0.380831520425429	0.4115853043186456	0.1907772952498622	0.2587799043062201	0.5341386554621849	195.5	1561994	0.218950905061095	337.5	20.0151	0.2160699720997648	0.22483025315886504	baseline
Cn19703	NC_026756.1	361	0.37610619469026546	0.39271546179315436	0.15750772443177222	0.2654320987654321	0.49767441860465117	210	774062	0.46637091085726984	369	25.9455	0.47670600029455	-0.3083386329035864	baseline
Cn19703	NC_026757.1	227	0.36585365853658536	0.3991678444070531	0.17892517022742344	0.2456373853889382	0.5253823279524215	204	756744	0.2999693423403423	208	21.4977	0.2748617762413709	0.8838154779348489	baseline
Cn19703	NC_026758.1	158	0.37773900108701874	0.4065333206807171	0.15703651939177268	0.278781512605042	0.5237100014203682	198.5	942867	0.16757400566569836	147	14.0847	0.15590746096745353	0.7809893004465839	baseline
Cn198	NC_018792.1	1	0.4186046511627907	0.4186046511627907	NA	0.4186046511627907	0.4186046511627907	43	NA	NA	1	0	NA	NA	NA
Cn198	NC_026745.1	216	0.4008547008547009	0.41129187682531454	0.18817639727690047	0.2466191741125332	0.523641060197664	205	2291499	0.09426144196440846	220.5	31.875899999999998	0.09622522200533364	-0.14117248454161296	baseline
Cn198	NC_026746.1	98	0.31771032200585464	0.40188796655927916	0.18089416580330714	0.26740689755107955	0.5505114193638784	131	1621675	0.060431344134922224	113	6.6716999999999995	0.06968103966577767	-2.2483025315886507	baseline
Cn198	NC_026747.1	107	0.44144144144144143	0.43144121262840646	0.15555825711737364	0.30810147299509005	0.5010638297872341	180	1575141	0.06793042654594096	104	10.3782	0.06602583514745664	0.2890674683471122	baseline
Cn198	NC_026748.1	347	0.5412844036697247	0.5024212535852598	0.18976565069486862	0.3157894736842105	0.6847776769509981	209	1084805	0.31987315692682095	360.5	18.5325	0.3323177898331958	-0.7284500202347228	baseline
Cn198	NC_026749.1	331	0.4260869565217391	0.443241089201033	0.17747881661655499	0.29096451229183184	0.5526170988376092	185	1814975	0.18237165801181834	297	33.3585	0.16363861761181284	1.0192304809868549	baseline
Cn198	NC_026750.1	292	0.5337140498142288	0.4825167217878182	0.1662592923070272	0.35246011611455336	0.5989092545774917	215	1422463	0.20527774711890573	278	11.8608	0.1954356633529308	1.1803588290840417	baseline
Cn198	NC_026751.1	325	0.40969162995594716	0.4305149845017449	0.15862173733250368	0.3047619047619048	0.5648148148148148	204	1399503	0.23222529712333595	343	22.238999999999997	0.24508700588708993	-0.8093889113719143	baseline
Cn198	NC_026752.1	311	0.44086021505376344	0.44930801500803613	0.17474777791276397	0.3047082228116711	0.5786401098901099	82	1398693	0.22235043715811834	298	14.0847	0.21305604589427415	0.9229873550732355	baseline
Cn198	NC_026753.1	330	0.35550289626119014	0.3997943282664411	0.1745023908659153	0.2626220528697309	0.5066660701503221	187	1186808	0.27805677076662777	318	17.7912	0.26794561546602313	0.6744907594765952	baseline
Cn198	NC_026754.1	192	0.35665362035225046	0.38206650217573135	0.16588476894400764	0.25	0.49831838565022424	181	1059964	0.18113822733602275	171.5	24.462899999999998	0.1617979478548328	0.8380036708648607	baseline
Cn198	NC_026755.1	395	0.39436619718309857	0.4160577581107515	0.1734932313341568	0.27320574162679423	0.4972386587771203	173	1561994	0.2528818932723173	337.5	20.0151	0.2160699720997648	2.872831012585498	baseline
Cn198	NC_026756.1	310	0.3661027531664387	0.3997988863638877	0.15613306546901445	0.28496131865068297	0.4607837528604119	216	774062	0.4004847156946084	369	25.9455	0.47670600029455	-2.2739974176639497	baseline
Cn198	NC_026757.1	209	0.35454545454545455	0.40623298816092124	0.17366265777058196	0.26291079812206575	0.5170940170940171	206	756744	0.2761832270886852	208	21.4977	0.2748617762413709	0.046516604101834155	baseline
Cn198	NC_026758.1	134	0.3883219954648526	0.4062405499524328	0.15924218050842837	0.28525835866261395	0.5016708701134931	185.5	942867	0.1421197263240733	147	14.0847	0.15590746096745353	-0.9229873550732355	baseline
Cn19801	NC_018792.1	1	0.7391304347826086	0.7391304347826086	NA	0.7391304347826086	0.7391304347826086	23	NA	NA	1	0	NA	NA	NA
Cn19801	NC_026745.1	236	0.39674334453347115	0.41874596907745876	0.1871888498048953	0.2644634776987718	0.5302483974358975	194	2291499	0.10298935325740924	220.5	31.875899999999998	0.09622522200533364	0.48626078008777796	baseline
Cn19801	NC_026746.1	108	0.3765082956259427	0.4206862263096302	0.17907377963065368	0.27914972494618506	0.5804871220604704	95	1621675	0.06659780782215918	113	6.6716999999999995	0.06968103966577767	-0.7494341771962169	baseline
Cn19801	NC_026747.1	97	0.4306569343065693	0.4286524769083358	0.1411589886895676	0.3333333333333333	0.5095238095238095	182	1575141	0.06158178855099321	104	10.3782	0.06602583514745664	-0.6744907594765952	baseline
Cn19801	NC_026748.1	359	0.5169491525423728	0.48649175794390614	0.17374287226493587	0.338859649122807	0.6087775919338501	208	1084805	0.3309350528435986	360.5	18.5325	0.3323177898331958	-0.08093889113719142	baseline
Cn19801	NC_026749.1	315	0.4392523364485981	0.4295040838668991	0.1635689923664367	0.298989898989899	0.5215773809523809	195	1814975	0.17355610958828635	297	33.3585	0.16363861761181284	0.5395926075812761	baseline
Cn19801	NC_026750.1	284	0.44677197802197804	0.434202572459997	0.14965350480398376	0.3219195172851828	0.5245833333333334	212	1422463	0.19965369925263435	278	11.8608	0.1954356633529308	0.5058680696074465	baseline
Cn19801	NC_026751.1	344	0.42448122920956755	0.42830755778512575	0.1504477834304216	0.31242929864253394	0.5263157894736842	201	1399503	0.24580154526285403	343	22.238999999999997	0.24508700588708993	0.044966050631773016	baseline
Cn19801	NC_026752.1	304	0.4380451127819549	0.44186105911137663	0.17458055806578507	0.28702272727272726	0.5594078947368422	101	1398693	0.2173457649391253	298	14.0847	0.21305604589427415	0.42599416387995487	baseline
Cn19801	NC_026753.1	332	0.39656595073413425	0.4137321868948798	0.17397669898029788	0.26622205134271854	0.5178363800788063	194	1186808	0.27974196331672857	318	17.7912	0.26794561546602313	0.7869058860560277	baseline
Cn19801	NC_026754.1	214	0.34503801520608246	0.37604895236514413	0.17598064291448087	0.22444439475920047	0.4903728294177732	184.5	1059964	0.20189364921827535	171.5	24.462899999999998	0.1617979478548328	1.737324683500321	baseline
Cn19801	NC_026755.1	361	0.3787878787878788	0.41081024224284773	0.18584112038688977	0.2680851063829787	0.5	176	1561994	0.23111484423115583	337.5	20.0151	0.2160699720997648	1.174113544274073	baseline
Cn19801	NC_026756.1	382	0.37591223911123506	0.4085348129856675	0.1490396821526714	0.2949077897054776	0.5017123287671232	202	774062	0.4935005206301304	369	25.9455	0.47670600029455	0.5010502784683278	baseline
Cn19801	NC_026757.1	199	0.3722943722943723	0.4168649249069774	0.18194206533608737	0.26928873404838327	0.5204800704690596	203	756744	0.2629687186155424	208	21.4977	0.2748617762413709	-0.41864943691650736	baseline
Cn19801	NC_026758.1	129	0.38073394495412843	0.4190039127283348	0.17113010256754893	0.2777777777777778	0.5301204819277109	198	942867	0.13681675146123473	147	14.0847	0.15590746096745353	-1.2779824916398645	baseline
Cn19802	NC_026745.1	211	0.3805309734513274	0.4130034257920237	0.18783317028984373	0.26736808713122556	0.5129685916919959	212	2291499	0.09207946414115827	220.5	31.875899999999998	0.09622522200533364	-0.29803080069896065	baseline
Cn19802	NC_026746.1	106	0.3768939393939394	0.41899381358337306	0.1890481051945653	0.2564102564102564	0.5793138586956522	92.5	1621675	0.06536451508471179	113	6.6716999999999995	0.06968103966577767	-1.0492078480747036	baseline
Cn19802	NC_026747.1	101	0.3674418604651163	0.4075403737520914	0.17424100205994336	0.2608695652173913	0.49122807017543857	193	1575141	0.06412124374897231	104	10.3782	0.06602583514745664	-0.2890674683471122	baseline
Cn19802	NC_026748.1	373	0.5	0.47661584336319357	0.16603840050334048	0.3333333333333333	0.5789473684210527	218	1084805	0.3438405980798392	360.5	18.5325	0.3323177898331958	0.6744907594765952	baseline
Cn19802	NC_026749.1	308	0.4449152542372881	0.43288828918906785	0.17033908185324395	0.2896879096714171	0.5326839826839826	205.5	1814975	0.16969930715299109	297	33.3585	0.16363861761181284	0.3297510379663354	baseline
Cn19802	NC_026750.1	273	0.46255506607929514	0.42990892133404757	0.13657257108311996	0.32954545454545453	0.512396694214876	227	1422463	0.1919206334365112	278	11.8608	0.1954356633529308	-0.42155672467287203	baseline
Cn19802	NC_026751.1	332	0.4377582644628099	0.44075300952664603	0.16555487432732297	0.29897490690589035	0.5421635272672034	219	1399503	0.2372270727536847	343	22.238999999999997	0.24508700588708993	-0.4946265569495032	baseline
Cn19802	NC_026752.1	291	0.44375	0.4588619055172699	0.17576153341479503	0.31022408963585435	0.5961538461538461	108	1398693	0.20805137367528115	298	14.0847	0.21305604589427415	-0.49699319119328067	baseline
Cn19802	NC_026753.1	311	0.40825688073394495	0.42710054381077994	0.17510817298150833	0.2887925722032784	0.5087304828015322	214	1186808	0.26204744154067044	318	17.7912	0.26794561546602313	-0.39345294302801387	baseline
Cn19802	NC_026754.1	166	0.3587858524009023	0.38574380604704583	0.17576296556626167	0.24711538461538463	0.478021978021978	215	1059964	0.15660909238426965	171.5	24.462899999999998	0.1617979478548328	-0.22483025315886507	baseline
Cn19802	NC_026755.1	330	0.3877098482808151	0.4305055604372883	0.18832036734065632	0.28521361815754337	0.5701899256812551	177	1561994	0.21126841716421446	337.5	20.0151	0.2160699720997648	-0.3747170885981084	baseline
Cn19802	NC_026756.1	355	0.3778801843317972	0.3916814941946087	0.15579890929765466	0.25912488321395205	0.48511603375527423	218	774062	0.45861959377930966	369	25.9455	0.47670600029455	-0.5395926075812761	baseline
Cn19802	NC_026757.1	193	0.4024896265560166	0.4189067883527887	0.15855588181946267	0.2925764192139738	0.5138888888888888	216	756744	0.2550400135316567	208	21.4977	0.2748617762413709	-0.6977490615275123	baseline
Cn19802	NC_026758.1	128	0.37878560719640175	0.420545442667109	0.17099069779673806	0.286749180924645	0.5	197.5	942867	0.135756156488667	147	14.0847	0.15590746096745353	-1.3489815189531904	baseline
Cn19803	NC_018792.1	1	0.3007518796992481	0.3007518796992481	NA	0.3007518796992481	0.3007518796992481	133	NA	NA	1	0	NA	NA	NA
Cn19803	NC_026745.1	224	0.388353581901969	0.4293489981719428	0.19174085597959775	0.2566774638912489	0.5502392344497608	206.5	2291499	0.09775260648160877	220.5	31.875899999999998	0.09622522200533364	0.1098008213101434	baseline
Cn19803	NC_026746.1	116	0.36278195488721804	0.4136465727844547	0.17686260389721659	0.2730429292929293	0.5472194637537239	99	1621675	0.07153097877194876	113	6.6716999999999995	0.06968103966577767	0.44966050631773014	baseline
Cn19803	NC_026747.1	103	0.3674418604651163	0.4104653159918988	0.16159580136815707	0.2792044021552218	0.5229064039408867	181	1575141	0.06539097134796186	104	10.3782	0.06602583514745664	-0.09635582278237075	baseline
Cn19803	NC_026748.1	372	0.49882629107981225	0.4776469871197556	0.18121890033167753	0.311639751552795	0.6294995154367992	216	1084805	0.34291877342010774	360.5	18.5325	0.3323177898331958	0.6205314987184676	baseline
Cn19803	NC_026749.1	294	0.44789405123751624	0.44361030808924795	0.18225030544066004	0.29183927091963546	0.5553030303030303	197.5	1814975	0.16198570228240058	297	33.3585	0.16363861761181284	-0.08993210126354602	baseline
Cn19803	NC_026750.1	282	0.4424733709273183	0.4333812251096027	0.14552692335185166	0.3333333333333333	0.4955357142857143	222	1422463	0.1982476872860665	278	11.8608	0.1954356633529308	0.3372453797382976	baseline
Cn19803	NC_026751.1	344	0.4119791666666667	0.42984005274095893	0.1666176710839203	0.2857142857142857	0.535905885959534	206	1399503	0.24580154526285403	343	22.238999999999997	0.24508700588708993	0.044966050631773016	baseline
Cn19803	NC_026752.1	312	0.42661448140900193	0.44956541642865067	0.1800582286735485	0.2972678916827853	0.5833333333333334	87.5	1398693	0.2230653903322602	298	14.0847	0.21305604589427415	0.9939863823865613	baseline
Cn19803	NC_026753.1	329	0.39565217391304347	0.41741792781577436	0.17255926188066156	0.26666666666666666	0.515695067264574	206	1186808	0.2772141744915774	318	17.7912	0.26794561546602313	0.6182831961868789	baseline
Cn19803	NC_026754.1	180	0.3618181818181818	0.3845856987238681	0.17353893531968484	0.23896752195457	0.4831800766283525	210	1059964	0.16981708812752133	171.5	24.462899999999998	0.1617979478548328	0.34746493670006423	baseline
Cn19803	NC_026755.1	345	0.375	0.4168044759729473	0.19518131586509105	0.25806451612903225	0.5333333333333333	180	1561994	0.22087152703531512	337.5	20.0151	0.2160699720997648	0.3747170885981084	baseline
Cn19803	NC_026756.1	371	0.3968253968253968	0.40191249734089274	0.1592686452883977	0.2727272727272727	0.5010729613733906	215	774062	0.47928977265387007	369	25.9455	0.47670600029455	0.0770846582258966	baseline
Cn19803	NC_026757.1	218	0.4041074973278363	0.40900426163619563	0.17974096387108532	0.26229683490162536	0.5108921161825726	190.5	756744	0.28807628471451374	208	21.4977	0.2748617762413709	0.4651660410183415	baseline
Cn19803	NC_026758.1	147	0.38095238095238093	0.41402235548808225	0.16313355200519955	0.28783561643835615	0.5	193	942867	0.15590746096745353	147	14.0847	0.15590746096745353	0	baseline
Cn199	NC_018792.1	1	0.3116883116883117	0.3116883116883117	NA	0.3116883116883117	0.3116883116883117	77	NA	NA	1	0	NA	NA	NA
Cn199	NC_026745.1	183	0.3827751196172249	0.41855671373832715	0.1822484129433801	0.28035087719298246	0.524891774891775	212	2291499	0.07986038833095717	220.5	31.875899999999998	0.09622522200533364	-1.176437371180108	baseline
Cn199	NC_026746.1	111	0.3674418604651163	0.4291452317092633	0.17611714598054168	0.2904284271981037	0.626984126984127	96	1621675	0.06844774692833028	113	6.6716999999999995	0.06968103966577767	-0.2997736708784868	baseline
Cn199	NC_026747.1	123	0.3787878787878788	0.40333221613489334	0.1908874911169814	0.23429744177166856	0.525170998632011	182	1575141	0.07808824733785737	104	10.3782	0.06602583514745664	1.830760632865044	baseline
Cn199	NC_026748.1	371	0.5	0.493698883253199	0.19359871267588194	0.3060200668896321	0.671750892137677	210	1084805	0.3419969487603763	360.5	18.5325	0.3323177898331958	0.56657223796034	baseline
Cn199	NC_026749.1	327	0.45588235294117646	0.4346402101444299	0.174862415859897	0.2715736040609137	0.5418540729635182	195	1814975	0.18016777090593536	297	33.3585	0.16363861761181284	0.8993210126354603	baseline
Cn199	NC_026750.1	278	0.558390022675737	0.5019548309044628	0.17871551993789994	0.32632599580712784	0.6540890072270825	221	1422463	0.1954356633529308	278	11.8608	0.1954356633529308	0	baseline
Cn199	NC_026751.1	338	0.4166666666666667	0.4468225408636664	0.17367452578137182	0.30718005952380956	0.6022235208461066	209	1399503	0.24151430900826937	343	22.238999999999997	0.24508700588708993	-0.2248302531588651	baseline
Cn199	NC_026752.1	319	0.4074074074074074	0.43264187711394764	0.1768840121564505	0.2808689024390244	0.5636574074074074	99	1398693	0.2280700625512532	298	14.0847	0.21305604589427415	1.490979573579842	baseline
Cn199	NC_026753.1	336	0.37955901856763924	0.42469665144654406	0.1855613910572329	0.2775482093663912	0.5442506459948321	199	1186808	0.2831123484169301	318	17.7912	0.26794561546602313	1.0117361392148927	baseline
Cn199	NC_026754.1	146	0.32944408532643826	0.3760317321663304	0.17699292340494588	0.2365625	0.4613063063063063	201	1059964	0.13774052703676729	171.5	24.462899999999998	0.1617979478548328	-1.0423948101001925	baseline
Cn199	NC_026755.1	362	0.3357682279960442	0.39410592571090447	0.1806960103873193	0.2602813852813853	0.46104549111387405	182	1561994	0.23175505155589587	337.5	20.0151	0.2160699720997648	1.2240758227538209	baseline
Cn199	NC_026756.1	398	0.36363636363636365	0.4009888817855938	0.16132039556096775	0.2700182481751825	0.5274874731567645	205.5	774062	0.5141706995046909	369	25.9455	0.47670600029455	1.1177275442755006	baseline
Cn199	NC_026757.1	209	0.38571428571428573	0.44090439917369295	0.2019389221144107	0.2674897119341564	0.6134453781512605	197	756744	0.2761832270886852	208	21.4977	0.2748617762413709	0.046516604101834155	baseline
Cn199	NC_026758.1	156	0.36489802013995565	0.4004794936822538	0.16792078267290061	0.246676309472518	0.5135042735042734	209	942867	0.16545281572056292	147	14.0847	0.15590746096745353	0.6389912458199323	baseline
Cn2	NC_026745.1	250	0.3426067073170732	0.39015793361961393	0.17906391762108848	0.23989470108695654	0.49120211772033634	185	2291499	0.10909889116250979	220.5	31.875899999999998	0.09622522200533364	0.9254640653283516	baseline
Cn2	NC_026746.1	127	0.3597560975609756	0.4265424639888982	0.20590059581062706	0.25773195876288657	0.6201923076923077	97	1621675	0.07831408882790941	113	6.6716999999999995	0.06968103966577767	2.098415696149407	baseline
Cn2	NC_026747.1	112	0.36439276485788114	0.4108679250283984	0.180445939282998	0.26278898180029514	0.5300744376086037	168	1575141	0.07110474554341484	104	10.3782	0.06602583514745664	0.770846582258966	baseline
Cn2	NC_026748.1	396	0.4441734417344173	0.44753723357125624	0.173485060925566	0.29553231009873887	0.5808276148887503	200	1084805	0.3650425652536631	360.5	18.5325	0.3323177898331958	1.9155537569135304	baseline
Cn2	NC_026749.1	362	0.3698958333333333	0.3953119747179324	0.15805318703026633	0.26733495083641934	0.4814382139148494	185.5	1814975	0.19945178308241163	297	33.3585	0.16363861761181284	1.9485288607101638	baseline
Cn2	NC_026750.1	309	0.45754716981132076	0.4214220448871902	0.15488586465054302	0.28	0.5047619047619047	205	1422463	0.21722884883473242	278	11.8608	0.1954356633529308	2.6136516929718066	baseline
Cn2	NC_026751.1	366	0.40954545454545455	0.41590823641640884	0.1561747230654859	0.2857142857142857	0.513077623491919	192	1399503	0.26152141152966446	343	22.238999999999997	0.24508700588708993	1.0342191645307794	baseline
Cn2	NC_026752.1	323	0.4205128205128205	0.4302397550124581	0.1809615601571072	0.2761437908496732	0.5491420448776525	119	1398693	0.23092987524782066	298	14.0847	0.21305604589427415	1.774975682833145	baseline
Cn2	NC_026753.1	321	0.3875598086124402	0.41016759113635887	0.17722922512146577	0.2641509433962264	0.5024154589371981	193	1186808	0.27047340429117434	318	17.7912	0.26794561546602313	0.1686226898691488	baseline
Cn2	NC_026754.1	197	0.3632075471698113	0.39385171082325293	0.18936294703556114	0.24444444444444444	0.49206349206349204	190	1059964	0.18585536867289834	171.5	24.462899999999998	0.1617979478548328	1.0423948101001925	baseline
Cn2	NC_026755.1	351	0.34375	0.40145676296897326	0.19149043323541243	0.24686908402504731	0.5	170	1561994	0.2247127709837554	337.5	20.0151	0.2160699720997648	0.6744907594765952	baseline
Cn2	NC_026756.1	367	0.37799043062200954	0.39495408984946606	0.14935921457900556	0.2947860962566845	0.46748304967483045	199	774062	0.47412222793523	369	25.9455	0.47670600029455	-0.0770846582258966	baseline
Cn2	NC_026757.1	244	0.3730214977557288	0.4181882285939191	0.20098863375508494	0.2421166328808076	0.5714285714285714	189	756744	0.3224340067446851	208	21.4977	0.2748617762413709	1.6745977476660294	baseline
Cn2	NC_026758.1	138	0.38665070679434566	0.40260377019962934	0.17191730494568358	0.24741159314619032	0.5106872390119611	202	942867	0.14636210621434412	147	14.0847	0.15590746096745353	-0.6389912458199323	baseline
Cn20	NC_026745.1	264	0.35870203823383195	0.3869639232397397	0.16874136734644435	0.2402325581395349	0.5005868544600939	186	2291499	0.11520842906761034	220.5	31.875899999999998	0.09622522200533364	1.3646673505689253	baseline
Cn20	NC_026746.1	146	0.3869346733668342	0.4284211320190479	0.19390668614530313	0.251453488372093	0.5833333333333334	83.5	1621675	0.09003036983365964	113	6.6716999999999995	0.06968103966577767	4.946265569495032	het_enriched
Cn20	NC_026747.1	128	0.3973950026581605	0.4270477752140865	0.17405211868133758	0.29782425898675635	0.5281862745098039	172.5	1575141	0.08126256633533124	104	10.3782	0.06602583514745664	2.3125397467768978	baseline
Cn20	NC_026748.1	387	0.4550898203592814	0.45620673757865515	0.17505317695186132	0.3002463054187192	0.5917289277070399	195	1084805	0.35674614331607984	360.5	18.5325	0.3323177898331958	1.429920410090382	baseline
Cn20	NC_026749.1	347	0.390625	0.4162061228074932	0.17063258749302077	0.28866741009199887	0.5246951219512195	174	1814975	0.19118720643535037	297	33.3585	0.16363861761181284	1.4988683543924337	baseline
Cn20	NC_026750.1	295	0.44976076555023925	0.4243955945742735	0.14547802992142553	0.3102257181942545	0.4970268108634419	206	1422463	0.2073867650687575	278	11.8608	0.1954356633529308	1.433292863887765	baseline
Cn20	NC_026751.1	358	0.41412481743624313	0.42605490624620573	0.16210866444265645	0.3005790413165571	0.5244012944983819	186.5	1399503	0.2558050965235516	343	22.238999999999997	0.24508700588708993	0.6744907594765952	baseline
Cn20	NC_026752.1	319	0.425	0.4389377066072845	0.17882045305635663	0.2903979172515888	0.5625	99	1398693	0.2280700625512532	298	14.0847	0.21305604589427415	1.490979573579842	baseline
Cn20	NC_026753.1	249	0.40384615384615385	0.4410329930147536	0.20467419561369674	0.2604166666666667	0.6041666666666666	176	1186808	0.20980647248754644	318	17.7912	0.26794561546602313	-3.8783218669904223	het_depleted
Cn20	NC_026754.1	160	0.33181148748159056	0.3706543117734129	0.17921712142083615	0.24576648841354726	0.42592457775189285	173	1059964	0.15094852278001894	171.5	24.462899999999998	0.1617979478548328	-0.47009962024126334	baseline
Cn20	NC_026755.1	379	0.38461538461538464	0.4138028518430468	0.18376964186737282	0.2590571802706242	0.5294117647058824	171	1561994	0.24263857607647663	337.5	20.0151	0.2160699720997648	2.0734345569095334	baseline
Cn20	NC_026756.1	353	0.3581081081081081	0.3872638601193667	0.16158670201554787	0.25	0.48826291079812206	196	774062	0.4560358214199896	369	25.9455	0.47670600029455	-0.6166772658071727	baseline
Cn20	NC_026757.1	222	0.37315470171890797	0.4222929465174603	0.2024701637011246	0.25678733031674206	0.5649695776664281	191.5	756744	0.2933620881037709	208	21.4977	0.2748617762413709	0.6512324574256781	baseline
Cn20	NC_026758.1	127	0.39896373056994816	0.40293228377089096	0.16934984109728815	0.25614636935391655	0.503488063073039	194	942867	0.1346955615160993	147	14.0847	0.15590746096745353	-1.4199805462665163	baseline
Cn200	NC_026745.1	254	0.3663947163947164	0.3918812380259632	0.18205843670894084	0.21334134615384615	0.5089691461372878	193.5	2291499	0.11084447342110995	220.5	31.875899999999998	0.09622522200533364	1.0509507182542297	baseline
Cn200	NC_026746.1	105	0.39814814814814814	0.4226206817422756	0.1728948820272099	0.2682926829268293	0.5324675324675324	78	1621675	0.0647478687159881	113	6.6716999999999995	0.06968103966577767	-1.199094683513947	baseline
Cn200	NC_026747.1	99	0.37962962962962965	0.4074468977598585	0.14704645820264847	0.28112757622210865	0.5	182	1575141	0.06285151614998276	104	10.3782	0.06602583514745664	-0.4817791139118537	baseline
Cn200	NC_026748.1	372	0.4843699645504351	0.46793903527195374	0.16873065270337836	0.3156108597285068	0.5963341037493579	200	1084805	0.34291877342010774	360.5	18.5325	0.3323177898331958	0.6205314987184676	baseline
Cn200	NC_026749.1	260	0.41540404040404044	0.43825788655851455	0.19058543660426513	0.2701630201630202	0.583433014354067	165.5	1814975	0.14325266188239508	297	33.3585	0.16363861761181284	-1.109162582250401	baseline
Cn200	NC_026750.1	294	0.4573956762192056	0.43648779247187514	0.14326989605258614	0.33818815987933637	0.5065793237599405	212	1422463	0.2066837590854736	278	11.8608	0.1954356633529308	1.3489815189531904	baseline
Cn200	NC_026751.1	345	0.4166666666666667	0.4246951554418966	0.15310990931493407	0.3076923076923077	0.5217391304347826	192	1399503	0.24651608463861815	343	22.238999999999997	0.24508700588708993	0.08993210126354603	baseline
Cn200	NC_026752.1	298	0.4518489984591679	0.4608807309957864	0.17425686103228138	0.33028455284552843	0.5903614457831325	83	1398693	0.21305604589427415	298	14.0847	0.21305604589427415	0	baseline
Cn200	NC_026753.1	324	0.38544073951799274	0.42418184536091713	0.1769154639099669	0.28995958751393536	0.5130044995909463	190.5	1186808	0.2730011931163255	318	17.7912	0.26794561546602313	0.3372453797382976	baseline
Cn200	NC_026754.1	191	0.35406698564593303	0.38748974162767474	0.17166093881808442	0.2575476694915254	0.4836225721181473	193	1059964	0.18019479906864763	171.5	24.462899999999998	0.1617979478548328	0.7971254430177944	baseline
Cn200	NC_026755.1	336	0.37272727272727274	0.4044079191711517	0.18509051231435478	0.26685307419630855	0.4978447084830063	189.5	1561994	0.21510966111265473	337.5	20.0151	0.2160699720997648	-0.07494341771962168	baseline
Cn200	NC_026756.1	364	0.38676300062438673	0.408984833583257	0.1505763786901298	0.29034871661913403	0.5295473027920846	203	774062	0.4702465693962499	369	25.9455	0.47670600029455	-0.1927116455647415	baseline
Cn200	NC_026757.1	209	0.3548387096774194	0.39638733013776506	0.18397814941875168	0.24324324324324326	0.5112107623318386	194	756744	0.2761832270886852	208	21.4977	0.2748617762413709	0.046516604101834155	baseline
Cn200	NC_026758.1	128	0.41866028708133973	0.4131341491153121	0.16583501131415548	0.26042151839776434	0.5164071190211346	199	942867	0.135756156488667	147	14.0847	0.15590746096745353	-1.3489815189531904	baseline
Cn201	NC_026745.1	238	0.3964562239428231	0.41879228533966434	0.17503587902167647	0.25653854065649884	0.5626454802531597	204	2291499	0.10386214438670932	220.5	31.875899999999998	0.09622522200533364	0.5490041065507171	baseline
Cn201	NC_026746.1	107	0.3508771929824561	0.4192406515232191	0.18723027783862778	0.267585362910871	0.564578713968958	92	1621675	0.0659811614534355	113	6.6716999999999995	0.06968103966577767	-0.8993210126354603	baseline
Cn201	NC_026747.1	94	0.36012422360248447	0.4056189071004107	0.16595943602582403	0.27379428083653434	0.5261299435028249	197.5	1575141	0.05967719715250888	104	10.3782	0.06602583514745664	-0.9635582278237074	baseline
Cn201	NC_026748.1	375	0.4788732394366197	0.4667622641741798	0.17199153275793708	0.3091225757861043	0.5919871794871795	214	1084805	0.34568424739930215	360.5	18.5325	0.3323177898331958	0.7824092809928505	baseline
Cn201	NC_026749.1	308	0.4617014341590613	0.46045457220435454	0.1752202769640998	0.3250648041474654	0.5548552754435108	194.5	1814975	0.16969930715299109	297	33.3585	0.16363861761181284	0.3297510379663354	baseline
Cn201	NC_026750.1	299	0.44782608695652176	0.4242538266013487	0.14295229148649247	0.3075158786167961	0.4978540772532189	221	1422463	0.2101987890018932	278	11.8608	0.1954356633529308	1.7705382436260624	baseline
Cn201	NC_026751.1	343	0.39751552795031053	0.4271926114638442	0.16142690954750383	0.2938266477744662	0.5367003367003367	207	1399503	0.24508700588708993	343	22.238999999999997	0.24508700588708993	0	baseline
Cn201	NC_026752.1	325	0.42857142857142855	0.4363602667679491	0.17612664355914961	0.2878787878787879	0.5555555555555556	103	1398693	0.23235978159610438	298	14.0847	0.21305604589427415	1.9169737374597968	baseline
Cn201	NC_026753.1	294	0.38129744651483777	0.4137934013579788	0.16490246502231617	0.27473764973764975	0.5091835739367928	202	1186808	0.24772330486481386	318	17.7912	0.26794561546602313	-1.3489815189531904	baseline
Cn201	NC_026754.1	165	0.3138075313807531	0.3700541466173885	0.1753634811843699	0.22727272727272727	0.46835443037974683	201	1059964	0.15566566411689453	171.5	24.462899999999998	0.1617979478548328	-0.2657084810059315	baseline
Cn201	NC_026755.1	298	0.35887931034482756	0.4217908514052364	0.19907474673179765	0.25868632942412045	0.5714829862874556	184	1561994	0.19078178277253308	337.5	20.0151	0.2160699720997648	-1.9735099999500376	baseline
Cn201	NC_026756.1	245	0.32489451476793246	0.3806557345456005	0.17910204182675638	0.25190839694656486	0.43388429752066116	227	774062	0.31651211401670665	369	25.9455	0.47670600029455	-4.779248810005589	het_depleted
Cn201	NC_026757.1	190	0.41834524583062593	0.42896476541340833	0.18773795602811322	0.2670153601694915	0.5586525307797537	216.5	756744	0.25107566098971384	208	21.4977	0.2748617762413709	-0.8372988738330147	baseline
Cn201	NC_026758.1	133	0.3832599118942731	0.4182416479597557	0.17073244834151535	0.2857142857142857	0.5043859649122807	180	942867	0.14105913135150558	147	14.0847	0.15590746096745353	-0.9939863823865613	baseline
Cn202	NC_018792.1	1	0.22388059701492538	0.22388059701492538	NA	0.22388059701492538	0.22388059701492538	67	NA	NA	1	0	NA	NA	NA
Cn202	NC_026745.1	226	0.4007382798080472	0.4325260439696368	0.18043286077414403	0.2808988764044944	0.5508753455311307	207.5	2291499	0.09862539761090885	220.5	31.875899999999998	0.09622522200533364	0.1725441477730825	baseline
Cn202	NC_026746.1	113	0.31981981981981983	0.41020543407065885	0.20647483129721758	0.2430939226519337	0.5621301775147929	113	1621675	0.06968103966577767	113	6.6716999999999995	0.06968103966577767	0	baseline
Cn202	NC_026747.1	97	0.37264150943396224	0.4198389103848379	0.16541422180865578	0.3	0.5213270142180095	192	1575141	0.06158178855099321	104	10.3782	0.06602583514745664	-0.6744907594765952	baseline
Cn202	NC_026748.1	361	0.4766355140186916	0.47378717598056697	0.18001258886259006	0.30303030303030304	0.6228070175438597	217	1084805	0.33277870216306155	360.5	18.5325	0.3323177898331958	0.02697963037906381	baseline
Cn202	NC_026749.1	296	0.4683041993168575	0.46568820645086034	0.1618537925744297	0.34262783910671235	0.5777044231049033	193	1814975	0.1630876458353421	297	33.3585	0.16363861761181284	-0.029977367087848674	baseline
Cn202	NC_026750.1	291	0.4439461883408072	0.4225629586383524	0.1467732137671465	0.3116279069767442	0.49561268472906406	222	1422463	0.20457474113562182	278	11.8608	0.1954356633529308	1.0960474841494672	baseline
Cn202	NC_026751.1	342	0.4412176151306586	0.44136028937859895	0.15731714201601038	0.3165828435804702	0.5413789462569951	206.5	1399503	0.24437246651132583	343	22.238999999999997	0.24508700588708993	-0.044966050631773016	baseline
Cn202	NC_026752.1	311	0.45454545454545453	0.4501318545637175	0.172793985227974	0.31101190476190477	0.5664658634538153	91	1398693	0.22235043715811834	298	14.0847	0.21305604589427415	0.9229873550732355	baseline
Cn202	NC_026753.1	296	0.3673943996203133	0.4143750238652282	0.164839427307488	0.29034971226206285	0.4851175392772211	205	1186808	0.24940849741491464	318	17.7912	0.26794561546602313	-1.2365663923737578	baseline
Cn202	NC_026754.1	156	0.3365649431414357	0.38979133554436096	0.182047849158602	0.24742582305920607	0.4690895808601954	210	1059964	0.14717480971051847	171.5	24.462899999999998	0.1617979478548328	-0.6336125316295289	baseline
Cn202	NC_026755.1	309	0.35071090047393366	0.40534545021789903	0.19696244467752663	0.24267782426778242	0.5333333333333333	174	1561994	0.19782406334467356	337.5	20.0151	0.2160699720997648	-1.423924936672812	baseline
Cn202	NC_026756.1	271	0.3218884120171674	0.38231954905843507	0.17782903373383088	0.25196850393700787	0.46403278427627914	226	774062	0.3501011546878674	369	25.9455	0.47670600029455	-3.777148253068933	het_depleted
Cn202	NC_026757.1	199	0.4125	0.4348069740498581	0.1857031896949089	0.27075328614762384	0.5632384933668899	215	756744	0.2629687186155424	208	21.4977	0.2748617762413709	-0.41864943691650736	baseline
Cn202	NC_026758.1	128	0.4047788605697151	0.40812198102800984	0.1573428815541422	0.2857142857142857	0.49294142435735355	198	942867	0.135756156488667	147	14.0847	0.15590746096745353	-1.3489815189531904	baseline
Cn203	NC_026745.1	239	0.39603960396039606	0.41503356572623634	0.17499103751072081	0.2673992673992674	0.5481952043476664	206	2291499	0.10429853995135936	220.5	31.875899999999998	0.09622522200533364	0.5803757697821866	baseline
Cn203	NC_026746.1	121	0.37254901960784315	0.44251010286317877	0.19316552499277173	0.3008849557522124	0.6282051282051282	79	1621675	0.07461421061556724	113	6.6716999999999995	0.06968103966577767	1.199094683513947	baseline
Cn203	NC_026747.1	106	0.37057416267942583	0.4095269277919403	0.16811696488241684	0.256453125	0.5077800829875518	191	1575141	0.06729556274644619	104	10.3782	0.06602583514745664	0.1927116455647415	baseline
Cn203	NC_026748.1	373	0.5071090047393365	0.47704296320695866	0.17264020890736947	0.3111111111111111	0.6160337552742616	219	1084805	0.3438405980798392	360.5	18.5325	0.3323177898331958	0.6744907594765952	baseline
Cn203	NC_026749.1	320	0.4298896499238965	0.444127858255691	0.1665831774619287	0.31466346153846153	0.5406565114782235	196	1814975	0.1763109684706401	297	33.3585	0.16363861761181284	0.6894794430205196	baseline
Cn203	NC_026750.1	261	0.44933920704845814	0.4299116491645437	0.13573139232783152	0.34285714285714286	0.4956896551724138	224	1422463	0.1834845616371041	278	11.8608	0.1954356633529308	-1.433292863887765	baseline
Cn203	NC_026751.1	345	0.4126984126984127	0.4342653444306406	0.16126037725891487	0.31100478468899523	0.5333333333333333	206	1399503	0.24651608463861815	343	22.238999999999997	0.24508700588708993	0.08993210126354603	baseline
Cn203	NC_026752.1	312	0.4265973630831643	0.44312471942654147	0.17687895207647678	0.305386319579064	0.5822784810126582	100	1398693	0.2230653903322602	298	14.0847	0.21305604589427415	0.9939863823865613	baseline
Cn203	NC_026753.1	321	0.38461538461538464	0.41331339797712396	0.17578147733566488	0.2757009345794392	0.5	206	1186808	0.27047340429117434	318	17.7912	0.26794561546602313	0.1686226898691488	baseline
Cn203	NC_026754.1	175	0.3694581280788177	0.38835645789723056	0.18672209062717782	0.21768518518518518	0.48824863883847547	209	1059964	0.16509994679064574	171.5	24.462899999999998	0.1617979478548328	0.1430737974647323	baseline
Cn203	NC_026755.1	315	0.3841059602649007	0.42145595541382724	0.18855550221314504	0.27513958272112843	0.56	202	1561994	0.20166530729311383	337.5	20.0151	0.2160699720997648	-1.1241512657943253	baseline
Cn203	NC_026756.1	371	0.40217391304347827	0.4065355539006489	0.15595350682867515	0.2727751661533474	0.5232699948857154	215	774062	0.47928977265387007	369	25.9455	0.47670600029455	0.0770846582258966	baseline
Cn203	NC_026757.1	194	0.36643274853801167	0.40457970765797324	0.18823580750366264	0.2435152922957801	0.5216936572199731	212.5	756744	0.25636146437897095	208	21.4977	0.2748617762413709	-0.6512324574256781	baseline
Cn203	NC_026758.1	139	0.3920704845814978	0.42364704818641025	0.16427949492055965	0.29864864864864865	0.5	138	942867	0.14742270118691184	147	14.0847	0.15590746096745353	-0.5679922185066064	baseline
Cn204	NC_026745.1	270	0.34568111983612154	0.395827346241347	0.17902480348461097	0.2519843950550564	0.5118762570634997	188	2291499	0.11782680245551057	220.5	31.875899999999998	0.09622522200533364	1.5528973299577424	baseline
Cn204	NC_026746.1	113	0.4072164948453608	0.4342062452153504	0.17155363907059656	0.2864583333333333	0.5681818181818182	95	1621675	0.06968103966577767	113	6.6716999999999995	0.06968103966577767	0	baseline
Cn204	NC_026747.1	102	0.39827383945031003	0.42252088251605047	0.14814878804170803	0.3333333333333333	0.523706091180867	174.5	1575141	0.06475610754846708	104	10.3782	0.06602583514745664	-0.1927116455647415	baseline
Cn204	NC_026748.1	377	0.49557522123893805	0.4713200458662087	0.17773644060272276	0.3076923076923077	0.6074766355140186	205	1084805	0.3475278967187651	360.5	18.5325	0.3323177898331958	0.8903278025091057	baseline
Cn204	NC_026749.1	329	0.4166666666666667	0.42772730470028836	0.17317297318859262	0.27906976744186046	0.5225225225225225	187	1814975	0.18126971445887685	297	33.3585	0.16363861761181284	0.9592757468111576	baseline
Cn204	NC_026750.1	281	0.4444444444444444	0.4341287991010619	0.1470810604132516	0.3470319634703196	0.4977578475336323	215	1422463	0.19754468130278258	278	11.8608	0.1954356633529308	0.25293403480372323	baseline
Cn204	NC_026751.1	351	0.40414507772020725	0.42730592157973657	0.15754594014201317	0.3090237317038511	0.531229683291539	193	1399503	0.25080332089320284	343	22.238999999999997	0.24508700588708993	0.35972840505418413	baseline
Cn204	NC_026752.1	302	0.42121588089330025	0.4537474704106638	0.17187566375754143	0.3319288389513108	0.5755681818181819	92	1398693	0.2159158585908416	298	14.0847	0.21305604589427415	0.2839961092533032	baseline
Cn204	NC_026753.1	326	0.3610344827586207	0.40375815662614906	0.1726593020233633	0.2772389738973898	0.49295946039913774	183.5	1186808	0.2746863856664262	318	17.7912	0.26794561546602313	0.44966050631773014	baseline
Cn204	NC_026754.1	194	0.32131595543409713	0.3675245479876135	0.18332582684597531	0.2069942250957253	0.45596866725507507	186	1059964	0.183025083870773	171.5	24.462899999999998	0.1617979478548328	0.9197601265589935	baseline
Cn204	NC_026755.1	349	0.3611111111111111	0.41667636000981856	0.18952334149052813	0.26720647773279355	0.5135135135135135	181	1561994	0.2234323563342753	337.5	20.0151	0.2160699720997648	0.5745662025170996	baseline
Cn204	NC_026756.1	381	0.37662337662337664	0.3972445355636138	0.15500562147852437	0.25384615384615383	0.5151515151515151	200	774062	0.49220863445047036	369	25.9455	0.47670600029455	0.4625079493553796	baseline
Cn204	NC_026757.1	228	0.37647919159686216	0.4186000441457979	0.1938761911759491	0.24284670008354217	0.5673854447439353	186.5	756744	0.30129079318765656	208	21.4977	0.2748617762413709	0.930332082036683	baseline
Cn204	NC_026758.1	142	0.3873821031392239	0.40881053889847846	0.17255196740966453	0.2601658767772512	0.48719463356027237	193.5	942867	0.15060448610461497	147	14.0847	0.15590746096745353	-0.35499513656662907	baseline
Cn205	NC_026745.1	213	0.3694581280788177	0.4072816886421508	0.1832661782800657	0.25842696629213485	0.5255813953488372	211	2291499	0.09295225527045835	220.5	31.875899999999998	0.09622522200533364	-0.2352874742360216	baseline
Cn205	NC_026746.1	112	0.3568121693121693	0.4316928024524888	0.18826164352195693	0.29364759602471124	0.6434676434676435	85.5	1621675	0.06906439329705398	113	6.6716999999999995	0.06968103966577767	-0.1498868354392434	baseline
Cn205	NC_026747.1	96	0.396	0.41919927897413894	0.14416196981609566	0.3246323529411765	0.46760674107538314	199.5	1575141	0.06094692475149843	104	10.3782	0.06602583514745664	-0.770846582258966	baseline
Cn205	NC_026748.1	365	0.5071090047393365	0.47229614753958704	0.17512957499049886	0.29743589743589743	0.6062992125984252	216	1084805	0.3364660008019874	360.5	18.5325	0.3323177898331958	0.24281667341157429	baseline
Cn205	NC_026749.1	333	0.4525862068965517	0.44931629991833544	0.17388028636332453	0.3022222222222222	0.5521739130434783	202	1814975	0.18347360156475986	297	33.3585	0.16363861761181284	1.0791852151625523	baseline
Cn205	NC_026750.1	273	0.4675925925925926	0.43970142757364156	0.1427065114110352	0.34418604651162793	0.5088495575221239	224	1422463	0.1919206334365112	278	11.8608	0.1954356633529308	-0.42155672467287203	baseline
Cn205	NC_026751.1	358	0.43046080074850884	0.4401046465024645	0.16723325441078513	0.3024886018237082	0.5435731288019043	208	1399503	0.2558050965235516	343	22.238999999999997	0.24508700588708993	0.6744907594765952	baseline
Cn205	NC_026752.1	297	0.4369747899159664	0.4552912022517402	0.1690584103125935	0.32575757575757575	0.5714285714285714	95	1398693	0.2123410927201323	298	14.0847	0.21305604589427415	-0.0709990273133258	baseline
Cn205	NC_026753.1	325	0.38197424892703863	0.4172255905476953	0.17645893334809737	0.281767955801105	0.4925373134328358	212	1186808	0.2738437893913759	318	17.7912	0.26794561546602313	0.39345294302801387	baseline
Cn205	NC_026754.1	166	0.38269989615784006	0.40128901195969036	0.17734450039157076	0.24610080353918382	0.4962166448964359	203.5	1059964	0.15660909238426965	171.5	24.462899999999998	0.1617979478548328	-0.22483025315886507	baseline
Cn205	NC_026755.1	306	0.36243492190628757	0.39773958978364854	0.17934659934575795	0.25	0.5	205.5	1561994	0.19590344137045343	337.5	20.0151	0.2160699720997648	-1.5738117721120555	baseline
Cn205	NC_026756.1	354	0.3827853086645906	0.41166843656937385	0.15600080877181222	0.28	0.5447154471544715	215	774062	0.45732770759964964	369	25.9455	0.47670600029455	-0.5781349366942244	baseline
Cn205	NC_026757.1	196	0.40625	0.4293495520101196	0.1837628197189858	0.2674404170804369	0.5420524691358024	207.5	756744	0.2590043660735995	208	21.4977	0.2748617762413709	-0.5581992492220098	baseline
Cn205	NC_026758.1	156	0.3741515488090831	0.40249374106048547	0.16254863049685414	0.27134920634920634	0.4918122270742358	210	942867	0.16545281572056292	147	14.0847	0.15590746096745353	0.6389912458199323	baseline
Cn206	NC_018792.1	1	0.30666666666666664	0.30666666666666664	NA	0.30666666666666664	0.30666666666666664	75	NA	NA	1	0	NA	NA	NA
Cn206	NC_026745.1	218	0.38900808124150754	0.41786356140247904	0.18898123806174205	0.26032663316582916	0.547754329004329	204	2291499	0.09513423309370854	220.5	31.875899999999998	0.09622522200533364	-0.07842915807867386	baseline
Cn206	NC_026746.1	116	0.36467236467236464	0.4383863334938945	0.19315608131673262	0.2771370420624152	0.6456043956043956	67	1621675	0.07153097877194876	113	6.6716999999999995	0.06968103966577767	0.44966050631773014	baseline
Cn206	NC_026747.1	107	0.38095238095238093	0.4160722517023717	0.16003932778411148	0.28602894902454373	0.5417318047594233	175	1575141	0.06793042654594096	104	10.3782	0.06602583514745664	0.2890674683471122	baseline
Cn206	NC_026748.1	329	0.4954545454545455	0.47629479200498404	0.19088973650713995	0.2838427947598253	0.631578947368421	212	1084805	0.3032803130516544	360.5	18.5325	0.3323177898331958	-1.6997167138810199	baseline
Cn206	NC_026749.1	316	0.4042151103077113	0.4196076034250376	0.17473228363413007	0.27141651967175395	0.5328544986319009	199.5	1814975	0.1741070813647571	297	33.3585	0.16363861761181284	0.5695699746691248	baseline
Cn206	NC_026750.1	277	0.44933920704845814	0.428556056944958	0.15068763195587792	0.31976744186046513	0.5126050420168067	222	1422463	0.19473265736964687	278	11.8608	0.1954356633529308	-0.0843113449345744	baseline
Cn206	NC_026751.1	345	0.4155844155844156	0.43022621962988267	0.15467275744780484	0.30434782608695654	0.5217391304347826	210	1399503	0.24651608463861815	343	22.238999999999997	0.24508700588708993	0.08993210126354603	baseline
Cn206	NC_026752.1	303	0.43356643356643354	0.44775534188720173	0.17410411607849235	0.2967967967967968	0.5865384615384616	95	1398693	0.21663081176498344	298	14.0847	0.21305604589427415	0.35499513656662907	baseline
Cn206	NC_026753.1	315	0.4055299539170507	0.426647387148532	0.17188259783885523	0.28869047619047616	0.5239213197969543	209	1186808	0.265417826640872	318	17.7912	0.26794561546602313	-0.1686226898691488	baseline
Cn206	NC_026754.1	175	0.33783783783783783	0.3818697110610591	0.17929706353404962	0.22171018945212495	0.4956220250337897	215	1059964	0.16509994679064574	171.5	24.462899999999998	0.1617979478548328	0.1430737974647323	baseline
Cn206	NC_026755.1	323	0.3399014778325123	0.40170156041137617	0.19190123545702906	0.25	0.5	201	1561994	0.20678696589103415	337.5	20.0151	0.2160699720997648	-0.724453037956343	baseline
Cn206	NC_026756.1	341	0.39267015706806285	0.39641641711308956	0.16163443757666202	0.25961538461538464	0.5150214592274678	216	774062	0.44053318726406926	369	25.9455	0.47670600029455	-1.0791852151625523	baseline
Cn206	NC_026757.1	206	0.4227772854822035	0.44031250679388945	0.20413711140909796	0.2658626170633216	0.5823979591836734	183.5	756744	0.2722188745467424	208	21.4977	0.2748617762413709	-0.09303320820366831	baseline
Cn206	NC_026758.1	148	0.396387987012987	0.4159776460537393	0.15792781021401173	0.29212235133287767	0.5091766723842195	190	942867	0.15696805594002125	147	14.0847	0.15590746096745353	0.0709990273133258	baseline
Cn207	NC_018792.1	1	0.7222222222222222	0.7222222222222222	NA	0.7222222222222222	0.7222222222222222	36	NA	NA	1	0	NA	NA	NA
Cn207	NC_026745.1	234	0.380072463768116	0.40982846149247865	0.17724968880437988	0.26125783405978387	0.5383800521512386	200.5	2291499	0.10211656212810917	220.5	31.875899999999998	0.09622522200533364	0.42351745362483884	baseline
Cn207	NC_026746.1	117	0.3515981735159817	0.4093205164031176	0.17554563610855262	0.2636363636363636	0.5648148148148148	70	1621675	0.07214762514067245	113	6.6716999999999995	0.06968103966577767	0.5995473417569736	baseline
Cn207	NC_026747.1	92	0.43978113102238525	0.4247546042792898	0.16185650789232287	0.29473684210526313	0.5160989978331527	186.5	1575141	0.05840746955351933	104	10.3782	0.06602583514745664	-1.1562698733884489	baseline
Cn207	NC_026748.1	372	0.4873806998939555	0.47546881386992573	0.18200670779452852	0.31549056189640035	0.610745794290098	209.5	1084805	0.34291877342010774	360.5	18.5325	0.3323177898331958	0.6205314987184676	baseline
Cn207	NC_026749.1	324	0.4270516717325228	0.4250759890605332	0.17708931992221189	0.2857142857142857	0.5388774362818591	184.5	1814975	0.1785148555765231	297	33.3585	0.16363861761181284	0.8093889113719143	baseline
Cn207	NC_026750.1	283	0.44933920704845814	0.43094201434803864	0.14064350485586533	0.3388424177010254	0.5	218	1422463	0.19895069326935041	278	11.8608	0.1954356633529308	0.42155672467287203	baseline
Cn207	NC_026751.1	333	0.40444444444444444	0.42357989683379693	0.1514403506451464	0.3080357142857143	0.5242290748898678	208	1399503	0.23794161212944884	343	22.238999999999997	0.24508700588708993	-0.4496605063177302	baseline
Cn207	NC_026752.1	305	0.43010752688172044	0.44470737591031484	0.18315626048766803	0.29411764705882354	0.5886075949367089	84	1398693	0.2180607181132672	298	14.0847	0.21305604589427415	0.49699319119328067	baseline
Cn207	NC_026753.1	314	0.3816940707523667	0.4143622930416865	0.1753439105700778	0.28665413533834583	0.4975563765104287	205.5	1186808	0.2645752303658216	318	17.7912	0.26794561546602313	-0.22483025315886507	baseline
Cn207	NC_026754.1	156	0.3333333333333333	0.3834676024339052	0.18566842900031358	0.21799831469281447	0.4881680322856794	207	1059964	0.14717480971051847	171.5	24.462899999999998	0.1617979478548328	-0.6336125316295289	baseline
Cn207	NC_026755.1	317	0.3561643835616438	0.41300559215045013	0.1931484496960931	0.26066350710900477	0.5297029702970297	178	1561994	0.2029457219425939	337.5	20.0151	0.2160699720997648	-1.0242267088348296	baseline
Cn207	NC_026756.1	374	0.39577884335948854	0.40275892153452414	0.15397126936630443	0.2661469024071655	0.5090111642743221	200	774062	0.48316543119285016	369	25.9455	0.47670600029455	0.1927116455647415	baseline
Cn207	NC_026757.1	229	0.36363636363636365	0.4244788765817762	0.19146594418847282	0.26339285714285715	0.5535714285714286	175	756744	0.3026122440349709	208	21.4977	0.2748617762413709	0.9768486861385173	baseline
Cn207	NC_026758.1	169	0.3898305084745763	0.40400544998405713	0.16205735171474964	0.28169014084507044	0.5	199	942867	0.17924055036394318	147	14.0847	0.15590746096745353	1.5619786008931678	baseline
Cn208	NC_026745.1	246	0.35064935064935066	0.3970085794538537	0.17935478839302482	0.2553660136845065	0.5382999353587589	199	2291499	0.10735330890390964	220.5	31.875899999999998	0.09622522200533364	0.7999774124024734	baseline
Cn208	NC_026746.1	103	0.37037037037037035	0.45548575140234165	0.2177988027258187	0.27697717162568924	0.6754385964912281	76	1621675	0.06351457597854071	113	6.6716999999999995	0.06968103966577767	-1.4988683543924337	baseline
Cn208	NC_026747.1	101	0.3691588785046729	0.4062822854053493	0.1561099889094783	0.2802197802197802	0.5240174672489083	182	1575141	0.06412124374897231	104	10.3782	0.06602583514745664	-0.2890674683471122	baseline
Cn208	NC_026748.1	374	0.4977834195879308	0.4884631266672626	0.1649344959841779	0.3514963461315393	0.6041666666666667	218	1084805	0.3447624227395707	360.5	18.5325	0.3323177898331958	0.7284500202347228	baseline
Cn208	NC_026749.1	323	0.43162393162393164	0.4374942341931031	0.17467523431216464	0.27611386138613864	0.5421948440393106	197	1814975	0.17796388380005235	297	33.3585	0.16363861761181284	0.7794115442840656	baseline
Cn208	NC_026750.1	272	0.4603886809072891	0.4319541806276873	0.1443425718706168	0.336567113639442	0.5021459227467812	222	1422463	0.19121762745322726	278	11.8608	0.1954356633529308	-0.5058680696074465	baseline
Cn208	NC_026751.1	355	0.42792792792792794	0.4378512634867515	0.16198870192845644	0.30662393162393164	0.5384615384615384	208	1399503	0.25366147839625924	343	22.238999999999997	0.24508700588708993	0.5395926075812763	baseline
Cn208	NC_026752.1	270	0.45	0.46926801410731417	0.17622698121952515	0.3333333333333333	0.5948660714285714	103.5	1398693	0.19303735701830207	298	14.0847	0.21305604589427415	-1.9879727647731227	baseline
Cn208	NC_026753.1	326	0.4022332807379536	0.42834113335909413	0.167376587070732	0.2938192970040104	0.5121832358674465	206	1186808	0.2746863856664262	318	17.7912	0.26794561546602313	0.44966050631773014	baseline
Cn208	NC_026754.1	170	0.3729995810640972	0.41682057135422584	0.17698489841010384	0.27272439014078553	0.5374220584662726	208	1059964	0.16038280545377015	171.5	24.462899999999998	0.1617979478548328	-0.06131734177059957	baseline
Cn208	NC_026755.1	346	0.37083919362400375	0.41748421477705316	0.19048403618294343	0.2682926829268293	0.5439668174962293	181	1561994	0.22151173436005517	337.5	20.0151	0.2160699720997648	0.4246793670778562	baseline
Cn208	NC_026756.1	366	0.3704998704998705	0.4000048117467592	0.15742106807754958	0.26656256099941444	0.5015690376569037	215	774062	0.47283034175557	369	25.9455	0.47670600029455	-0.1156269873388449	baseline
Cn208	NC_026757.1	202	0.36791630340017434	0.4285179435384777	0.17919864001190425	0.2955743027464339	0.5390271493212669	201	756744	0.2669330711574852	208	21.4977	0.2748617762413709	-0.2790996246110049	baseline
Cn208	NC_026758.1	148	0.382106146423327	0.40864337046279126	0.17017319157419442	0.2715305539691605	0.5088365539452495	208	942867	0.15696805594002125	147	14.0847	0.15590746096745353	0.0709990273133258	baseline
Cn20801	NC_026745.1	270	0.3250835068015685	0.38748094151334495	0.17949272412023917	0.24872361936054593	0.4984117246080436	198.5	2291499	0.11782680245551057	220.5	31.875899999999998	0.09622522200533364	1.5528973299577424	baseline
Cn20801	NC_026746.1	110	0.391723892967085	0.45610880741850107	0.20407006318251844	0.2827699530516432	0.657967032967033	81.5	1621675	0.06783110055960657	113	6.6716999999999995	0.06968103966577767	-0.44966050631773014	baseline
Cn20801	NC_026747.1	111	0.40375586854460094	0.41390191219221034	0.16638082740340085	0.26289335664335667	0.5070692691871547	164	1575141	0.07046988174392006	104	10.3782	0.06602583514745664	0.6744907594765952	baseline
Cn20801	NC_026748.1	379	0.5062240663900415	0.4847695624458575	0.16030419144409644	0.34097477666841824	0.5935511321592423	213	1084805	0.34937154603822806	360.5	18.5325	0.3323177898331958	0.998246324025361	baseline
Cn20801	NC_026749.1	339	0.4444444444444444	0.43969039863440257	0.1709117049983751	0.29074074074074074	0.5389676113360324	189	1814975	0.18677943222358437	297	33.3585	0.16363861761181284	1.2590494176896443	baseline
Cn20801	NC_026750.1	277	0.45871559633027525	0.42986481412197886	0.15150101636859228	0.325	0.502262443438914	214	1422463	0.19473265736964687	278	11.8608	0.1954356633529308	-0.0843113449345744	baseline
Cn20801	NC_026751.1	360	0.4167491340920336	0.42991597298980117	0.15789596283274449	0.29402573529411763	0.5294117647058824	192	1399503	0.2572341752750798	343	22.238999999999997	0.24508700588708993	0.7644228607401413	baseline
Cn20801	NC_026752.1	299	0.41935483870967744	0.44545376799388836	0.184658111105405	0.30700844057008436	0.5800648626735583	110	1398693	0.213770999068416	298	14.0847	0.21305604589427415	0.0709990273133258	baseline
Cn20801	NC_026753.1	349	0.3902439024390244	0.4176477526327697	0.17947879161479738	0.27391304347826084	0.5194174757281553	195	1186808	0.29406609999258515	318	17.7912	0.26794561546602313	1.7424344619812042	baseline
Cn20801	NC_026754.1	197	0.35233160621761656	0.38438807401123876	0.1824578798121064	0.2222222222222222	0.502127659574468	198	1059964	0.18585536867289834	171.5	24.462899999999998	0.1617979478548328	1.0423948101001925	baseline
Cn20801	NC_026755.1	344	0.371186117467582	0.4019701469644491	0.18382673910203237	0.2557077625570776	0.5089486808236808	188.5	1561994	0.22023131971057508	337.5	20.0151	0.2160699720997648	0.32475481011836066	baseline
Cn20801	NC_026756.1	385	0.38349514563106796	0.401056796598719	0.16269157191105232	0.25903614457831325	0.5024630541871922	203	774062	0.4973761791691105	369	25.9455	0.47670600029455	0.6166772658071727	baseline
Cn20801	NC_026757.1	224	0.39827586206896554	0.42952298078738727	0.18981427689491617	0.2627093301435407	0.5460572429906542	190	756744	0.29600498979839945	208	21.4977	0.2748617762413709	0.7442656656293465	baseline
Cn20801	NC_026758.1	153	0.37872340425531914	0.4097989096589008	0.16357294700691927	0.2702702702702703	0.5108225108225108	201	942867	0.1622710308028598	147	14.0847	0.15590746096745353	0.42599416387995487	baseline
Cn20802	NC_026745.1	254	0.3525735463376456	0.4078049700038639	0.18343378115748557	0.2547172912557528	0.5591519290883398	191	2291499	0.11084447342110995	220.5	31.875899999999998	0.09622522200533364	1.0509507182542297	baseline
Cn20802	NC_026746.1	108	0.37147788766560924	0.44138430973581533	0.21233982200476284	0.2620336391437309	0.6171988388969522	88	1621675	0.06659780782215918	113	6.6716999999999995	0.06968103966577767	-0.7494341771962169	baseline
Cn20802	NC_026747.1	108	0.40455486542443064	0.42369245156832425	0.15880812071977587	0.30853174603174605	0.5277489027489027	173	1575141	0.06856529034543574	104	10.3782	0.06602583514745664	0.385423291129483	baseline
Cn20802	NC_026748.1	370	0.5045147413915549	0.48387436438487463	0.1664581584579358	0.34190240452616694	0.6111111111111112	215	1084805	0.3410751241006448	360.5	18.5325	0.3323177898331958	0.5126129772022123	baseline
Cn20802	NC_026749.1	319	0.45982142857142855	0.4469408727128086	0.1761234972902989	0.284207353827607	0.5567477348593228	190	1814975	0.17575999669416936	297	33.3585	0.16363861761181284	0.6595020759326709	baseline
Cn20802	NC_026750.1	281	0.45454545454545453	0.430783907828978	0.15102408682285795	0.3155339805825243	0.5189873417721519	220	1422463	0.19754468130278258	278	11.8608	0.1954356633529308	0.25293403480372323	baseline
Cn20802	NC_026751.1	326	0.43115572768039134	0.44054660421274783	0.15972650869128574	0.3034529847834569	0.5416666666666666	206.5	1399503	0.23293983649910005	343	22.238999999999997	0.24508700588708993	-0.7644228607401413	baseline
Cn20802	NC_026752.1	303	0.4246575342465753	0.4467878689365224	0.18418528362433914	0.302317880794702	0.5757575757575758	105	1398693	0.21663081176498344	298	14.0847	0.21305604589427415	0.35499513656662907	baseline
Cn20802	NC_026753.1	336	0.40757569744831146	0.429148944099553	0.16849194630603864	0.2953061895369588	0.5205496595915098	196.5	1186808	0.2831123484169301	318	17.7912	0.26794561546602313	1.0117361392148927	baseline
Cn20802	NC_026754.1	189	0.3537117903930131	0.3892281093414224	0.1647358498851277	0.2604166666666667	0.4857142857142857	200	1059964	0.1783079425338974	171.5	24.462899999999998	0.1617979478548328	0.7153689873236616	baseline
Cn20802	NC_026755.1	347	0.35454545454545455	0.39972248648589853	0.18718651378252252	0.23674166331860186	0.5131670131670132	188	1561994	0.2221519416847952	337.5	20.0151	0.2160699720997648	0.474641645557604	baseline
Cn20802	NC_026756.1	381	0.3686635944700461	0.3894147392215609	0.16211822461129158	0.25	0.5021645021645021	203	774062	0.49220863445047036	369	25.9455	0.47670600029455	0.4625079493553796	baseline
Cn20802	NC_026757.1	215	0.38341968911917096	0.4311393454664693	0.19150022862177238	0.26659145938806955	0.557204416913547	198	756744	0.2841119321725709	208	21.4977	0.2748617762413709	0.3256162287128391	baseline
Cn20802	NC_026758.1	154	0.37987256371814093	0.41491979759896247	0.15719274839512865	0.2979375696767001	0.49401913875598086	200	942867	0.1633316257754275	147	14.0847	0.15590746096745353	0.49699319119328067	baseline
Cn20803	NC_026745.1	229	0.37168141592920356	0.41243610154361904	0.1811905415066301	0.25821596244131456	0.5502392344497608	204	2291499	0.09993458430485896	220.5	31.875899999999998	0.09622522200533364	0.26665913746749115	baseline
Cn20803	NC_026746.1	99	0.37209302325581395	0.4643201952765727	0.20810311477235732	0.2746615087040619	0.686367558239862	65	1621675	0.06104799050364592	113	6.6716999999999995	0.06968103966577767	-2.098415696149407	baseline
Cn20803	NC_026747.1	102	0.35543478260869565	0.3894570899817378	0.15065348324873162	0.25	0.5	179	1575141	0.06475610754846708	104	10.3782	0.06602583514745664	-0.1927116455647415	baseline
Cn20803	NC_026748.1	368	0.4770332911925832	0.4673569985712681	0.16413266584512226	0.31645569620253167	0.588534194165471	216	1084805	0.3392314747811819	360.5	18.5325	0.3323177898331958	0.40469445568595713	baseline
Cn20803	NC_026749.1	301	0.4391304347826087	0.4421567683667425	0.1833070630961882	0.27472527472527475	0.5732217573221757	196	1814975	0.16584250471769585	297	33.3585	0.16363861761181284	0.1199094683513947	baseline
Cn20803	NC_026750.1	275	0.45045045045045046	0.4278530854439698	0.1428094384862552	0.31414768806073157	0.5	225	1422463	0.19332664540307903	278	11.8608	0.1954356633529308	-0.25293403480372323	baseline
Cn20803	NC_026751.1	350	0.4340585398676685	0.4441770348324235	0.1658954397698069	0.2926941971885792	0.5714285714285714	214	1399503	0.2500887815174387	343	22.238999999999997	0.24508700588708993	0.31476235442241113	baseline
Cn20803	NC_026752.1	261	0.44155844155844154	0.47484289214411446	0.1916556045967629	0.2967741935483871	0.6422018348623854	104	1398693	0.18660277845102535	298	14.0847	0.21305604589427415	-2.626964010593055	baseline
Cn20803	NC_026753.1	327	0.38461538461538464	0.41728359474159477	0.16802660715231904	0.28653530377668307	0.4870127436281859	207	1186808	0.2755289819414766	318	17.7912	0.26794561546602313	0.5058680696074463	baseline
Cn20803	NC_026754.1	185	0.35802469135802467	0.3923471478682357	0.18586319340935878	0.2324561403508772	0.5045045045045045	208	1059964	0.17453422946439692	171.5	24.462899999999998	0.1617979478548328	0.5518560759353961	baseline
Cn20803	NC_026755.1	354	0.3681932102984734	0.420716248613248	0.20037699422320504	0.25	0.557277851458886	184	1561994	0.22663339295797552	337.5	20.0151	0.2160699720997648	0.8243775949158385	baseline
Cn20803	NC_026756.1	378	0.3899825188112792	0.39810960555384256	0.15299966463461184	0.27576717342342344	0.48446040130589485	212	774062	0.4883329759114903	369	25.9455	0.47670600029455	0.3468809620165347	baseline
Cn20803	NC_026757.1	188	0.4101332867702695	0.44600524326746627	0.1712496820145666	0.30984195402298853	0.5855407836865254	197.5	756744	0.24843275929508524	208	21.4977	0.2748617762413709	-0.930332082036683	baseline
Cn20803	NC_026758.1	158	0.39124264087468463	0.4171605334758759	0.16366058541872872	0.282060570931749	0.512831389183457	190	942867	0.16757400566569836	147	14.0847	0.15590746096745353	0.7809893004465839	baseline
Cn209	NC_026745.1	253	0.3827751196172249	0.4147419277151987	0.17434658433899447	0.27380952380952384	0.5223214285714286	193	2291499	0.11040807785645991	220.5	31.875899999999998	0.09622522200533364	1.0195790550227601	baseline
Cn209	NC_026746.1	101	0.38317757009345793	0.4361308973709241	0.1872620103115721	0.2962962962962963	0.625	89	1621675	0.06228128324109332	113	6.6716999999999995	0.06968103966577767	-1.7986420252709205	baseline
Cn209	NC_026747.1	96	0.3947547105754541	0.41064058153240646	0.16219811428793662	0.2825999355254674	0.5216207759699625	188.5	1575141	0.06094692475149843	104	10.3782	0.06602583514745664	-0.770846582258966	baseline
Cn209	NC_026748.1	358	0.48732418451541193	0.4711092601375618	0.17233837276692973	0.3163735552012754	0.6115940970192869	209	1084805	0.33001322818386714	360.5	18.5325	0.3323177898331958	-0.13489815189531904	baseline
Cn209	NC_026749.1	306	0.44862772695285014	0.4436245549011026	0.16198954716315403	0.3207291666666667	0.5472781623662681	182	1814975	0.1685973636000496	297	33.3585	0.16363861761181284	0.26979630379063807	baseline
Cn209	NC_026750.1	283	0.4318181818181818	0.4193112681081527	0.13696679203745196	0.331410154384848	0.4864126421503471	215	1422463	0.19895069326935041	278	11.8608	0.1954356633529308	0.42155672467287203	baseline
Cn209	NC_026751.1	324	0.40698079140290194	0.42915384675438056	0.16439556004132158	0.3082006099627245	0.5339285714285714	199	1399503	0.23151075774757182	343	22.238999999999997	0.24508700588708993	-0.8543549620036873	baseline
Cn209	NC_026752.1	275	0.4375	0.45206848113140397	0.18311145464565742	0.3051587301587302	0.5800945378151261	91	1398693	0.1966121228890114	298	14.0847	0.21305604589427415	-1.6329776282064936	baseline
Cn209	NC_026753.1	347	0.4020618556701031	0.4300047669892705	0.18168130229359838	0.2840622999786644	0.5225275963054742	193	1186808	0.2923809074424844	318	17.7912	0.26794561546602313	1.6300193354017716	baseline
Cn209	NC_026754.1	178	0.34486078199052134	0.3939613102004141	0.18954967930240926	0.24496749187296823	0.4967948717948718	196	1059964	0.1679302315927711	171.5	24.462899999999998	0.1617979478548328	0.2657084810059315	baseline
Cn209	NC_026755.1	290	0.36406117247238745	0.41897717696814596	0.19209975135451332	0.2658985654580368	0.5384615384615384	174	1561994	0.18566012417461272	337.5	20.0151	0.2160699720997648	-2.37320822778802	baseline
Cn209	NC_026756.1	334	0.36252673500995647	0.3802403050269389	0.15581159144118542	0.2325757575757576	0.5155058651026393	198	774062	0.4314899840064491	369	25.9455	0.47670600029455	-1.3489815189531904	baseline
Cn209	NC_026757.1	207	0.4	0.4333185092300838	0.18951321058186715	0.27518593644354294	0.5797294053090061	195	756744	0.27354032539405665	208	21.4977	0.2748617762413709	-0.046516604101834155	baseline
Cn209	NC_026758.1	131	0.42487046632124353	0.4260990585311349	0.16809636096149227	0.266929625868937	0.5454545454545454	187	942867	0.13893794140637014	147	14.0847	0.15590746096745353	-1.1359844370132128	baseline
Cn21	NC_018792.1	1	0.7045454545454546	0.7045454545454546	NA	0.7045454545454546	0.7045454545454546	44	NA	NA	1	0	NA	NA	NA
Cn21	NC_026745.1	236	0.3656871313087175	0.4074849948439383	0.16590336398435315	0.2792346542346542	0.5242673992673993	181	2291499	0.10298935325740924	220.5	31.875899999999998	0.09622522200533364	0.48626078008777796	baseline
Cn21	NC_026746.1	133	0.40625	0.4519054475511218	0.1994560340778933	0.291866028708134	0.5977011494252874	88	1621675	0.0820139670402516	113	6.6716999999999995	0.06968103966577767	2.9977367087848674	baseline
Cn21	NC_026747.1	118	0.41149059657346954	0.4047914246961812	0.1812082082423297	0.24088188347964884	0.5164141414141414	167	1575141	0.07491392834038349	104	10.3782	0.06602583514745664	1.3489815189531904	baseline
Cn21	NC_026748.1	403	0.4484536082474227	0.4542181944878443	0.17632163552545235	0.2940282546293691	0.6146287228785768	188	1084805	0.3714953378717834	360.5	18.5325	0.3323177898331958	2.2932685822204237	baseline
Cn21	NC_026749.1	302	0.35147476243366654	0.39323934849027437	0.1663899093694608	0.26227134146341463	0.5083509819021947	166	1814975	0.16639347649416658	297	33.3585	0.16363861761181284	0.1498868354392434	baseline
Cn21	NC_026750.1	309	0.4114285714285714	0.3962995954980093	0.14223478887046442	0.2824074074074074	0.4766355140186916	198	1422463	0.21722884883473242	278	11.8608	0.1954356633529308	2.6136516929718066	baseline
Cn21	NC_026751.1	334	0.42788148973715984	0.4330078574550385	0.17416063840797155	0.28410643318430207	0.5325250103729657	173	1399503	0.23865615150521294	343	22.238999999999997	0.24508700588708993	-0.40469445568595713	baseline
Cn21	NC_026752.1	316	0.39827113641155387	0.42250252196909205	0.18600344349753972	0.2675187524674299	0.5567528735632183	101	1398693	0.22592520302882763	298	14.0847	0.21305604589427415	1.2779824916398645	baseline
Cn21	NC_026753.1	367	0.36585365853658536	0.4046804474204393	0.1783170826529574	0.26123737373737377	0.4876199272987307	177	1186808	0.30923283294349213	318	17.7912	0.26794561546602313	2.754170601196097	baseline
Cn21	NC_026754.1	138	0.3333333333333333	0.3731364730631878	0.18309674291209885	0.2289959693405577	0.4654170008019246	167.5	1059964	0.13019310089776634	171.5	24.462899999999998	0.1617979478548328	-1.3694206328767236	baseline
Cn21	NC_026755.1	395	0.36683417085427134	0.4017889803555913	0.18211894304488893	0.25	0.5070969208782643	169	1561994	0.2528818932723173	337.5	20.0151	0.2160699720997648	2.872831012585498	baseline
Cn21	NC_026756.1	369	0.37435897435897436	0.39289514544368903	0.15216026251844245	0.2774869109947644	0.4864864864864865	183	774062	0.47670600029455	369	25.9455	0.47670600029455	0	baseline
Cn21	NC_026757.1	240	0.38178053830227743	0.42530651902021555	0.21084590724557867	0.2276743962974509	0.5762626262626263	192	756744	0.317148203355428	208	21.4977	0.2748617762413709	1.488531331258693	baseline
Cn21	NC_026758.1	154	0.3621475953565506	0.3904871091415189	0.16406547979653602	0.2453813183564883	0.5006304621940084	185.5	942867	0.1633316257754275	147	14.0847	0.15590746096745353	0.49699319119328067	baseline
Cn210	NC_026745.1	203	0.375	0.4072217194279984	0.16995891183640477	0.2771867612293144	0.5131670131670132	183	2291499	0.08858829962395795	220.5	31.875899999999998	0.09622522200533364	-0.5490041065507171	baseline
Cn210	NC_026746.1	99	0.3399014778325123	0.4163323311811441	0.1778145127963971	0.2797217996087807	0.5690131453610212	115	1621675	0.06104799050364592	113	6.6716999999999995	0.06968103966577767	-2.098415696149407	baseline
Cn210	NC_026747.1	102	0.3871049949031601	0.41427702343401485	0.1524337351072118	0.32526881720430106	0.5076530612244898	178.5	1575141	0.06475610754846708	104	10.3782	0.06602583514745664	-0.1927116455647415	baseline
Cn210	NC_026748.1	339	0.5283018867924528	0.48294472845762304	0.17747256260039032	0.3095734126984127	0.6112334356819651	212	1084805	0.31249855964896917	360.5	18.5325	0.3323177898331958	-1.1601241062997438	baseline
Cn210	NC_026749.1	337	0.4318181818181818	0.43354360690307825	0.17099312625769805	0.2922374429223744	0.5316455696202531	184	1814975	0.18567748867064285	297	33.3585	0.16363861761181284	1.199094683513947	baseline
Cn210	NC_026750.1	276	0.4489686689447898	0.42638238082795826	0.13483131530202358	0.3226020137784844	0.5065502183406113	216	1422463	0.19402965138636297	278	11.8608	0.1954356633529308	-0.1686226898691488	baseline
Cn210	NC_026751.1	328	0.42993818743750567	0.44029917341656105	0.15741191630049026	0.3161838161838162	0.5348681732580038	197	1399503	0.23436891525062828	343	22.238999999999997	0.24508700588708993	-0.6744907594765952	baseline
Cn210	NC_026752.1	283	0.4481132075471698	0.4457362501445547	0.18226044025819474	0.29234496124031006	0.5799878345498783	83	1398693	0.20233174828214626	298	14.0847	0.21305604589427415	-1.0649854096998872	baseline
Cn210	NC_026753.1	327	0.37623762376237624	0.41039005805593826	0.17232495426894845	0.2767857142857143	0.4764380530973451	202	1186808	0.2755289819414766	318	17.7912	0.26794561546602313	0.5058680696074463	baseline
Cn210	NC_026754.1	175	0.35714285714285715	0.40348386872469044	0.1861650508384879	0.25304286052569264	0.5377283149135688	195	1059964	0.16509994679064574	171.5	24.462899999999998	0.1617979478548328	0.1430737974647323	baseline
Cn210	NC_026755.1	341	0.34782608695652173	0.3984294844627528	0.18258128085932468	0.25806451612903225	0.4895397489539749	181	1561994	0.21831069773635495	337.5	20.0151	0.2160699720997648	0.17486797467911727	baseline
Cn210	NC_026756.1	306	0.38051707169354226	0.4044423134467419	0.16128933050271202	0.2867132867132867	0.515068651326839	208	774062	0.3953171709759683	369	25.9455	0.47670600029455	-2.428166734115743	baseline
Cn210	NC_026757.1	154	0.36775956284153005	0.39822759746578873	0.15925482825273674	0.26756289064517796	0.49468201754385965	217	756744	0.20350343048639963	208	21.4977	0.2748617762413709	-2.5118966214990444	baseline
Cn210	NC_026758.1	139	0.3888888888888889	0.40305956580957625	0.15702678581904192	0.28313008130081296	0.49111093552465235	194	942867	0.14742270118691184	147	14.0847	0.15590746096745353	-0.5679922185066064	baseline
Cn211	NC_018792.1	1	0.6785714285714286	0.6785714285714286	NA	0.6785714285714286	0.6785714285714286	28	NA	NA	1	0	NA	NA	NA
Cn211	NC_026745.1	255	0.36363636363636365	0.41132475900669097	0.19979059104756153	0.24119153486801376	0.5438326372716951	204	2291499	0.11128086898575999	220.5	31.875899999999998	0.09622522200533364	1.0823223814856993	baseline
Cn211	NC_026746.1	126	0.42857142857142855	0.4754805145443152	0.2196543454559873	0.2752155172413793	0.6666666666666666	122	1621675	0.07769744245918572	113	6.6716999999999995	0.06968103966577767	1.948528860710164	baseline
Cn211	NC_026747.1	123	0.4117647058823529	0.44433420718045286	0.18159185170270875	0.3076923076923077	0.576670418264924	181	1575141	0.07808824733785737	104	10.3782	0.06602583514745664	1.830760632865044	baseline
Cn211	NC_026748.1	379	0.46987951807228917	0.44949203192908455	0.17222676062263023	0.29411764705882354	0.5807768620268621	213	1084805	0.34937154603822806	360.5	18.5325	0.3323177898331958	0.998246324025361	baseline
Cn211	NC_026749.1	362	0.4207473508087005	0.4368256463926	0.19235135641587708	0.27387245174093455	0.5545977011494253	195	1814975	0.19945178308241163	297	33.3585	0.16363861761181284	1.9485288607101638	baseline
Cn211	NC_026750.1	299	0.4634146341463415	0.46098795330336584	0.16481429387823454	0.34570413436692504	0.5347692689674741	218	1422463	0.2101987890018932	278	11.8608	0.1954356633529308	1.7705382436260624	baseline
Cn211	NC_026751.1	365	0.4114583333333333	0.4350846761613155	0.16386411092757816	0.3105022831050228	0.5321888412017167	203	1399503	0.26080687215390036	343	22.238999999999997	0.24508700588708993	0.9892531138990064	baseline
Cn211	NC_026752.1	292	0.42105263157894735	0.4464027579577013	0.19786811668284468	0.2727272727272727	0.609391124871001	100	1398693	0.208766326849423	298	14.0847	0.21305604589427415	-0.42599416387995487	baseline
Cn211	NC_026753.1	327	0.3953488372093023	0.4261219462431164	0.1780065095654122	0.288721884660484	0.5104248532199158	198	1186808	0.2755289819414766	318	17.7912	0.26794561546602313	0.5058680696074463	baseline
Cn211	NC_026754.1	170	0.3576980998361164	0.4093175651154187	0.19689322906856127	0.2432789932789933	0.514215418261345	202.5	1059964	0.16038280545377015	171.5	24.462899999999998	0.1617979478548328	-0.06131734177059957	baseline
Cn211	NC_026755.1	355	0.3853211009174312	0.43347032357037846	0.1962373726983854	0.28105732326358795	0.5454545454545454	179	1561994	0.22727360028271557	337.5	20.0151	0.2160699720997648	0.8743398733955863	baseline
Cn211	NC_026756.1	372	0.411491142772587	0.4065922865919195	0.17260302835087468	0.26118860404997846	0.5307696786213321	212	774062	0.4805816588335301	369	25.9455	0.47670600029455	0.1156269873388449	baseline
Cn211	NC_026757.1	229	0.38495575221238937	0.40524888477891224	0.17917107661013437	0.24647887323943662	0.5394736842105263	199	756744	0.3026122440349709	208	21.4977	0.2748617762413709	0.9768486861385173	baseline
Cn211	NC_026758.1	140	0.37584652457517964	0.4195689512683613	0.1725241429480015	0.2985294117647059	0.538202828561573	200	942867	0.14848329615947956	147	14.0847	0.15590746096745353	-0.49699319119328067	baseline
Cn212	NC_026745.1	232	0.3768151163497175	0.41580631522777356	0.18381082839341628	0.25978747719020145	0.5529513888888888	201	2291499	0.10124377099880909	220.5	31.875899999999998	0.09622522200533364	0.36077412716189977	baseline
Cn212	NC_026746.1	106	0.392724413950829	0.4552043495293719	0.20243348136064784	0.2635547800074785	0.6890342052313883	76	1621675	0.06536451508471179	113	6.6716999999999995	0.06968103966577767	-1.0492078480747036	baseline
Cn212	NC_026747.1	110	0.4	0.4187855986114748	0.15447079258144705	0.30435606060606063	0.5192926201707536	164.5	1575141	0.06983501794442529	104	10.3782	0.06602583514745664	0.5781349366942244	baseline
Cn212	NC_026748.1	371	0.48214285714285715	0.47304319750745916	0.1717699830161756	0.31277173913043477	0.625	215	1084805	0.3419969487603763	360.5	18.5325	0.3323177898331958	0.56657223796034	baseline
Cn212	NC_026749.1	323	0.4230769230769231	0.4183274393656642	0.16360069652039602	0.2668820891585334	0.5345991561181435	194	1814975	0.17796388380005235	297	33.3585	0.16363861761181284	0.7794115442840656	baseline
Cn212	NC_026750.1	280	0.4320662961492656	0.4170807506448074	0.14667872795778292	0.32250161927247656	0.48222117794486213	223	1422463	0.19684167531949864	278	11.8608	0.1954356633529308	0.1686226898691488	baseline
Cn212	NC_026751.1	349	0.39622641509433965	0.41881544975526935	0.16532879405654818	0.2835820895522388	0.5258620689655172	208	1399503	0.24937424214167458	343	22.238999999999997	0.24508700588708993	0.2697963037906381	baseline
Cn212	NC_026752.1	313	0.453551912568306	0.46800294801322495	0.18021981413595897	0.3333333333333333	0.6086956521739131	94	1398693	0.22378034350640205	298	14.0847	0.21305604589427415	1.0649854096998872	baseline
Cn212	NC_026753.1	290	0.3869455975529823	0.41911047166316384	0.17294465418754867	0.28718600478468903	0.511228354978355	206.5	1186808	0.24435291976461232	318	17.7912	0.26794561546602313	-1.5738117721120555	baseline
Cn212	NC_026754.1	169	0.32	0.377879087817948	0.19046662903276573	0.21428571428571427	0.46236559139784944	198	1059964	0.15943937718639503	171.5	24.462899999999998	0.1617979478548328	-0.10219556961766595	baseline
Cn212	NC_026755.1	281	0.3333333333333333	0.41235591230042884	0.19795485104830732	0.252212389380531	0.5555555555555556	166	1561994	0.17989825825195233	337.5	20.0151	0.2160699720997648	-2.82286873410575	baseline
Cn212	NC_026756.1	351	0.40350877192982454	0.40073477584860595	0.15995127769821374	0.27144675536769297	0.5133357041251778	212	774062	0.45345204906066955	369	25.9455	0.47670600029455	-0.6937619240330694	baseline
Cn212	NC_026757.1	214	0.36007827788649704	0.4054369568290335	0.19324058679760142	0.2337027603772286	0.5481214616572311	198.5	756744	0.28279048132525664	208	21.4977	0.2748617762413709	0.2790996246110049	baseline
Cn212	NC_026758.1	140	0.3875866622647739	0.40755756264067616	0.16140389223627596	0.27775211514149567	0.49166666666666664	203.5	942867	0.14848329615947956	147	14.0847	0.15590746096745353	-0.49699319119328067	baseline
Cn213	NC_026745.1	209	0.39705882352941174	0.41621750312563216	0.17292255601226608	0.2692307692307692	0.5365853658536586	194	2291499	0.09120667301185818	220.5	31.875899999999998	0.09622522200533364	-0.36077412716189977	baseline
Cn213	NC_026746.1	111	0.3559322033898305	0.4136669909763012	0.18943319133213316	0.2608513490866432	0.6055555555555556	75	1621675	0.06844774692833028	113	6.6716999999999995	0.06968103966577767	-0.2997736708784868	baseline
Cn213	NC_026747.1	103	0.42105263157894735	0.41038267720403265	0.14714618447177363	0.2893719806763285	0.48902439024390243	182	1575141	0.06539097134796186	104	10.3782	0.06602583514745664	-0.09635582278237075	baseline
Cn213	NC_026748.1	363	0.45454545454545453	0.4574733997423902	0.16337632181915485	0.30064102564102563	0.6008474576271186	206	1084805	0.3346223514825245	360.5	18.5325	0.3323177898331958	0.13489815189531904	baseline
Cn213	NC_026749.1	283	0.42358078602620086	0.4223118542857694	0.16548489792128046	0.2933359890735261	0.5	189	1814975	0.15592501274122234	297	33.3585	0.16363861761181284	-0.41968313922988143	baseline
Cn213	NC_026750.1	259	0.43781094527363185	0.4242862925897885	0.1400676605845556	0.33413078149920256	0.4887682012307899	217	1422463	0.18207854967053624	278	11.8608	0.1954356633529308	-1.6019155537569136	baseline
Cn213	NC_026751.1	321	0.4166666666666667	0.4325765013681268	0.1585633894369302	0.3125	0.5309734513274337	204	1399503	0.2293671396202795	343	22.238999999999997	0.24508700588708993	-0.9892531138990064	baseline
Cn213	NC_026752.1	283	0.4226190476190476	0.4450310976641747	0.1729454313528114	0.31698564593301437	0.5779352226720648	93	1398693	0.20233174828214626	298	14.0847	0.21305604589427415	-1.0649854096998872	baseline
Cn213	NC_026753.1	310	0.4013433075933076	0.42283896708965746	0.1803144392993746	0.27459580323357413	0.5125915974596971	186	1186808	0.26120484526562004	318	17.7912	0.26794561546602313	-0.44966050631773014	baseline
Cn213	NC_026754.1	178	0.33108766233766235	0.36844879648305595	0.1806728602639512	0.22310375050213638	0.44215176715176713	189.5	1059964	0.1679302315927711	171.5	24.462899999999998	0.1617979478548328	0.2657084810059315	baseline
Cn213	NC_026755.1	330	0.37314356435643564	0.4165917871483493	0.18560522778373106	0.2626490237862121	0.5182375844842786	174.5	1561994	0.21126841716421446	337.5	20.0151	0.2160699720997648	-0.3747170885981084	baseline
Cn213	NC_026756.1	358	0.38237074988355846	0.40081675879722134	0.163779809189753	0.2684950495049505	0.5150765076507651	200	774062	0.46249525231828975	369	25.9455	0.47670600029455	-0.4239656202424313	baseline
Cn213	NC_026757.1	196	0.42928571428571427	0.45265343089702864	0.19346497795108986	0.28320106891246255	0.6309178743961352	196	756744	0.2590043660735995	208	21.4977	0.2748617762413709	-0.5581992492220098	baseline
Cn213	NC_026758.1	152	0.3816964285714286	0.4005591278096579	0.14634349969907448	0.28470824949698187	0.47920480549199085	194	942867	0.16121043583029207	147	14.0847	0.15590746096745353	0.35499513656662907	baseline
Cn21301	NC_026745.1	209	0.38235294117647056	0.41197352512396196	0.18086655222515724	0.25773195876288657	0.5572139303482587	190	2291499	0.09120667301185818	220.5	31.875899999999998	0.09622522200533364	-0.36077412716189977	baseline
Cn21301	NC_026746.1	115	0.3508771929824561	0.42800951522095526	0.1825694428627729	0.2834848122458742	0.5895390070921986	71	1621675	0.07091433240322506	113	6.6716999999999995	0.06968103966577767	0.2997736708784868	baseline
Cn21301	NC_026747.1	94	0.3715512251591742	0.39929833750426846	0.15762734765870498	0.27076032540675843	0.4649977497749775	182	1575141	0.05967719715250888	104	10.3782	0.06602583514745664	-0.9635582278237074	baseline
Cn21301	NC_026748.1	371	0.49321266968325794	0.4705309985854951	0.17047853018632722	0.3147515527950311	0.6234438762332766	214	1084805	0.3419969487603763	360.5	18.5325	0.3323177898331958	0.56657223796034	baseline
Cn21301	NC_026749.1	275	0.4375	0.4282859876814232	0.18070274170710043	0.26242006886374813	0.5454545454545454	193	1814975	0.15151723852945634	297	33.3585	0.16363861761181284	-0.6595020759326709	baseline
Cn21301	NC_026750.1	268	0.4563714686435584	0.43111369408350514	0.13808125871726257	0.32646745368093133	0.5087341285109657	222	1422463	0.18840560352009156	278	11.8608	0.1954356633529308	-0.8431134493457441	baseline
Cn21301	NC_026751.1	317	0.4	0.4226318242384395	0.14846360051541455	0.3055555555555556	0.5194805194805194	203	1399503	0.22650898211722306	343	22.238999999999997	0.24508700588708993	-1.1691173164260984	baseline
Cn21301	NC_026752.1	311	0.4426229508196721	0.4537243674332773	0.18235212432629658	0.2985355648535565	0.5827114427860697	94	1398693	0.22235043715811834	298	14.0847	0.21305604589427415	0.9229873550732355	baseline
Cn21301	NC_026753.1	318	0.4097742320633887	0.4360917900509449	0.17834449103253083	0.2850297981850196	0.54041248606466	199.5	1186808	0.26794561546602313	318	17.7912	0.26794561546602313	0	baseline
Cn21301	NC_026754.1	179	0.37745098039215685	0.4064800023529103	0.17685327825421898	0.25897811109078717	0.5	204	1059964	0.1688736598601462	171.5	24.462899999999998	0.1617979478548328	0.3065867088529978	baseline
Cn21301	NC_026755.1	338	0.3636229546884833	0.4143019465657393	0.19004884155698928	0.2667941982640475	0.5276391806722689	187	1561994	0.21639007576213481	337.5	20.0151	0.2160699720997648	0.024981139239873894	baseline
Cn21301	NC_026756.1	337	0.38181818181818183	0.39537747525346634	0.14561979418018142	0.27972027972027974	0.48205128205128206	212	774062	0.43536564254542914	369	25.9455	0.47670600029455	-1.2333545316143455	baseline
Cn21301	NC_026757.1	217	0.38461538461538464	0.43949115821575707	0.1989208081849654	0.26288659793814434	0.620253164556962	203	756744	0.28675483386719947	208	21.4977	0.2748617762413709	0.41864943691650736	baseline
Cn21301	NC_026758.1	148	0.3802910052910053	0.4076579323968718	0.14549696396106235	0.3062964423595832	0.500531914893617	202.5	942867	0.15696805594002125	147	14.0847	0.15590746096745353	0.0709990273133258	baseline
Cn21302	NC_026745.1	211	0.3888888888888889	0.4195528006667053	0.16455740516614673	0.2789153810191678	0.5502808988764045	184	2291499	0.09207946414115827	220.5	31.875899999999998	0.09622522200533364	-0.29803080069896065	baseline
Cn21302	NC_026746.1	109	0.3548387096774194	0.43694544001064434	0.19110325971879213	0.29310344827586204	0.5833333333333334	78	1621675	0.06721445419088289	113	6.6716999999999995	0.06968103966577767	-0.5995473417569736	baseline
Cn21302	NC_026747.1	112	0.40232558139534885	0.4106014857616239	0.157829966446736	0.2845528455284553	0.5236572890025575	176.5	1575141	0.07110474554341484	104	10.3782	0.06602583514745664	0.770846582258966	baseline
Cn21302	NC_026748.1	384	0.4818555008210181	0.4739103946934093	0.17290767118834524	0.3198611111111111	0.6224662162162162	200	1084805	0.35398066933688543	360.5	18.5325	0.3323177898331958	1.268042627815999	baseline
Cn21302	NC_026749.1	298	0.4359445701357466	0.4281862994238278	0.16371933455716073	0.29739157762413576	0.5156496692980584	188.5	1814975	0.1641895893882836	297	33.3585	0.16363861761181284	0.029977367087848674	baseline
Cn21302	NC_026750.1	288	0.4663430420711974	0.43292907238400813	0.14895353430473635	0.33943377148634984	0.5047282120395329	209	1422463	0.20246572318577005	278	11.8608	0.1954356633529308	0.8431134493457441	baseline
Cn21302	NC_026751.1	333	0.42045454545454547	0.43723105639677795	0.15038956552005006	0.31840796019900497	0.5345622119815668	191	1399503	0.23794161212944884	343	22.238999999999997	0.24508700588708993	-0.4496605063177302	baseline
Cn21302	NC_026752.1	315	0.40441176470588236	0.4314033264178138	0.17452853562090134	0.2916666666666667	0.5714285714285714	104	1398693	0.22521024985468577	298	14.0847	0.21305604589427415	1.2069834643265387	baseline
Cn21302	NC_026753.1	333	0.38308457711442784	0.418789298123024	0.1797683250989657	0.27860696517412936	0.5305164319248826	184	1186808	0.28058455959177897	318	17.7912	0.26794561546602313	0.843113449345744	baseline
Cn21302	NC_026754.1	204	0.31854882705946536	0.36692788223571793	0.16815460724169556	0.23280346820809247	0.48067498844197876	185	1059964	0.19245936654452417	171.5	24.462899999999998	0.1617979478548328	1.3285424050296573	baseline
Cn21302	NC_026755.1	335	0.3605150214592275	0.4007403740798878	0.17888196034982268	0.2625833141806481	0.5	182	1561994	0.21446945378791468	337.5	20.0151	0.2160699720997648	-0.12490569619936948	baseline
Cn21302	NC_026756.1	370	0.39247602845654195	0.4070094513020245	0.15432792376399468	0.2683085874799358	0.5203061224489796	197.5	774062	0.47799788647421004	369	25.9455	0.47670600029455	0.0385423291129483	baseline
Cn21302	NC_026757.1	220	0.3947788465577351	0.4410770511911433	0.2074103619072561	0.26898122197309415	0.6212096774193548	190	756744	0.2907191864091423	208	21.4977	0.2748617762413709	0.5581992492220098	baseline
Cn21302	NC_026758.1	146	0.3974709501025291	0.41974486563441354	0.16076482272055795	0.2920673076923077	0.5066666666666667	193.5	942867	0.1548468659948858	147	14.0847	0.15590746096745353	-0.0709990273133258	baseline
Cn21303	NC_026745.1	202	0.3796783625730994	0.42101653734822153	0.1796047799676614	0.2687062496058523	0.5302551425796769	197.5	2291499	0.08815190405930791	220.5	31.875899999999998	0.09622522200533364	-0.5803757697821866	baseline
Cn21303	NC_026746.1	118	0.33454987834549876	0.4259525127878421	0.20074187469195348	0.25471698113207547	0.6053571428571428	72	1621675	0.07276427150939616	113	6.6716999999999995	0.06968103966577767	0.7494341771962169	baseline
Cn21303	NC_026747.1	101	0.36363636363636365	0.4163301674485626	0.16408915666175075	0.27848101265822783	0.5508474576271186	181	1575141	0.06412124374897231	104	10.3782	0.06602583514745664	-0.2890674683471122	baseline
Cn21303	NC_026748.1	375	0.49489795918367346	0.47469733984176027	0.17237542373629597	0.3027115474520804	0.6016528925619835	213	1084805	0.34568424739930215	360.5	18.5325	0.3323177898331958	0.7824092809928505	baseline
Cn21303	NC_026749.1	264	0.4375	0.44836739705728296	0.16038442757566115	0.3333333333333333	0.5356919386797372	185.5	1814975	0.1454565489882781	297	33.3585	0.16363861761181284	-0.9892531138990063	baseline
Cn21303	NC_026750.1	260	0.46406114864075176	0.43922245259755316	0.1318781975261094	0.35068273092369473	0.5042463421700709	224.5	1422463	0.18278155565382018	278	11.8608	0.1954356633529308	-1.5176042088223392	baseline
Cn21303	NC_026751.1	331	0.4	0.4265730106729697	0.16042683183620665	0.30434782608695654	0.5211640211640212	204	1399503	0.2365125333779206	343	22.238999999999997	0.24508700588708993	-0.5395926075812763	baseline
Cn21303	NC_026752.1	313	0.40865384615384615	0.43944824955419376	0.17641006693659142	0.30994152046783624	0.58	88	1398693	0.22378034350640205	298	14.0847	0.21305604589427415	1.0649854096998872	baseline
Cn21303	NC_026753.1	294	0.381630740393627	0.41870177084557997	0.17023693019186023	0.288024109014675	0.48893739752276727	202.5	1186808	0.24772330486481386	318	17.7912	0.26794561546602313	-1.3489815189531904	baseline
Cn21303	NC_026754.1	170	0.33895565015896967	0.38053287544934983	0.17738515963815676	0.2321985446985447	0.45384768740031894	215	1059964	0.16038280545377015	171.5	24.462899999999998	0.1617979478548328	-0.06131734177059957	baseline
Cn21303	NC_026755.1	333	0.33905579399141633	0.4046738237360658	0.18889724010215977	0.25728155339805825	0.5287356321839081	197	1561994	0.2131890391384346	337.5	20.0151	0.2160699720997648	-0.22483025315886504	baseline
Cn21303	NC_026756.1	346	0.4112394957983193	0.40962613456024816	0.15028411829207836	0.28387492335990194	0.5037286268946465	208	774062	0.4469926181623694	369	25.9455	0.47670600029455	-0.8864735695978109	baseline
Cn21303	NC_026757.1	233	0.3684210526315789	0.4333886661279058	0.19266660283531192	0.27586206896551724	0.5850340136054422	193	756744	0.307898047424228	208	21.4977	0.2748617762413709	1.1629151025458537	baseline
Cn21303	NC_026758.1	145	0.358974358974359	0.3995301693983141	0.15424438304886826	0.28270042194092826	0.5023255813953489	206	942867	0.1537862710223181	147	14.0847	0.15590746096745353	-0.1419980546266516	baseline
Cn214	NC_026745.1	210	0.3673333333333333	0.4212430289447882	0.19451279578268676	0.26429126429126426	0.5620239666903626	214	2291499	0.09164306857650822	220.5	31.875899999999998	0.09622522200533364	-0.3294024639304302	baseline
Cn214	NC_026746.1	108	0.3574705111402359	0.42710192672305775	0.1870909216034059	0.2792416900959103	0.6073232323232324	85	1621675	0.06659780782215918	113	6.6716999999999995	0.06968103966577767	-0.7494341771962169	baseline
Cn214	NC_026747.1	94	0.3771428571428571	0.4140347926202503	0.15883658525157868	0.29966960352422906	0.5107448912326961	206.5	1575141	0.05967719715250888	104	10.3782	0.06602583514745664	-0.9635582278237074	baseline
Cn214	NC_026748.1	359	0.4827586206896552	0.4664899048509771	0.16851041536411276	0.31635616123282156	0.5932203389830508	218	1084805	0.3309350528435986	360.5	18.5325	0.3323177898331958	-0.08093889113719142	baseline
Cn214	NC_026749.1	303	0.4444444444444444	0.4433847797959013	0.1716690106870678	0.3200412240367845	0.550960632501741	204	1814975	0.16694444827063734	297	33.3585	0.16363861761181284	0.17986420252709204	baseline
Cn214	NC_026750.1	279	0.45495495495495497	0.42802123123388447	0.14080555649346274	0.32848170541019495	0.5088121118012422	223	1422463	0.19613866933621474	278	11.8608	0.1954356633529308	0.0843113449345744	baseline
Cn214	NC_026751.1	349	0.42857142857142855	0.4293838721239497	0.15240804860249685	0.3080357142857143	0.5211864406779662	208	1399503	0.24937424214167458	343	22.238999999999997	0.24508700588708993	0.2697963037906381	baseline
Cn214	NC_026752.1	313	0.42857142857142855	0.4498791257370185	0.1823313729673623	0.2982456140350877	0.5757575757575758	86	1398693	0.22378034350640205	298	14.0847	0.21305604589427415	1.0649854096998872	baseline
Cn214	NC_026753.1	264	0.3741570635936833	0.42494221949219885	0.19242429288963414	0.26785714285714285	0.5721884498480243	203.5	1186808	0.22244541661330225	318	17.7912	0.26794561546602313	-3.0352084176446783	het_depleted
Cn214	NC_026754.1	187	0.36036036036036034	0.3927631314406936	0.1813505053829061	0.2425893635571055	0.5274750753535822	211	1059964	0.17642108599914716	171.5	24.462899999999998	0.1617979478548328	0.6336125316295289	baseline
Cn214	NC_026755.1	328	0.3626091422701592	0.4154982514999794	0.18467048556279234	0.2717251461988304	0.5350612031646514	192	1561994	0.20998800251473437	337.5	20.0151	0.2160699720997648	-0.474641645557604	baseline
Cn214	NC_026756.1	361	0.3870967741935484	0.3960989913741384	0.15357941477963638	0.2641509433962264	0.49572649572649574	218	774062	0.46637091085726984	369	25.9455	0.47670600029455	-0.3083386329035864	baseline
Cn214	NC_026757.1	204	0.363341912721594	0.408508868645679	0.18299387711902732	0.269931863836256	0.5015822784810127	217	756744	0.26957597285211377	208	21.4977	0.2748617762413709	-0.18606641640733662	baseline
Cn214	NC_026758.1	128	0.3966593437249364	0.4140856557712102	0.15916390830755167	0.30446836599979693	0.49837662337662336	214.5	942867	0.135756156488667	147	14.0847	0.15590746096745353	-1.3489815189531904	baseline
Cn215	NC_026745.1	235	0.34104046242774566	0.39846649628171277	0.19048417785022687	0.2345679012345679	0.55188611589214	208	2291499	0.1025529576927592	220.5	31.875899999999998	0.09622522200533364	0.4548891168563084	baseline
Cn215	NC_026746.1	112	0.3493516399694889	0.4366471539008816	0.19884612213141184	0.28477648816364054	0.6047247023809523	86.5	1621675	0.06906439329705398	113	6.6716999999999995	0.06968103966577767	-0.1498868354392434	baseline
Cn215	NC_026747.1	102	0.4007835121785045	0.4106973030349266	0.1453936364070781	0.3077894327894328	0.49266049578897186	183	1575141	0.06475610754846708	104	10.3782	0.06602583514745664	-0.1927116455647415	baseline
Cn215	NC_026748.1	374	0.48185749200977623	0.47324927423425045	0.1740538572163871	0.31157810928595375	0.625	216.5	1084805	0.3447624227395707	360.5	18.5325	0.3323177898331958	0.7284500202347228	baseline
Cn215	NC_026749.1	275	0.40540540540540543	0.4271892046588247	0.1723370228891253	0.27230833682446587	0.5391189301294429	178	1814975	0.15151723852945634	297	33.3585	0.16363861761181284	-0.6595020759326709	baseline
Cn215	NC_026750.1	275	0.4491525423728814	0.4283785725530657	0.14194604989263165	0.34062227074235807	0.4915610311921379	222	1422463	0.19332664540307903	278	11.8608	0.1954356633529308	-0.25293403480372323	baseline
Cn215	NC_026751.1	307	0.4185022026431718	0.43510344538136353	0.15561604346353644	0.31129326047358835	0.5471863307098226	215	1399503	0.21936358835958195	343	22.238999999999997	0.24508700588708993	-1.6187778227438285	baseline
Cn215	NC_026752.1	309	0.4222222222222222	0.44590618445552394	0.16923727432373248	0.3094170403587444	0.576	104	1398693	0.22092053080983462	298	14.0847	0.21305604589427415	0.7809893004465839	baseline
Cn215	NC_026753.1	317	0.3930131004366812	0.41804447433355635	0.17122406716147132	0.28846153846153844	0.5	207	1186808	0.26710301919097273	318	17.7912	0.26794561546602313	-0.05620756328971627	baseline
Cn215	NC_026754.1	147	0.34375	0.3960472263146088	0.1893974939427429	0.24129353233830847	0.503393665158371	213	1059964	0.1386839553041424	171.5	24.462899999999998	0.1617979478548328	-1.0015165822531262	baseline
Cn215	NC_026755.1	332	0.39906117146905995	0.41851929844665453	0.18393203710793293	0.26666666666666666	0.5277777777777778	201.5	1561994	0.21254883181369455	337.5	20.0151	0.2160699720997648	-0.27479253163861284	baseline
Cn215	NC_026756.1	306	0.3658926490909583	0.3769079099592308	0.15798816712815797	0.23956680418914633	0.458274231678487	222	774062	0.3953171709759683	369	25.9455	0.47670600029455	-2.428166734115743	baseline
Cn215	NC_026757.1	188	0.3782399035563593	0.41295621820240985	0.1828294758208203	0.2581545776205219	0.5240046838407495	213.5	756744	0.24843275929508524	208	21.4977	0.2748617762413709	-0.930332082036683	baseline
Cn215	NC_026758.1	129	0.401673640167364	0.43366406181354894	0.16513367803260692	0.3230769230769231	0.5084745762711864	204	942867	0.13681675146123473	147	14.0847	0.15590746096745353	-1.2779824916398645	baseline
Cn21501	NC_026745.1	211	0.3958333333333333	0.42394988831822095	0.17963436869391414	0.26889309691857466	0.536774628879892	213	2291499	0.09207946414115827	220.5	31.875899999999998	0.09622522200533364	-0.29803080069896065	baseline
Cn21501	NC_026746.1	116	0.32558843890619593	0.40240835325278007	0.19209599225333318	0.24014104778353482	0.5518796992481203	75	1621675	0.07153097877194876	113	6.6716999999999995	0.06968103966577767	0.44966050631773014	baseline
Cn21501	NC_026747.1	108	0.403125	0.41424635367032525	0.1497872948371742	0.3179674272353463	0.5226958525345622	157.5	1575141	0.06856529034543574	104	10.3782	0.06602583514745664	0.385423291129483	baseline
Cn21501	NC_026748.1	307	0.44	0.4349550202455954	0.1563346485127732	0.3034266133637921	0.5267562210966747	228	1084805	0.28300017053756205	360.5	18.5325	0.3323177898331958	-2.8868204505598274	baseline
Cn21501	NC_026749.1	310	0.4	0.4372787036564853	0.18447992534004254	0.28435230024213076	0.5703463203463204	123	1814975	0.1708012507059326	297	33.3585	0.16363861761181284	0.3897057721420328	baseline
Cn21501	NC_026750.1	268	0.4488762626262626	0.4311711425551	0.14512897974496972	0.32155126140633383	0.5	226	1422463	0.18840560352009156	278	11.8608	0.1954356633529308	-0.8431134493457441	baseline
Cn21501	NC_026751.1	293	0.38114754098360654	0.41993736675232524	0.1878934010727571	0.24691358024691357	0.5882352941176471	212	1399503	0.2093600370988844	343	22.238999999999997	0.24508700588708993	-2.2483025315886507	baseline
Cn21501	NC_026752.1	297	0.45454545454545453	0.4690513546290132	0.17684658595918062	0.3333333333333333	0.601010101010101	82	1398693	0.2123410927201323	298	14.0847	0.21305604589427415	-0.0709990273133258	baseline
Cn21501	NC_026753.1	347	0.4106280193236715	0.43284475623786806	0.16664747004606068	0.2935530943650378	0.5518790690421426	164	1186808	0.2923809074424844	318	17.7912	0.26794561546602313	1.6300193354017716	baseline
Cn21501	NC_026754.1	147	0.3257918552036199	0.3915070286982656	0.198997057516528	0.24444444444444444	0.5330422125181951	210	1059964	0.1386839553041424	171.5	24.462899999999998	0.1617979478548328	-1.0015165822531262	baseline
Cn21501	NC_026755.1	381	0.41935483870967744	0.43759494935633686	0.17334180317017844	0.31413612565445026	0.5555555555555556	169	1561994	0.2439189907259567	337.5	20.0151	0.2160699720997648	2.173359113869029	baseline
Cn21501	NC_026756.1	286	0.37768975681650696	0.3910292108459097	0.16235640397965181	0.2557892479825348	0.4585915977961433	228.5	774062	0.3694794473827678	369	25.9455	0.47670600029455	-3.1990133163747085	het_depleted
Cn21501	NC_026757.1	223	0.4	0.42551024823946504	0.18557496292003617	0.2711488867095274	0.5464814814814815	177	756744	0.2946835389510852	208	21.4977	0.2748617762413709	0.6977490615275123	baseline
Cn21501	NC_026758.1	131	0.3620689655172414	0.402535828398308	0.15634183591139125	0.2830440587449933	0.4880283339187449	205	942867	0.13893794140637014	147	14.0847	0.15590746096745353	-1.1359844370132128	baseline
Cn21502	NC_026745.1	220	0.3584070796460177	0.4005834146881588	0.1878502320760946	0.23155594405594404	0.5374125559529433	196	2291499	0.09600702422300862	220.5	31.875899999999998	0.09622522200533364	-0.015685831615734773	baseline
Cn21502	NC_026746.1	121	0.34375	0.4254859422123082	0.17705652681484715	0.30434782608695654	0.5925925925925926	63	1621675	0.07461421061556724	113	6.6716999999999995	0.06968103966577767	1.199094683513947	baseline
Cn21502	NC_026747.1	101	0.3826530612244898	0.4090976049224519	0.1636050460167892	0.30049261083743845	0.49528301886792453	193	1575141	0.06412124374897231	104	10.3782	0.06602583514745664	-0.2890674683471122	baseline
Cn21502	NC_026748.1	374	0.4842035251080812	0.46384306967052524	0.17441904452117274	0.29439252336448596	0.6177191906805641	210	1084805	0.3447624227395707	360.5	18.5325	0.3323177898331958	0.7284500202347228	baseline
Cn21502	NC_026749.1	279	0.421875	0.43998877418525556	0.18404219176950593	0.30093291260803956	0.5815313718539525	120	1814975	0.15372112563533935	297	33.3585	0.16363861761181284	-0.5395926075812761	baseline
Cn21502	NC_026750.1	276	0.46207764198418405	0.44397784263960427	0.13996114266175838	0.3476190476190476	0.5151898612367444	217	1422463	0.19402965138636297	278	11.8608	0.1954356633529308	-0.1686226898691488	baseline
Cn21502	NC_026751.1	324	0.4117647058823529	0.42995486980134034	0.15651956609750492	0.3048359152058704	0.5432047312852266	207.5	1399503	0.23151075774757182	343	22.238999999999997	0.24508700588708993	-0.8543549620036873	baseline
Cn21502	NC_026752.1	292	0.41200396825396823	0.44425564983185106	0.1846539397346737	0.2960564191134139	0.5979638009049774	110	1398693	0.208766326849423	298	14.0847	0.21305604589427415	-0.42599416387995487	baseline
Cn21502	NC_026753.1	328	0.37737650477376505	0.4145650611604421	0.1681759562595803	0.27946366055174343	0.5	199	1186808	0.276371578216527	318	17.7912	0.26794561546602313	0.5620756328971627	baseline
Cn21502	NC_026754.1	176	0.32584235617323853	0.378892164743266	0.17866090350771405	0.2355113129097263	0.48593749999999997	204	1059964	0.16604337505802086	171.5	24.462899999999998	0.1617979478548328	0.1839520253117987	baseline
Cn21502	NC_026755.1	349	0.375	0.4153865472271371	0.19200519551551695	0.26356589147286824	0.5416666666666666	190	1561994	0.2234323563342753	337.5	20.0151	0.2160699720997648	0.5745662025170996	baseline
Cn21502	NC_026756.1	368	0.37123169681309215	0.3949177146279147	0.15556261991108758	0.26325109916951633	0.5112619530274177	209	774062	0.47541411411489004	369	25.9455	0.47670600029455	-0.0385423291129483	baseline
Cn21502	NC_026757.1	204	0.3547440074845953	0.41724061889442354	0.1920427164992518	0.24836728347068887	0.556910569105691	214.5	756744	0.26957597285211377	208	21.4977	0.2748617762413709	-0.18606641640733662	baseline
Cn21502	NC_026758.1	150	0.3564993564993565	0.40349381479254415	0.1656621585582075	0.26820054945054944	0.4887755102040816	191.5	942867	0.15908924588515666	147	14.0847	0.15590746096745353	0.21299708193997743	baseline
Cn21503	NC_026745.1	217	0.35443037974683544	0.4085487537668493	0.18699153483615433	0.25738396624472576	0.5136363636363637	196	2291499	0.0946978375290585	220.5	31.875899999999998	0.09622522200533364	-0.1098008213101434	baseline
Cn21503	NC_026746.1	110	0.3413327120223672	0.408371610635588	0.17128946085095212	0.2777777777777778	0.5461744715345762	95.5	1621675	0.06783110055960657	113	6.6716999999999995	0.06968103966577767	-0.44966050631773014	baseline
Cn21503	NC_026747.1	93	0.39545454545454545	0.41378592045375157	0.1592494701587402	0.27411167512690354	0.5178571428571429	205	1575141	0.059042333353014106	104	10.3782	0.06602583514745664	-1.0599140506060782	baseline
Cn21503	NC_026748.1	364	0.49211822660098525	0.47528256001368874	0.17766340115385493	0.30769398430688755	0.608377659574468	212.5	1084805	0.33554417614225596	360.5	18.5325	0.3323177898331958	0.18885741265344666	baseline
Cn21503	NC_026749.1	239	0.36403508771929827	0.4254024902452467	0.19172802027883043	0.2692307692307692	0.591914722445696	133	1814975	0.1316822545765093	297	33.3585	0.16363861761181284	-1.7386872910952231	baseline
Cn21503	NC_026750.1	279	0.4411764705882353	0.4271287195527524	0.14028321484766246	0.338686360779384	0.4956702654071075	222	1422463	0.19613866933621474	278	11.8608	0.1954356633529308	0.0843113449345744	baseline
Cn21503	NC_026751.1	352	0.41010522670873173	0.4215359776036839	0.15232135522193394	0.29523530956758437	0.519190028307917	205	1399503	0.25151786026896694	343	22.238999999999997	0.24508700588708993	0.40469445568595713	baseline
Cn21503	NC_026752.1	305	0.4166666666666667	0.44738652042662624	0.18367643228080485	0.2967032967032967	0.5887096774193549	88	1398693	0.2180607181132672	298	14.0847	0.21305604589427415	0.49699319119328067	baseline
Cn21503	NC_026753.1	345	0.37339055793991416	0.40759965646604773	0.1689168809091885	0.27232142857142855	0.49130434782608695	206	1186808	0.2906957148923836	318	17.7912	0.26794561546602313	1.5176042088223392	baseline
Cn21503	NC_026754.1	145	0.3378995433789954	0.38146048211558004	0.18332693999639232	0.23232323232323232	0.4553191489361702	201	1059964	0.13679709876939217	171.5	24.462899999999998	0.1617979478548328	-1.083273037947259	baseline
Cn21503	NC_026755.1	324	0.3595454545454545	0.40709887398555783	0.18402788500362716	0.263420703384207	0.5	201	1561994	0.2074271732157742	337.5	20.0151	0.2160699720997648	-0.6744907594765952	baseline
Cn21503	NC_026756.1	365	0.3761467889908257	0.3821854563885353	0.15418960322682246	0.2459016393442623	0.4698275862068966	213	774062	0.47153845557590995	369	25.9455	0.47670600029455	-0.1541693164517932	baseline
Cn21503	NC_026757.1	209	0.3729508196721312	0.41217337875248106	0.1826287700623987	0.25	0.5230125523012552	190	756744	0.2761832270886852	208	21.4977	0.2748617762413709	0.046516604101834155	baseline
Cn21503	NC_026758.1	144	0.3531808551094692	0.3974670335699028	0.15979250067444564	0.275	0.5088311996206734	206.5	942867	0.1527256760497504	147	14.0847	0.15590746096745353	-0.21299708193997743	baseline
Cn216	NC_018792.1	1	0.2714285714285714	0.2714285714285714	NA	0.2714285714285714	0.2714285714285714	70	NA	NA	1	0	NA	NA	NA
Cn216	NC_026745.1	256	0.3947957839262187	0.4227764864929442	0.17868571989754434	0.2719649301378736	0.5445031712473574	207	2291499	0.11171726455041002	220.5	31.875899999999998	0.09622522200533364	1.1136940447171688	baseline
Cn216	NC_026746.1	108	0.3744186046511628	0.42798397029572105	0.1895225477214562	0.27033492822966504	0.5654213036565978	99.5	1621675	0.06659780782215918	113	6.6716999999999995	0.06968103966577767	-0.7494341771962169	baseline
Cn216	NC_026747.1	101	0.47161572052401746	0.44443436444985224	0.1600322880957323	0.3103448275862069	0.5384615384615384	190	1575141	0.06412124374897231	104	10.3782	0.06602583514745664	-0.2890674683471122	baseline
Cn216	NC_026748.1	389	0.48175182481751827	0.4660877721081818	0.1605696566471629	0.336322869955157	0.5841121495327103	217	1084805	0.35858979263554275	360.5	18.5325	0.3323177898331958	1.537838931606637	baseline
Cn216	NC_026749.1	297	0.4807692307692308	0.46483918818459463	0.1686335177003603	0.3317757009345794	0.5616438356164384	184	1814975	0.16363861761181284	297	33.3585	0.16363861761181284	0	baseline
Cn216	NC_026750.1	299	0.4470046082949309	0.4317193585287439	0.14521407458075736	0.33568841389795645	0.4865446500402253	218	1422463	0.2101987890018932	278	11.8608	0.1954356633529308	1.7705382436260624	baseline
Cn216	NC_026751.1	350	0.4492864424057085	0.44288689503977774	0.1550065312891176	0.31647371545768566	0.5416158536585366	207.5	1399503	0.2500887815174387	343	22.238999999999997	0.24508700588708993	0.31476235442241113	baseline
Cn216	NC_026752.1	320	0.4488753366070014	0.45480947827146606	0.18104626106260505	0.30860914105594955	0.5746010638297873	114	1398693	0.22878501572539506	298	14.0847	0.21305604589427415	1.5619786008931678	baseline
Cn216	NC_026753.1	326	0.3743225062463963	0.4140378902181213	0.16708668345532307	0.2857142857142857	0.5051378446115289	204	1186808	0.2746863856664262	318	17.7912	0.26794561546602313	0.44966050631773014	baseline
Cn216	NC_026754.1	158	0.335562407399992	0.37187167644319696	0.1781416583597882	0.21367676182195816	0.46779511470233115	204.5	1059964	0.1490616662452687	171.5	24.462899999999998	0.1617979478548328	-0.5518560759353961	baseline
Cn216	NC_026755.1	335	0.38095238095238093	0.41841907943614165	0.19324386697050888	0.2606673407482305	0.5403124643630972	189	1561994	0.21446945378791468	337.5	20.0151	0.2160699720997648	-0.12490569619936948	baseline
Cn216	NC_026756.1	353	0.3885350318471338	0.3942521444872516	0.1559025138994771	0.2676767676767677	0.4841628959276018	214	774062	0.4560358214199896	369	25.9455	0.47670600029455	-0.6166772658071727	baseline
Cn216	NC_026757.1	207	0.42857142857142855	0.454753887576346	0.19397046560832915	0.28573446327683616	0.584915611814346	202	756744	0.27354032539405665	208	21.4977	0.2748617762413709	-0.046516604101834155	baseline
Cn216	NC_026758.1	145	0.4	0.4075062557118686	0.17304000749756102	0.25757575757575757	0.4864864864864865	209	942867	0.1537862710223181	147	14.0847	0.15590746096745353	-0.1419980546266516	baseline
Cn217	NC_026745.1	232	0.36487873857120723	0.40898810224861243	0.1889285683920265	0.26509308510638296	0.5162598056433673	204.5	2291499	0.10124377099880909	220.5	31.875899999999998	0.09622522200533364	0.36077412716189977	baseline
Cn217	NC_026746.1	116	0.3528856063208519	0.41285582103151247	0.1834117527258328	0.25890518596123624	0.5604109589041096	76.5	1621675	0.07153097877194876	113	6.6716999999999995	0.06968103966577767	0.44966050631773014	baseline
Cn217	NC_026747.1	100	0.38187188084840923	0.40122930968342324	0.1655934864175633	0.2503612203325596	0.5083857684833903	197	1575141	0.06348637994947753	104	10.3782	0.06602583514745664	-0.385423291129483	baseline
Cn217	NC_026748.1	368	0.49021041437198526	0.470232232339607	0.17698012356825518	0.30141509433962266	0.6	216	1084805	0.3392314747811819	360.5	18.5325	0.3323177898331958	0.40469445568595713	baseline
Cn217	NC_026749.1	302	0.4444627102854951	0.4405102246547388	0.17212255919898403	0.2913187087124517	0.5454545454545454	204	1814975	0.16639347649416658	297	33.3585	0.16363861761181284	0.1498868354392434	baseline
Cn217	NC_026750.1	274	0.4388634630053394	0.4209340165406036	0.14188545200722605	0.3179293222041889	0.49563293574451717	222	1422463	0.1926236394197951	278	11.8608	0.1954356633529308	-0.3372453797382976	baseline
Cn217	NC_026751.1	327	0.4090909090909091	0.4312892288795821	0.15239866187099965	0.3230550284629981	0.5355386104581102	210	1399503	0.23365437587486415	343	22.238999999999997	0.24508700588708993	-0.7194568101083683	baseline
Cn217	NC_026752.1	309	0.44	0.44784604878385054	0.1744057234100144	0.3150684931506849	0.5636363636363636	90	1398693	0.22092053080983462	298	14.0847	0.21305604589427415	0.7809893004465839	baseline
Cn217	NC_026753.1	341	0.38235294117647056	0.4108774848217128	0.165008039475901	0.2774869109947644	0.5029239766081871	204	1186808	0.28732532979218206	318	17.7912	0.26794561546602313	1.292773955663474	baseline
Cn217	NC_026754.1	159	0.34375	0.3851461304714084	0.19269673574102258	0.21909467344249953	0.5024744572158366	209	1059964	0.15000509451264382	171.5	24.462899999999998	0.1617979478548328	-0.5109778480883297	baseline
Cn217	NC_026755.1	322	0.378544061302682	0.41515509107940163	0.18523318855798876	0.2794740777666999	0.507442888725129	181.5	1561994	0.2061467585662941	337.5	20.0151	0.2160699720997648	-0.7744153164360907	baseline
Cn217	NC_026756.1	375	0.3853211009174312	0.39824836179978973	0.15052978751051915	0.2754775681097898	0.5021460808694851	212	774062	0.4844573173725102	369	25.9455	0.47670600029455	0.2312539746776898	baseline
Cn217	NC_026757.1	188	0.3961610285139697	0.42191092440790373	0.17810263179820246	0.2675205254515599	0.5497137404580152	209	756744	0.24843275929508524	208	21.4977	0.2748617762413709	-0.930332082036683	baseline
Cn217	NC_026758.1	145	0.391304347826087	0.40964360824282486	0.1648013884727715	0.275	0.4780701754385965	203	942867	0.1537862710223181	147	14.0847	0.15590746096745353	-0.1419980546266516	baseline
Cn21701	NC_026745.1	169	0.4163265306122449	0.4363452876778025	0.16343077739154796	0.30392156862745096	0.5333333333333333	201	2291499	0.07375085042585662	220.5	31.875899999999998	0.09622522200533364	-1.6156406564206816	baseline
Cn21701	NC_026746.1	113	0.3412322274881517	0.4240603397985518	0.19779986873767355	0.27461139896373055	0.5724137931034483	65	1621675	0.06968103966577767	113	6.6716999999999995	0.06968103966577767	0	baseline
Cn21701	NC_026747.1	102	0.4042689983284043	0.4419651499988527	0.19109074272715154	0.27142857142857146	0.6316238448258353	185	1575141	0.06475610754846708	104	10.3782	0.06602583514745664	-0.1927116455647415	baseline
Cn21701	NC_026748.1	356	0.4873234916559692	0.48774963490548673	0.19106557085761075	0.3071174903817697	0.6886928628708902	215	1084805	0.3281695788644042	360.5	18.5325	0.3323177898331958	-0.24281667341157429	baseline
Cn21701	NC_026749.1	297	0.4488888888888889	0.45548340937722004	0.17631063216086146	0.3118811881188119	0.5555555555555556	188	1814975	0.16363861761181284	297	33.3585	0.16363861761181284	0	baseline
Cn21701	NC_026750.1	287	0.5374449339207048	0.4790761990173973	0.18280442954236203	0.2954545454545454	0.6314567075436641	223	1422463	0.20176271720248612	278	11.8608	0.1954356633529308	0.7588021044111696	baseline
Cn21701	NC_026751.1	358	0.4166666666666667	0.445549820354973	0.17307610675417598	0.31181158053564695	0.5897901010624514	197	1399503	0.2558050965235516	343	22.238999999999997	0.24508700588708993	0.6744907594765952	baseline
Cn21701	NC_026752.1	269	0.4647887323943662	0.4648421687184379	0.17247182372344175	0.3181818181818182	0.5882352941176471	75	1398693	0.19232240384416022	298	14.0847	0.21305604589427415	-2.0589717920864485	baseline
Cn21701	NC_026753.1	318	0.3852108036890646	0.4114240058484614	0.16822249734983674	0.27725867399519066	0.49206349206349204	194	1186808	0.26794561546602313	318	17.7912	0.26794561546602313	0	baseline
Cn21701	NC_026754.1	172	0.3503246753246753	0.37648625887406406	0.17683577069452594	0.22796934865900384	0.45518039591315457	183	1059964	0.16226966198852039	171.5	24.462899999999998	0.1617979478548328	0.02043911392353319	baseline
Cn21701	NC_026755.1	356	0.38153773351060233	0.40787629787490104	0.16561401543546456	0.2820302746566791	0.47995941146626075	187	1561994	0.2279138076074556	337.5	20.0151	0.2160699720997648	0.9243021518753342	baseline
Cn21701	NC_026756.1	380	0.368883027105694	0.4231680152174493	0.1837318809734312	0.27091808686091257	0.6067676453929217	200	774062	0.49091674827081033	369	25.9455	0.47670600029455	0.4239656202424313	baseline
Cn21701	NC_026757.1	190	0.4158415841584158	0.44221188832632397	0.1748922129542832	0.30104060123626986	0.5831611570247934	198	756744	0.25107566098971384	208	21.4977	0.2748617762413709	-0.8372988738330147	baseline
Cn21701	NC_026758.1	141	0.4166666666666667	0.42737980680301413	0.15053094571670805	0.29347826086956524	0.5121951219512195	182	942867	0.14954389113204727	147	14.0847	0.15590746096745353	-0.42599416387995487	baseline
Cn21702	NC_018792.1	1	0.2976190476190476	0.2976190476190476	NA	0.2976190476190476	0.2976190476190476	84	NA	NA	1	0	NA	NA	NA
Cn21702	NC_026745.1	231	0.3793103448275862	0.4092987175692732	0.1741773700889507	0.26239379257074646	0.5365880039331368	202	2291499	0.10080737543415905	220.5	31.875899999999998	0.09622522200533364	0.3294024639304302	baseline
Cn21702	NC_026746.1	113	0.3333333333333333	0.4093340529568904	0.1854268750495676	0.2648401826484018	0.5396825396825397	85	1621675	0.06968103966577767	113	6.6716999999999995	0.06968103966577767	0	baseline
Cn21702	NC_026747.1	95	0.3739495798319328	0.4082820362754466	0.15179016908734777	0.2967195767195767	0.5	190	1575141	0.06031206095200366	104	10.3782	0.06602583514745664	-0.8672024050413367	baseline
Cn21702	NC_026748.1	355	0.5041666666666667	0.47879734576155347	0.1716952372582443	0.31981981981981983	0.6158681173065523	219	1084805	0.3272477542046727	360.5	18.5325	0.3323177898331958	-0.2967759341697019	baseline
Cn21702	NC_026749.1	308	0.44491509610001867	0.4457726731472535	0.17234724835661988	0.29386409736308317	0.5598807178231002	192.5	1814975	0.16969930715299109	297	33.3585	0.16363861761181284	0.3297510379663354	baseline
Cn21702	NC_026750.1	275	0.4588744588744589	0.425036205396794	0.1384941467985046	0.30097316704459565	0.5	224	1422463	0.19332664540307903	278	11.8608	0.1954356633529308	-0.25293403480372323	baseline
Cn21702	NC_026751.1	337	0.39195979899497485	0.4232817347052977	0.15493131629117948	0.3	0.5294117647058824	211	1399503	0.24079976963250527	343	22.238999999999997	0.24508700588708993	-0.2697963037906381	baseline
Cn21702	NC_026752.1	282	0.44472222222222224	0.4527164693584792	0.1779295275427802	0.30703826169107223	0.589451827242525	83.5	1398693	0.2016167951080044	298	14.0847	0.21305604589427415	-1.1359844370132128	baseline
Cn21702	NC_026753.1	330	0.3977950928381963	0.4258517076102879	0.16611279804627782	0.2986842105263158	0.5151061513336962	208	1186808	0.27805677076662777	318	17.7912	0.26794561546602313	0.6744907594765952	baseline
Cn21702	NC_026754.1	164	0.3712632895559725	0.391764535038375	0.1738196108075198	0.22325971322849214	0.4783193080878916	206	1059964	0.1547222358495194	171.5	24.462899999999998	0.1617979478548328	-0.3065867088529978	baseline
Cn21702	NC_026755.1	317	0.4069264069264069	0.4248615492884697	0.18394480195889487	0.27235772357723576	0.5272727272727272	182	1561994	0.2029457219425939	337.5	20.0151	0.2160699720997648	-1.0242267088348296	baseline
Cn21702	NC_026756.1	390	0.3744747899159664	0.3868976396630449	0.15623922495372256	0.25421013412816695	0.49566104668904487	207	774062	0.5038356100674106	369	25.9455	0.47670600029455	0.8093889113719143	baseline
Cn21702	NC_026757.1	186	0.42997198879551823	0.42974472378798717	0.1684193539809252	0.27444620253164553	0.5333333333333333	216.5	756744	0.24578985760045668	208	21.4977	0.2748617762413709	-1.0233652902403514	baseline
Cn21702	NC_026758.1	135	0.3832599118942731	0.41883986416750507	0.1639444366264937	0.2865798739048555	0.5195466833021418	197	942867	0.143180321296641	147	14.0847	0.15590746096745353	-0.8519883277599097	baseline
Cn21703	NC_026745.1	201	0.415929203539823	0.4269254896750663	0.18268774472641724	0.26785714285714285	0.5411255411255411	214	2291499	0.08771550849465787	220.5	31.875899999999998	0.09622522200533364	-0.6117474330136561	baseline
Cn21703	NC_026746.1	110	0.4186991869918699	0.4424928836181909	0.18746825315123292	0.2789397920933647	0.6084798638684061	60	1621675	0.06783110055960657	113	6.6716999999999995	0.06968103966577767	-0.44966050631773014	baseline
Cn21703	NC_026747.1	98	0.3651029748283753	0.40420787669034924	0.1714203366115944	0.2605402542372881	0.5226974164355569	186	1575141	0.06221665235048798	104	10.3782	0.06602583514745664	-0.5781349366942244	baseline
Cn21703	NC_026748.1	366	0.49185897435897435	0.4723191416946936	0.17076051904097447	0.31443768996960486	0.6110385572139303	211	1084805	0.3373878254617189	360.5	18.5325	0.3323177898331958	0.2967759341697019	baseline
Cn21703	NC_026749.1	287	0.45121951219512196	0.44796922176908144	0.17216664122331987	0.29536390827517445	0.5742035742035743	189	1814975	0.15812889984710535	297	33.3585	0.16363861761181284	-0.2997736708784868	baseline
Cn21703	NC_026750.1	273	0.45228215767634855	0.436321789624603	0.14239331536473013	0.33624454148471616	0.5085470085470085	223	1422463	0.1919206334365112	278	11.8608	0.1954356633529308	-0.42155672467287203	baseline
Cn21703	NC_026751.1	329	0.4117647058823529	0.43179920049178205	0.15970623006651072	0.3	0.5294117647058824	213	1399503	0.23508345462639238	343	22.238999999999997	0.24508700588708993	-0.6295247088448223	baseline
Cn21703	NC_026752.1	303	0.44642857142857145	0.462702101067339	0.1844628902503552	0.3041244176486709	0.6141893273359231	88	1398693	0.21663081176498344	298	14.0847	0.21305604589427415	0.35499513656662907	baseline
Cn21703	NC_026753.1	307	0.38372093023255816	0.42318966894783905	0.17690219460927503	0.28387054992228555	0.5203036400219498	206	1186808	0.2586770564404689	318	17.7912	0.26794561546602313	-0.6182831961868789	baseline
Cn21703	NC_026754.1	169	0.33962264150943394	0.3871622826990799	0.18255610151038357	0.22272727272727272	0.49356223175965663	197	1059964	0.15943937718639503	171.5	24.462899999999998	0.1617979478548328	-0.10219556961766595	baseline
Cn21703	NC_026755.1	323	0.37606837606837606	0.4217968506644309	0.18618449282795893	0.27248929081389817	0.5511151498389997	191	1561994	0.20678696589103415	337.5	20.0151	0.2160699720997648	-0.724453037956343	baseline
Cn21703	NC_026756.1	372	0.3849384098544233	0.39828843161955235	0.15881696751218163	0.27009574321531893	0.4956512042818912	215	774062	0.4805816588335301	369	25.9455	0.47670600029455	0.1156269873388449	baseline
Cn21703	NC_026757.1	206	0.3728591352859135	0.42078071591965044	0.18252520055028	0.2631461675579323	0.5691964285714286	201	756744	0.2722188745467424	208	21.4977	0.2748617762413709	-0.09303320820366831	baseline
Cn21703	NC_026758.1	137	0.375	0.4136358378135671	0.17181941833053205	0.2796610169491525	0.5	201	942867	0.14530151124177643	147	14.0847	0.15590746096745353	-0.7099902731332581	baseline
Cn218	NC_026745.1	236	0.3747981747981748	0.42235317986288246	0.19263053319556214	0.2582661290322581	0.5784873188405797	194	2291499	0.10298935325740924	220.5	31.875899999999998	0.09622522200533364	0.48626078008777796	baseline
Cn218	NC_026746.1	112	0.35946698403927485	0.4282331758464109	0.19460818352596013	0.25925925925925924	0.6119554204660587	72.5	1621675	0.06906439329705398	113	6.6716999999999995	0.06968103966577767	-0.1498868354392434	baseline
Cn218	NC_026747.1	95	0.4117647058823529	0.4241490723720649	0.14982931526453833	0.3009500993099494	0.5349761526232115	191	1575141	0.06031206095200366	104	10.3782	0.06602583514745664	-0.8672024050413367	baseline
Cn218	NC_026748.1	365	0.48623853211009177	0.46253167559981384	0.16754227763970087	0.3101851851851852	0.5955056179775281	212	1084805	0.3364660008019874	360.5	18.5325	0.3323177898331958	0.24281667341157429	baseline
Cn218	NC_026749.1	343	0.4217391304347826	0.4302988695190044	0.17748475334315833	0.28348374158430023	0.5375234521575984	194	1814975	0.18898331932946735	297	33.3585	0.16363861761181284	1.3789588860410391	baseline
Cn218	NC_026750.1	282	0.4444444444444444	0.42562240367329557	0.13606503239453502	0.3355316558441558	0.4866593567251462	219	1422463	0.1982476872860665	278	11.8608	0.1954356633529308	0.3372453797382976	baseline
Cn218	NC_026751.1	340	0.4281894576012223	0.43817295449848187	0.153536358870927	0.32472811600383833	0.5421195652173914	194	1399503	0.2429433877597976	343	22.238999999999997	0.24508700588708993	-0.13489815189531906	baseline
Cn218	NC_026752.1	326	0.43453416149068325	0.4536679156126619	0.1868374365326423	0.2821029776674938	0.5932700993676603	87	1398693	0.23307473477024623	298	14.0847	0.21305604589427415	1.9879727647731227	baseline
Cn218	NC_026753.1	328	0.38507877664504175	0.41794262627543277	0.17127051949599534	0.2720276776552922	0.5034272300469484	195	1186808	0.276371578216527	318	17.7912	0.26794561546602313	0.5620756328971627	baseline
Cn218	NC_026754.1	177	0.32142857142857145	0.3569972065083749	0.16596273416584503	0.20098039215686275	0.4700460829493088	188	1059964	0.16698680332539598	171.5	24.462899999999998	0.1617979478548328	0.22483025315886507	baseline
Cn218	NC_026755.1	345	0.3738738738738739	0.4096001909806954	0.18823011943628118	0.2597402597402597	0.5	184	1561994	0.22087152703531512	337.5	20.0151	0.2160699720997648	0.3747170885981084	baseline
Cn218	NC_026756.1	382	0.36573967037685373	0.39110293509553234	0.14665629381611633	0.2830284552845528	0.4830464267083985	203	774062	0.4935005206301304	369	25.9455	0.47670600029455	0.5010502784683278	baseline
Cn218	NC_026757.1	218	0.3590693538826319	0.4039998977741169	0.18269592947967195	0.2525908844275637	0.5242316784869976	202	756744	0.28807628471451374	208	21.4977	0.2748617762413709	0.4651660410183415	baseline
Cn218	NC_026758.1	131	0.35294117647058826	0.38629423979663763	0.1616706297835835	0.24655963302752293	0.4766734279918864	188	942867	0.13893794140637014	147	14.0847	0.15590746096745353	-1.1359844370132128	baseline
Cn219	NC_026745.1	234	0.41118872839213827	0.400531641008208	0.13440956355295253	0.2978014184397163	0.48562462641960547	222	2291499	0.10211656212810917	220.5	31.875899999999998	0.09622522200533364	0.42351745362483884	baseline
Cn219	NC_026746.1	53	0.25925925925925924	0.2987041616865993	0.1065866322681445	0.22660098522167488	0.336734693877551	203	1621675	0.032682257542355896	113	6.6716999999999995	0.06968103966577767	-8.993210126354603	het_depleted
Cn219	NC_026747.1	59	0.36199095022624433	0.38320790549106476	0.1783925436353029	0.2378169712423856	0.42591362126245846	173	1575141	0.037456964170191745	104	10.3782	0.06602583514745664	-4.336012025206683	het_depleted
Cn219	NC_026748.1	97	0.36796536796536794	0.4519437606908028	0.22814289755804515	0.2571428571428571	0.7	167	1084805	0.08941699199395282	360.5	18.5325	0.3323177898331958	-14.218265209766628	het_depleted
Cn219	NC_026749.1	131	0.4026548672566372	0.38310412086124507	0.12676665813645677	0.2791668567778437	0.45916835620711166	221	1814975	0.07217730271766828	297	33.3585	0.16363861761181284	-4.97624293658288	het_depleted
Cn219	NC_026750.1	58	0.25670980110232444	0.2974939916221315	0.11087593786818867	0.21314102564102563	0.3365700483091787	223.5	1422463	0.040774347030467575	278	11.8608	0.1954356633529308	-18.548495885606368	het_depleted
Cn219	NC_026751.1	106	0.24514150943396226	0.28079347412499656	0.12480971392728259	0.2009865503990541	0.3117170135380885	198.5	1399503	0.07574117383099573	343	22.238999999999997	0.24508700588708993	-10.656953999730206	het_depleted
Cn219	NC_026752.1	117	0.29081632653061223	0.31996191156333187	0.12135946834741287	0.24663677130044842	0.35064935064935066	199	1398693	0.08364952137459757	298	14.0847	0.21305604589427415	-12.850823943711971	het_depleted
Cn219	NC_026753.1	116	0.40279180018436417	0.4135344440070833	0.1330096605445243	0.32321577920267636	0.49130287543870454	213	1186808	0.09774116790584492	318	17.7912	0.26794561546602313	-11.353927784522686	het_depleted
Cn219	NC_026754.1	54	0.3000165343915344	0.31333192114746383	0.11437271193074683	0.23691446687370601	0.32983404301779673	207	1059964	0.0509451264382564	171.5	24.462899999999998	0.1617979478548328	-4.803191772030299	het_depleted
Cn219	NC_026755.1	176	0.33408748114630465	0.33649260029712896	0.10991015888904378	0.24523573948206145	0.41428447761768267	207.5	1561994	0.11267648915424772	337.5	20.0151	0.2160699720997648	-8.068907974479268	het_depleted
Cn219	NC_026756.1	86	0.4209393229890075	0.4082462888507977	0.18335723370469917	0.24588453512636216	0.4951280519674457	226	774062	0.11110221145076234	369	25.9455	0.47670600029455	-10.907479138964367	het_depleted
Cn219	NC_026757.1	69	0.30666666666666664	0.3319587180734335	0.1306114770048483	0.23880597014925373	0.388646288209607	221	756744	0.09118010846468555	208	21.4977	0.2748617762413709	-6.465807970154947	het_depleted
Cn219	NC_026758.1	100	0.4186067303222115	0.4578916603777467	0.19789102568986458	0.2860606622189276	0.6322222222222222	128	942867	0.10605949725677111	147	14.0847	0.15590746096745353	-3.336954283726313	het_depleted
Cn22	NC_026745.1	249	0.3588235294117647	0.3940473762111452	0.18468141200132007	0.23770491803278687	0.5045045045045045	183	2291499	0.10866249559785975	220.5	31.875899999999998	0.09622522200533364	0.894092402096882	baseline
Cn22	NC_026746.1	130	0.36258426966292134	0.4464028350400432	0.20231742883834486	0.27798507462686567	0.6425336060783167	67.5	1621675	0.0801640279340805	113	6.6716999999999995	0.06968103966577767	2.5480762024671373	baseline
Cn22	NC_026747.1	103	0.40397350993377484	0.43125801452985263	0.16328359152849514	0.3169642857142857	0.5516347687400319	166	1575141	0.06539097134796186	104	10.3782	0.06602583514745664	-0.09635582278237075	baseline
Cn22	NC_026748.1	413	0.4682926829268293	0.43869028000308985	0.1764675814421094	0.2712765957446808	0.5922330097087378	194	1084805	0.3807135844690981	360.5	18.5325	0.3323177898331958	2.8328611898017	baseline
Cn22	NC_026749.1	298	0.36461862231803716	0.39636405187816937	0.17297701639212723	0.2556818181818182	0.4922174329501916	132	1814975	0.1641895893882836	297	33.3585	0.16363861761181284	0.029977367087848674	baseline
Cn22	NC_026750.1	287	0.4320388349514563	0.43021759701933926	0.14779483222937703	0.3429232267489044	0.5182743658210949	202	1422463	0.20176271720248612	278	11.8608	0.1954356633529308	0.7588021044111696	baseline
Cn22	NC_026751.1	359	0.3864734299516908	0.4069747326054504	0.1604393369750503	0.2777777777777778	0.5023148148148149	187	1399503	0.2565196358993157	343	22.238999999999997	0.24508700588708993	0.7194568101083683	baseline
Cn22	NC_026752.1	351	0.39705882352941174	0.4215883609821158	0.1723383454051555	0.2857142857142857	0.5427314968469963	89	1398693	0.25094856412379274	298	14.0847	0.21305604589427415	3.762948447606268	het_enriched
Cn22	NC_026753.1	346	0.39567418315692593	0.4268545649979908	0.17505249021548766	0.2800549450549451	0.5423280423280423	189.5	1186808	0.291538311167434	318	17.7912	0.26794561546602313	1.5738117721120555	baseline
Cn22	NC_026754.1	210	0.36617290256672197	0.37172257073763587	0.16521064161083876	0.22094017094017093	0.46928311548308854	181	1059964	0.19811993614877488	171.5	24.462899999999998	0.1617979478548328	1.5738117721120555	baseline
Cn22	NC_026755.1	376	0.35147123407992975	0.3958823406454665	0.18578325352660463	0.2447730749617542	0.5153639544625697	161	1561994	0.2407179541022565	337.5	20.0151	0.2160699720997648	1.9235477214702899	baseline
Cn22	NC_026756.1	401	0.35944700460829493	0.38261762475077155	0.1506241301838047	0.2711864406779661	0.46116504854368934	193	774062	0.5180463580436709	369	25.9455	0.47670600029455	1.2333545316143455	baseline
Cn22	NC_026757.1	268	0.3411460615088058	0.4116440029849125	0.20792938473680614	0.2419020815632965	0.5559071729957806	191	756744	0.35414882708022793	208	21.4977	0.2748617762413709	2.790996246110049	baseline
Cn22	NC_026758.1	161	0.3942307692307692	0.40794160001849783	0.15676620345869458	0.2857142857142857	0.4975369458128079	187	942867	0.17075579058340148	147	14.0847	0.15590746096745353	0.9939863823865613	baseline
Cn220	NC_026745.1	224	0.39454523016166854	0.39672804439595205	0.12413522427257269	0.29835884287168246	0.48695652173913045	224	2291499	0.09775260648160877	220.5	31.875899999999998	0.09622522200533364	0.1098008213101434	baseline
Cn220	NC_026746.1	60	0.29032874617737003	0.30929467908060765	0.12156515824182561	0.22110552763819097	0.3461104244901839	211.5	1621675	0.036998782123421774	113	6.6716999999999995	0.06968103966577767	-7.944002278279899	het_depleted
Cn220	NC_026747.1	51	0.37073170731707317	0.41883316607518684	0.18052389857929274	0.2827635327635327	0.45355009953550096	164	1575141	0.03237805377423354	104	10.3782	0.06602583514745664	-5.106858607465649	het_depleted
Cn220	NC_026748.1	94	0.3819444444444444	0.4428951865495581	0.22133397612050443	0.2577894736842105	0.6964149504195271	158.5	1084805	0.08665151801475841	360.5	18.5325	0.3323177898331958	-14.38014299204101	het_depleted
Cn220	NC_026749.1	132	0.4082710722929601	0.3823777336840032	0.13181908778236323	0.26623931623931624	0.46100673520028357	222	1814975	0.07272827449413904	297	33.3585	0.16363861761181284	-4.946265569495031	het_depleted
Cn220	NC_026750.1	56	0.26619680130116563	0.2981585207178002	0.10433880147944269	0.23245073891625617	0.3203343020458438	226	1422463	0.03936833506389973	278	11.8608	0.1954356633529308	-18.717118575475517	het_depleted
Cn220	NC_026751.1	83	0.25	0.28957400232081215	0.12049104525329818	0.20506325227216898	0.32961309523809523	203	1399503	0.05930676818842118	343	22.238999999999997	0.24508700588708993	-11.691173164260984	het_depleted
Cn220	NC_026752.1	112	0.2921367647420298	0.33191114265846217	0.12648856535624659	0.2554985082911261	0.36466275659824043	208.5	1398693	0.08007475550388828	298	14.0847	0.21305604589427415	-13.2058190802786	het_depleted
Cn220	NC_026753.1	112	0.3912992714365776	0.3995782903589776	0.1440590768146381	0.30136099532651256	0.49831838565022424	214	1186808	0.09437078280564337	318	17.7912	0.26794561546602313	-11.57875803768155	het_depleted
Cn220	NC_026754.1	53	0.2837209302325581	0.30817527706777414	0.13310808662981988	0.2112676056338028	0.33497536945812806	212	1059964	0.05000169817088128	171.5	24.462899999999998	0.1617979478548328	-4.844069999877366	het_depleted
Cn220	NC_026755.1	162	0.28894564473555573	0.31354988752767965	0.10047648047633208	0.23553652230122818	0.3978003978003978	217	1561994	0.1037135866078871	337.5	20.0151	0.2160699720997648	-8.768379873195737	het_depleted
Cn220	NC_026756.1	89	0.413953488372093	0.41244548172199524	0.17718145314094966	0.2583732057416268	0.5045454545454545	224	774062	0.11497786998974242	369	25.9455	0.47670600029455	-10.791852151625523	het_depleted
Cn220	NC_026757.1	84	0.2380542116773809	0.293354937441889	0.12996466267379095	0.20541141514380595	0.36057937995060046	216.5	756744	0.11100187117439979	208	21.4977	0.2748617762413709	-5.768058908627435	het_depleted
Cn220	NC_026758.1	96	0.43566303860421507	0.467633321680949	0.18825650005121597	0.30542168674698794	0.5911764705882353	124	942867	0.10181711736650026	147	14.0847	0.15590746096745353	-3.620950392979616	het_depleted
Cn221	NC_026745.1	214	0.388023598820059	0.42364531556852136	0.18032121689587302	0.2660997259621113	0.5425644478645633	206	2291499	0.09338865083510837	220.5	31.875899999999998	0.09622522200533364	-0.20391581100455206	baseline
Cn221	NC_026746.1	108	0.35714285714285715	0.42941259072376486	0.1969528939539311	0.2686951304237984	0.5587227414330218	81.5	1621675	0.06659780782215918	113	6.6716999999999995	0.06968103966577767	-0.7494341771962169	baseline
Cn221	NC_026747.1	98	0.376453488372093	0.42468129836262003	0.1778037603201796	0.2691866253664473	0.5405536668285575	199.5	1575141	0.06221665235048798	104	10.3782	0.06602583514745664	-0.5781349366942244	baseline
Cn221	NC_026748.1	366	0.4956321705200629	0.473671604641429	0.17242438564095694	0.3146619233006668	0.6006302521008403	217	1084805	0.3373878254617189	360.5	18.5325	0.3323177898331958	0.2967759341697019	baseline
Cn221	NC_026749.1	255	0.45689655172413796	0.45373548633002003	0.17610508359463853	0.28213197969543147	0.5779352226720648	123	1814975	0.14049780300004133	297	33.3585	0.16363861761181284	-1.2590494176896443	baseline
Cn221	NC_026750.1	268	0.4413978038750159	0.4227358187274734	0.13566716664228523	0.31572560040878894	0.5	223	1422463	0.18840560352009156	278	11.8608	0.1954356633529308	-0.8431134493457441	baseline
Cn221	NC_026751.1	360	0.4027637237541108	0.42697576765524126	0.16157222289811243	0.3020833333333333	0.5333333333333333	202	1399503	0.2572341752750798	343	22.238999999999997	0.24508700588708993	0.7644228607401413	baseline
Cn221	NC_026752.1	315	0.42857142857142855	0.44201017733839815	0.18016930582008953	0.30270935960591133	0.5692963752665245	92	1398693	0.22521024985468577	298	14.0847	0.21305604589427415	1.2069834643265387	baseline
Cn221	NC_026753.1	302	0.3977272727272727	0.42303018600932796	0.17712366136852192	0.2727272727272727	0.5211120401337792	208	1186808	0.25446407506521695	318	17.7912	0.26794561546602313	-0.8993210126354603	baseline
Cn221	NC_026754.1	170	0.3325652841781874	0.38682924309215483	0.18212530086004858	0.2455705173635719	0.4924835083155254	214.5	1059964	0.16038280545377015	171.5	24.462899999999998	0.1617979478548328	-0.06131734177059957	baseline
Cn221	NC_026755.1	308	0.36821052631578943	0.42084985666893243	0.18595992291669652	0.2722358189534992	0.5418552036199096	170	1561994	0.19718385601993352	337.5	20.0151	0.2160699720997648	-1.4738872151525597	baseline
Cn221	NC_026756.1	357	0.4067796610169492	0.40762464245029445	0.1551453544973353	0.2857142857142857	0.521551724137931	213	774062	0.4612033661386297	369	25.9455	0.47670600029455	-0.4625079493553796	baseline
Cn221	NC_026757.1	188	0.3818910256410256	0.4219549582949057	0.18333684235956516	0.2705676020408163	0.5470605597610945	214	756744	0.24843275929508524	208	21.4977	0.2748617762413709	-0.930332082036683	baseline
Cn221	NC_026758.1	126	0.39956140350877195	0.42112344114952277	0.15630329804325627	0.31684210526315787	0.47491538255990023	116	942867	0.1336349665435316	147	14.0847	0.15590746096745353	-1.490979573579842	baseline
Cn222	NC_026745.1	240	0.3680527274675812	0.41839117553346516	0.17758179068091978	0.2849143610013175	0.5347611973148454	210	2291499	0.1047349355160094	220.5	31.875899999999998	0.09622522200533364	0.6117474330136561	baseline
Cn222	NC_026746.1	102	0.4375	0.43863770169960237	0.1821804819946943	0.2871261303037329	0.5504256272401433	85.5	1621675	0.06289792960981701	113	6.6716999999999995	0.06968103966577767	-1.6487551898316772	baseline
Cn222	NC_026747.1	113	0.4377880184331797	0.43421304302396974	0.14445816875123985	0.3333333333333333	0.5244755244755245	184	1575141	0.07173960934290961	104	10.3782	0.06602583514745664	0.8672024050413367	baseline
Cn222	NC_026748.1	401	0.4898989898989899	0.47544122265163036	0.16513790840076764	0.32456140350877194	0.6	216	1084805	0.36965168855232045	360.5	18.5325	0.3323177898331958	2.1853500607041685	baseline
Cn222	NC_026749.1	302	0.3905066154020129	0.42858689846518105	0.1816221641914515	0.2633350422397076	0.5696064942212439	181.5	1814975	0.16639347649416658	297	33.3585	0.16363861761181284	0.1498868354392434	baseline
Cn222	NC_026750.1	275	0.4525862068965517	0.4337241037637673	0.13721447071551096	0.3477494121598925	0.49885844748858443	223	1422463	0.19332664540307903	278	11.8608	0.1954356633529308	-0.25293403480372323	baseline
Cn222	NC_026751.1	348	0.4401885034796427	0.44524556237874713	0.16057937893840454	0.3124162144909033	0.5464935226706527	211.5	1399503	0.24865970276591048	343	22.238999999999997	0.24508700588708993	0.2248302531588651	baseline
Cn222	NC_026752.1	321	0.4424778761061947	0.4470544934049502	0.1757077631638979	0.29464285714285715	0.5681818181818182	106	1398693	0.22949996889953692	298	14.0847	0.21305604589427415	1.6329776282064936	baseline
Cn222	NC_026753.1	315	0.3744292237442922	0.42464691207531347	0.17283566083734403	0.2898303881910439	0.5339366515837104	208	1186808	0.265417826640872	318	17.7912	0.26794561546602313	-0.1686226898691488	baseline
Cn222	NC_026754.1	124	0.34110710776285624	0.40111192767335857	0.18274216509530236	0.2553201073030109	0.4819176364016444	213	1059964	0.11698510515451468	171.5	24.462899999999998	0.1617979478548328	-1.941715822735653	baseline
Cn222	NC_026755.1	332	0.3707056025369979	0.41785926078450664	0.18390015989553254	0.27524211827735423	0.5531160201149425	182.5	1561994	0.21254883181369455	337.5	20.0151	0.2160699720997648	-0.27479253163861284	baseline
Cn222	NC_026756.1	358	0.40136369245958287	0.40137644391540883	0.15540950990120986	0.25878033205619416	0.5067745408865227	215.5	774062	0.46249525231828975	369	25.9455	0.47670600029455	-0.4239656202424313	baseline
Cn222	NC_026757.1	208	0.3997648529586856	0.42467198943922935	0.18441168676435143	0.2602054794520548	0.5496929541047189	209	756744	0.2748617762413709	208	21.4977	0.2748617762413709	0	baseline
Cn222	NC_026758.1	151	0.37628865979381443	0.40984079561412917	0.17703497181638064	0.26769456681350956	0.521055375347544	198	942867	0.16014984085772438	147	14.0847	0.15590746096745353	0.2839961092533032	baseline
Cn223	NC_026745.1	251	0.34146341463414637	0.3945296615623508	0.1766730329090738	0.2558092948717948	0.5174140678351924	195	2291499	0.10953528672715983	220.5	31.875899999999998	0.09622522200533364	0.9568357285598211	baseline
Cn223	NC_026746.1	126	0.36085106382978727	0.4392625871496618	0.1935986294223243	0.29164165666266506	0.5660766519162979	67	1621675	0.07769744245918572	113	6.6716999999999995	0.06968103966577767	1.948528860710164	baseline
Cn223	NC_026747.1	99	0.40375586854460094	0.4186976999541233	0.13777072095183462	0.3166977611940298	0.5100673194614443	175	1575141	0.06285151614998276	104	10.3782	0.06602583514745664	-0.4817791139118537	baseline
Cn223	NC_026748.1	389	0.5	0.4852592146789145	0.18222470809160973	0.3146551724137931	0.6468085106382979	206	1084805	0.35858979263554275	360.5	18.5325	0.3323177898331958	1.537838931606637	baseline
Cn223	NC_026749.1	361	0.39655172413793105	0.4231041413009934	0.18133900677850487	0.2647058823529412	0.5582329317269076	174	1814975	0.19890081130594087	297	33.3585	0.16363861761181284	1.9185514936223151	baseline
Cn223	NC_026750.1	270	0.45642110136144604	0.4328445600774512	0.12943430509104945	0.34659988510699413	0.5058530301333035	216	1422463	0.18981161548665942	278	11.8608	0.1954356633529308	-0.6744907594765952	baseline
Cn223	NC_026751.1	353	0.4166666666666667	0.4294351610879798	0.16335197189375467	0.2956521739130435	0.5333333333333333	194	1399503	0.25223239964473104	343	22.238999999999997	0.24508700588708993	0.4496605063177302	baseline
Cn223	NC_026752.1	308	0.42608431740426	0.44186262493707085	0.17061090707374646	0.2962962962962963	0.5702764976958525	92	1398693	0.22020557763569276	298	14.0847	0.21305604589427415	0.7099902731332581	baseline
Cn223	NC_026753.1	356	0.4073441708349365	0.42367015110494227	0.18132965969272308	0.2775056990405571	0.5281035090812908	193	1186808	0.29996427391793784	318	17.7912	0.26794561546602313	2.135887405009218	baseline
Cn223	NC_026754.1	188	0.3010625605006641	0.3494397833805188	0.17697655432607354	0.21236737400530503	0.46459359605911327	185	1059964	0.17736451426652228	171.5	24.462899999999998	0.1617979478548328	0.6744907594765952	baseline
Cn223	NC_026755.1	346	0.3645188690692877	0.40761266302673727	0.1902987558838601	0.2547248662680931	0.5174487772637145	185	1561994	0.22151173436005517	337.5	20.0151	0.2160699720997648	0.4246793670778562	baseline
Cn223	NC_026756.1	393	0.3826086956521739	0.40623228196020134	0.16510142138236067	0.2695035460992908	0.5209302325581395	193	774062	0.5077112686063907	369	25.9455	0.47670600029455	0.9250158987107592	baseline
Cn223	NC_026757.1	225	0.38	0.4158974543752087	0.19036656363788237	0.2558139534883721	0.5416666666666666	185	756744	0.29732644064571373	208	21.4977	0.2748617762413709	0.7907822697311806	baseline
Cn223	NC_026758.1	165	0.405982905982906	0.4198090437829808	0.1627266138302756	0.28761061946902655	0.5021834061135371	203	942867	0.17499817047367233	147	14.0847	0.15590746096745353	1.2779824916398645	baseline
Cn224	NC_026745.1	224	0.3589473684210526	0.4129869108689532	0.19113302494563583	0.25445934734513276	0.5380425095802513	199	2291499	0.09775260648160877	220.5	31.875899999999998	0.09622522200533364	0.1098008213101434	baseline
Cn224	NC_026746.1	118	0.32793496351299445	0.43325837978205695	0.2026378848865169	0.2773040519911022	0.6473360655737705	77	1621675	0.07276427150939616	113	6.6716999999999995	0.06968103966577767	0.7494341771962169	baseline
Cn224	NC_026747.1	109	0.3673469387755102	0.3992200123796581	0.17345275394239087	0.2625	0.5263157894736842	169	1575141	0.06920015414493051	104	10.3782	0.06602583514745664	0.4817791139118537	baseline
Cn224	NC_026748.1	358	0.49557210031347965	0.46979092991544036	0.1710185541108058	0.3067103109656301	0.6	217	1084805	0.33001322818386714	360.5	18.5325	0.3323177898331958	-0.13489815189531904	baseline
Cn224	NC_026749.1	310	0.45023998800059994	0.43475579310799795	0.1710707443903844	0.2989336492890995	0.5290789473684211	197	1814975	0.1708012507059326	297	33.3585	0.16363861761181284	0.3897057721420328	baseline
Cn224	NC_026750.1	277	0.431924882629108	0.42611566877475204	0.14539684666403427	0.3446601941747573	0.5068493150684932	221	1422463	0.19473265736964687	278	11.8608	0.1954356633529308	-0.0843113449345744	baseline
Cn224	NC_026751.1	361	0.42105263157894735	0.4295010908821909	0.15643401473235982	0.2966507177033493	0.5294117647058824	209	1399503	0.2579487146508439	343	22.238999999999997	0.24508700588708993	0.8093889113719143	baseline
Cn224	NC_026752.1	305	0.42857142857142855	0.4493600482555335	0.18073342590414399	0.3125	0.5773809523809523	105	1398693	0.2180607181132672	298	14.0847	0.21305604589427415	0.49699319119328067	baseline
Cn224	NC_026753.1	315	0.3920704845814978	0.42125680514981206	0.18607794327719576	0.2656331665795565	0.5299640983153825	206	1186808	0.265417826640872	318	17.7912	0.26794561546602313	-0.1686226898691488	baseline
Cn224	NC_026754.1	206	0.31746194981489095	0.36338843099363793	0.17591895208552763	0.21644110472893224	0.4700320512820513	189	1059964	0.1943462230792744	171.5	24.462899999999998	0.1617979478548328	1.41029886072379	baseline
Cn224	NC_026755.1	374	0.3726851851851852	0.42059094067506303	0.2039044153333016	0.2583027133973997	0.5693262411347517	179	1561994	0.2394375394527764	337.5	20.0151	0.2160699720997648	1.8236231645107943	baseline
Cn224	NC_026756.1	376	0.3738636363636364	0.38905309229000046	0.15131839568403568	0.2596200096200096	0.4792118278438388	211.5	774062	0.4857492035521702	369	25.9455	0.47670600029455	0.26979630379063807	baseline
Cn224	NC_026757.1	221	0.3512396694214876	0.40698206743848186	0.19553770415887287	0.23737373737373738	0.5375	188	756744	0.2920406372564566	208	21.4977	0.2748617762413709	0.604715853323844	baseline
Cn224	NC_026758.1	129	0.3425925925925926	0.40085774355057496	0.17144417954775173	0.27611940298507465	0.48497854077253216	196	942867	0.13681675146123473	147	14.0847	0.15590746096745353	-1.2779824916398645	baseline
Cn225	NC_026745.1	237	0.38073394495412843	0.40774288229062744	0.17871369202534076	0.25742574257425743	0.5431034482758621	202	2291499	0.10342574882205928	220.5	31.875899999999998	0.09622522200533364	0.5176324433192475	baseline
Cn225	NC_026746.1	112	0.3333333333333333	0.42709956300367785	0.1989578738998614	0.2629204527339391	0.6226519016697588	77	1621675	0.06906439329705398	113	6.6716999999999995	0.06968103966577767	-0.1498868354392434	baseline
Cn225	NC_026747.1	106	0.3944444444444445	0.4210446805868401	0.15096010428749218	0.30461418922957384	0.5219458707744973	168	1575141	0.06729556274644619	104	10.3782	0.06602583514745664	0.1927116455647415	baseline
Cn225	NC_026748.1	373	0.4666666666666667	0.4651842114145246	0.1820221429350069	0.2882882882882883	0.614406779661017	211	1084805	0.3438405980798392	360.5	18.5325	0.3323177898331958	0.6744907594765952	baseline
Cn225	NC_026749.1	320	0.41753835425383545	0.43169420910473744	0.18300806120824992	0.28349581571909244	0.545553791186979	180	1814975	0.1763109684706401	297	33.3585	0.16363861761181284	0.6894794430205196	baseline
Cn225	NC_026750.1	279	0.4434782608695652	0.42009655608820123	0.1406167594966987	0.3137108465492246	0.4866961651917404	218	1422463	0.19613866933621474	278	11.8608	0.1954356633529308	0.0843113449345744	baseline
Cn225	NC_026751.1	349	0.39285714285714285	0.42111179765252443	0.15167974155376948	0.2975609756097561	0.5172413793103449	200	1399503	0.24937424214167458	343	22.238999999999997	0.24508700588708993	0.2697963037906381	baseline
Cn225	NC_026752.1	312	0.40625	0.44051027087588257	0.1791392465902988	0.2955131230261009	0.5833333333333334	87	1398693	0.2230653903322602	298	14.0847	0.21305604589427415	0.9939863823865613	baseline
Cn225	NC_026753.1	343	0.375	0.4075506101754953	0.17359272475448395	0.277379282708876	0.49772727272727274	192	1186808	0.2890105223422828	318	17.7912	0.26794561546602313	1.4051890822429065	baseline
Cn225	NC_026754.1	179	0.37209302325581395	0.39349091297237276	0.17312680941998598	0.2591527142531923	0.4825881381691277	198	1059964	0.1688736598601462	171.5	24.462899999999998	0.1617979478548328	0.3065867088529978	baseline
Cn225	NC_026755.1	358	0.36971411554496725	0.40688402870360935	0.18378451021654976	0.2634305972184347	0.5154421542553191	186	1561994	0.2291942222569357	337.5	20.0151	0.2160699720997648	1.0242267088348296	baseline
Cn225	NC_026756.1	363	0.3623853211009174	0.3921304541596908	0.15202260708254775	0.2546439628482972	0.502222397819087	200	774062	0.4689546832165899	369	25.9455	0.47670600029455	-0.2312539746776898	baseline
Cn225	NC_026757.1	189	0.3787878787878788	0.4172064133641918	0.18331186837591382	0.2535211267605634	0.5413223140495868	193	756744	0.24975421014239954	208	21.4977	0.2748617762413709	-0.8838154779348489	baseline
Cn225	NC_026758.1	140	0.35124934929724105	0.39729853503936796	0.1729758367873032	0.26444980977465615	0.4863241199589884	207	942867	0.14848329615947956	147	14.0847	0.15590746096745353	-0.49699319119328067	baseline
Cn22501	NC_026745.1	213	0.40384615384615385	0.4268376681700547	0.1889853244093416	0.2708333333333333	0.5521739130434783	206	2291499	0.09295225527045835	220.5	31.875899999999998	0.09622522200533364	-0.2352874742360216	baseline
Cn22501	NC_026746.1	115	0.3333333333333333	0.42973261059895274	0.19990501784978865	0.27963150207841814	0.6321160042964554	70	1621675	0.07091433240322506	113	6.6716999999999995	0.06968103966577767	0.2997736708784868	baseline
Cn22501	NC_026747.1	101	0.40186915887850466	0.41073902588651	0.15949444931959966	0.26785714285714285	0.5130434782608696	175	1575141	0.06412124374897231	104	10.3782	0.06602583514745664	-0.2890674683471122	baseline
Cn22501	NC_026748.1	361	0.48205128205128206	0.469060267772176	0.1640650152890481	0.3333333333333333	0.5875	213	1084805	0.33277870216306155	360.5	18.5325	0.3323177898331958	0.02697963037906381	baseline
Cn22501	NC_026749.1	286	0.40873646755999693	0.43172876539461025	0.1936431703261691	0.2516025641025641	0.5875286041189932	197.5	1814975	0.1575779280706346	297	33.3585	0.16363861761181284	-0.3297510379663354	baseline
Cn22501	NC_026750.1	269	0.46320346320346323	0.4400414161685424	0.14089929237650664	0.34065934065934067	0.5045871559633027	225	1422463	0.1891086095033755	278	11.8608	0.1954356633529308	-0.7588021044111696	baseline
Cn22501	NC_026751.1	352	0.39026295235615727	0.4195248561952992	0.1570190307147859	0.3026151930261519	0.5297619047619048	207.5	1399503	0.25151786026896694	343	22.238999999999997	0.24508700588708993	0.40469445568595713	baseline
Cn22501	NC_026752.1	298	0.44320436507936506	0.45290934438344416	0.17424726903327267	0.31566673212882956	0.5653328995879419	93.5	1398693	0.21305604589427415	298	14.0847	0.21305604589427415	0	baseline
Cn22501	NC_026753.1	331	0.3981042654028436	0.4231323773501551	0.16977911895633147	0.3006550218340611	0.5	200	1186808	0.27889936704167817	318	17.7912	0.26794561546602313	0.7306983227663114	baseline
Cn22501	NC_026754.1	168	0.38373420301671424	0.4084601613070617	0.1829444235730536	0.25168918918918914	0.5263157894736842	210	1059964	0.1584959489190199	171.5	24.462899999999998	0.1617979478548328	-0.1430737974647323	baseline
Cn22501	NC_026755.1	321	0.3917525773195876	0.43210597865439226	0.17668913589421661	0.2857142857142857	0.5454545454545454	187	1561994	0.20550655124155406	337.5	20.0151	0.2160699720997648	-0.8243775949158385	baseline
Cn22501	NC_026756.1	366	0.379788838612368	0.3895680346317256	0.15866217694449786	0.24453124999999998	0.48863426097254087	210.5	774062	0.47283034175557	369	25.9455	0.47670600029455	-0.1156269873388449	baseline
Cn22501	NC_026757.1	202	0.3624904507257448	0.417638068912937	0.17979767860818235	0.2744449692961738	0.5589318441163249	207	756744	0.2669330711574852	208	21.4977	0.2748617762413709	-0.2790996246110049	baseline
Cn22501	NC_026758.1	138	0.3808654227868202	0.407205536409312	0.1682922849310504	0.28665413533834583	0.4922346259302781	204.5	942867	0.14636210621434412	147	14.0847	0.15590746096745353	-0.6389912458199323	baseline
Cn22502	NC_018792.1	1	0.28378378378378377	0.28378378378378377	NA	0.28378378378378377	0.28378378378378377	74	NA	NA	1	0	NA	NA	NA
Cn22502	NC_026745.1	223	0.4019607843137255	0.4268580915908786	0.1855976209822645	0.25864905284147555	0.55160447537943	202	2291499	0.09731621091695873	220.5	31.875899999999998	0.09622522200533364	0.07842915807867386	baseline
Cn22502	NC_026746.1	110	0.34292763157894735	0.42532071053107384	0.19095659729999773	0.2781120570639669	0.6135828625235406	82.5	1621675	0.06783110055960657	113	6.6716999999999995	0.06968103966577767	-0.44966050631773014	baseline
Cn22502	NC_026747.1	97	0.3695652173913043	0.3951352711471004	0.17393230214057767	0.25287356321839083	0.5084745762711864	180	1575141	0.06158178855099321	104	10.3782	0.06602583514745664	-0.6744907594765952	baseline
Cn22502	NC_026748.1	361	0.5	0.4802078299837207	0.17564133735920817	0.3302325581395349	0.6186440677966102	212	1084805	0.33277870216306155	360.5	18.5325	0.3323177898331958	0.02697963037906381	baseline
Cn22502	NC_026749.1	297	0.4267241379310345	0.4412881629148322	0.1728433034575515	0.3	0.5714285714285714	167	1814975	0.16363861761181284	297	33.3585	0.16363861761181284	0	baseline
Cn22502	NC_026750.1	292	0.44793264880601125	0.42994243762759277	0.15065045055008677	0.3094971699355008	0.5176778699257967	223	1422463	0.20527774711890573	278	11.8608	0.1954356633529308	1.1803588290840417	baseline
Cn22502	NC_026751.1	325	0.3991031390134529	0.42883889580864193	0.16451991644689015	0.2798165137614679	0.5384615384615384	207	1399503	0.23222529712333595	343	22.238999999999997	0.24508700588708993	-0.8093889113719143	baseline
Cn22502	NC_026752.1	278	0.4212506133129804	0.4587258091253571	0.1807971690265556	0.3151090604026846	0.6052631578947368	79	1398693	0.19875698241143697	298	14.0847	0.21305604589427415	-1.4199805462665163	baseline
Cn22502	NC_026753.1	329	0.3793103448275862	0.4142724751281512	0.1661767398650524	0.28187919463087246	0.5151515151515151	208	1186808	0.2772141744915774	318	17.7912	0.26794561546602313	0.6182831961868789	baseline
Cn22502	NC_026754.1	166	0.3383067677031617	0.39171827530360814	0.17364160899913963	0.25817245817245815	0.49185769539172686	207	1059964	0.15660909238426965	171.5	24.462899999999998	0.1617979478548328	-0.22483025315886507	baseline
Cn22502	NC_026755.1	338	0.3815190702242593	0.42197611049156925	0.19313136059174935	0.26283482142857145	0.5361990950226244	190	1561994	0.21639007576213481	337.5	20.0151	0.2160699720997648	0.024981139239873894	baseline
Cn22502	NC_026756.1	360	0.38095238095238093	0.39337463050688404	0.14843338305112397	0.26171768707482995	0.4976850376977806	210.5	774062	0.4650790246776098	369	25.9455	0.47670600029455	-0.3468809620165347	baseline
Cn22502	NC_026757.1	197	0.3739495798319328	0.40838042228621513	0.16535246057282438	0.25833333333333336	0.5313807531380753	205	756744	0.2603258169209138	208	21.4977	0.2748617762413709	-0.5116826451201757	baseline
Cn22502	NC_026758.1	137	0.3755656108597285	0.4029360326088221	0.1586491230248465	0.28270042194092826	0.4889867841409692	203	942867	0.14530151124177643	147	14.0847	0.15590746096745353	-0.7099902731332581	baseline
Cn22503	NC_018792.1	1	0.3389830508474576	0.3389830508474576	NA	0.3389830508474576	0.3389830508474576	59	NA	NA	1	0	NA	NA	NA
Cn22503	NC_026745.1	216	0.3903697996918336	0.4127975719834976	0.1806029979313337	0.25923728637148985	0.5314911879974032	202.5	2291499	0.09426144196440846	220.5	31.875899999999998	0.09622522200533364	-0.14117248454161296	baseline
Cn22503	NC_026746.1	108	0.3517697026899481	0.41801863237206993	0.18063870401605803	0.26338414350776096	0.5721884498480243	69	1621675	0.06659780782215918	113	6.6716999999999995	0.06968103966577767	-0.7494341771962169	baseline
Cn22503	NC_026747.1	89	0.39285714285714285	0.4238296775174684	0.15397840848366293	0.3127962085308057	0.5150214592274678	181	1575141	0.056502878155035005	104	10.3782	0.06602583514745664	-1.445337341735561	baseline
Cn22503	NC_026748.1	338	0.5	0.48068996365491984	0.17260845244104342	0.3209231805929919	0.6146590909090909	220	1084805	0.31157673498923766	360.5	18.5325	0.3323177898331958	-1.2140833670578715	baseline
Cn22503	NC_026749.1	307	0.4153846153846154	0.4247866073549666	0.17483654563545842	0.2743427365189023	0.52653238033355	182	1814975	0.16914833537652035	297	33.3585	0.16363861761181284	0.2997736708784868	baseline
Cn22503	NC_026750.1	272	0.45970222948080064	0.4339685426927477	0.13522460238818365	0.31923617619493905	0.5108225108225108	223	1422463	0.19121762745322726	278	11.8608	0.1954356633529308	-0.5058680696074465	baseline
Cn22503	NC_026751.1	341	0.4090909090909091	0.43260070624562147	0.16131995775629895	0.30845771144278605	0.5454545454545454	206	1399503	0.2436579271355617	343	22.238999999999997	0.24508700588708993	-0.08993210126354603	baseline
Cn22503	NC_026752.1	289	0.42424242424242425	0.4586434312498178	0.17877017512636464	0.3111111111111111	0.6058823529411764	92	1398693	0.20662146732699743	298	14.0847	0.21305604589427415	-0.6389912458199323	baseline
Cn22503	NC_026753.1	322	0.40081967213114755	0.4258775092603998	0.17324949786614038	0.28609422492401215	0.5034722222222222	207	1186808	0.2713160005662247	318	17.7912	0.26794561546602313	0.22483025315886507	baseline
Cn22503	NC_026754.1	176	0.35743321718931476	0.3848069882367013	0.17446266947568778	0.24423352830813375	0.4786278735632184	204	1059964	0.16604337505802086	171.5	24.462899999999998	0.1617979478548328	0.1839520253117987	baseline
Cn22503	NC_026755.1	332	0.3895663956639567	0.4202179186455196	0.18500461294248707	0.2708252802473908	0.5251433038040646	197.5	1561994	0.21254883181369455	337.5	20.0151	0.2160699720997648	-0.27479253163861284	baseline
Cn22503	NC_026756.1	383	0.3584905660377358	0.3853137482933943	0.14837917784613058	0.2598454636091725	0.491736086494151	208	774062	0.4947924068097904	369	25.9455	0.47670600029455	0.5395926075812761	baseline
Cn22503	NC_026757.1	205	0.3728813559322034	0.42330107443093135	0.18908307841154684	0.2631578947368421	0.573170731707317	191	756744	0.27089742369942804	208	21.4977	0.2748617762413709	-0.13954981230550245	baseline
Cn22503	NC_026758.1	137	0.375	0.42056503474434875	0.16904208753740285	0.3062200956937799	0.5	207	942867	0.14530151124177643	147	14.0847	0.15590746096745353	-0.7099902731332581	baseline
Cn226	NC_026745.1	222	0.3777211050370949	0.4008642350050882	0.17606907250418344	0.24880573248407645	0.5131443684348248	198	2291499	0.09687981535230869	220.5	31.875899999999998	0.09622522200533364	0.04705749484720432	baseline
Cn226	NC_026746.1	104	0.36106346483704976	0.4343864285436286	0.19063387273327664	0.26748164218958614	0.6370365912373616	83	1621675	0.0641312223472644	113	6.6716999999999995	0.06968103966577767	-1.3489815189531904	baseline
Cn226	NC_026747.1	105	0.375	0.4059911414582906	0.151415007539139	0.2894736842105263	0.5263157894736842	180	1575141	0.06666069894695141	104	10.3782	0.06602583514745664	0.09635582278237075	baseline
Cn226	NC_026748.1	373	0.47391304347826085	0.46296314959405466	0.18286655630961196	0.2894736842105263	0.6266666666666667	218	1084805	0.3438405980798392	360.5	18.5325	0.3323177898331958	0.6744907594765952	baseline
Cn226	NC_026749.1	322	0.4327516492870824	0.4370555386754713	0.1874771571469176	0.2784379535558781	0.5555555555555556	199.5	1814975	0.1774129120235816	297	33.3585	0.16363861761181284	0.7494341771962169	baseline
Cn226	NC_026750.1	268	0.4535118180799821	0.43003865988029377	0.1356635804440691	0.3267140468227425	0.5087719298245614	222	1422463	0.18840560352009156	278	11.8608	0.1954356633529308	-0.8431134493457441	baseline
Cn226	NC_026751.1	329	0.43103448275862066	0.43508163249686294	0.16177732803754213	0.29646017699115046	0.5517241379310345	211	1399503	0.23508345462639238	343	22.238999999999997	0.24508700588708993	-0.6295247088448223	baseline
Cn226	NC_026752.1	268	0.4484969053934571	0.46647053722456167	0.1681295214809416	0.35294117647058826	0.5870910698496905	88	1398693	0.19160745067001836	298	14.0847	0.21305604589427415	-2.1299708193997744	baseline
Cn226	NC_026753.1	280	0.375	0.40517258977879966	0.16985887953842807	0.2600202942668696	0.5	205	1186808	0.23592695701410843	318	17.7912	0.26794561546602313	-2.135887405009218	baseline
Cn226	NC_026754.1	184	0.3215909090909091	0.37845617358887607	0.176218583986828	0.2462111801242236	0.4974132570575799	200.5	1059964	0.1735908011970218	171.5	24.462899999999998	0.1617979478548328	0.5109778480883297	baseline
Cn226	NC_026755.1	294	0.34096145789694177	0.3975581706848289	0.19600150172116984	0.2338235294117647	0.5157309941520468	199.5	1561994	0.1882209534735729	337.5	20.0151	0.2160699720997648	-2.173359113869029	baseline
Cn226	NC_026756.1	306	0.4164673046251994	0.4073708084275266	0.1662271956828446	0.24375	0.5196962719737317	212	774062	0.3953171709759683	369	25.9455	0.47670600029455	-2.428166734115743	baseline
Cn226	NC_026757.1	187	0.375	0.42514733619249573	0.19740702501848204	0.26091880341880347	0.5543735224586288	212	756744	0.24711130844777096	208	21.4977	0.2748617762413709	-0.9768486861385173	baseline
Cn226	NC_026758.1	148	0.3699647387988195	0.4007785519157092	0.1615201785108565	0.2914903167885084	0.47222170806648656	211	942867	0.15696805594002125	147	14.0847	0.15590746096745353	0.0709990273133258	baseline
Cn22601	NC_026745.1	180	0.3751008516360377	0.40798159628347136	0.17795049109471098	0.25193277310924367	0.5257471859231466	182	2291499	0.07855120163700705	220.5	31.875899999999998	0.09622522200533364	-1.2705523608745166	baseline
Cn22601	NC_026746.1	102	0.35693563984097987	0.4060583705114818	0.15960654240535588	0.2804038487599946	0.5466666666666666	87	1621675	0.06289792960981701	113	6.6716999999999995	0.06968103966577767	-1.6487551898316772	baseline
Cn22601	NC_026747.1	111	0.37777777777777777	0.42180667008064576	0.16954894393763176	0.27636363636363637	0.5380392156862746	148	1575141	0.07046988174392006	104	10.3782	0.06602583514745664	0.6744907594765952	baseline
Cn22601	NC_026748.1	290	0.4481503345139709	0.44857178393942865	0.17094081395471325	0.31389289578074286	0.5544782087165134	233	1084805	0.267329151322127	360.5	18.5325	0.3323177898331958	-3.804127883447997	het_depleted
Cn22601	NC_026749.1	337	0.4306930693069307	0.4340155038997988	0.18473109693774128	0.26222222222222225	0.5652173913043478	170	1814975	0.18567748867064285	297	33.3585	0.16363861761181284	1.199094683513947	baseline
Cn22601	NC_026750.1	285	0.5355648535564853	0.4895140011230896	0.18544188150008395	0.32085561497326204	0.6595744680851063	220	1422463	0.20035670523591828	278	11.8608	0.1954356633529308	0.5901794145420208	baseline
Cn22601	NC_026751.1	357	0.41284403669724773	0.4462164996805777	0.1770058551830028	0.2972972972972973	0.6176470588235294	191	1399503	0.2550905571477875	343	22.238999999999997	0.24508700588708993	0.6295247088448223	baseline
Cn22601	NC_026752.1	290	0.42028241335044925	0.4519502535809847	0.17402130966224205	0.3175	0.5953276047261009	77	1398693	0.2073364205011393	298	14.0847	0.21305604589427415	-0.5679922185066064	baseline
Cn22601	NC_026753.1	288	0.3836342229199372	0.42451805341073295	0.19246939157065393	0.2561374795417348	0.5499808807596711	175	1186808	0.24266772721451152	318	17.7912	0.26794561546602313	-1.686226898691488	baseline
Cn22601	NC_026754.1	195	0.3486238532110092	0.38303435324268276	0.17768430998002563	0.2314067148321292	0.5108695652173914	177	1059964	0.1839685121381481	171.5	24.462899999999998	0.1617979478548328	0.9606383544060599	baseline
Cn22601	NC_026755.1	330	0.35604077423449154	0.39939165298379886	0.1704018326451531	0.2679515806792808	0.498015873015873	181.5	1561994	0.21126841716421446	337.5	20.0151	0.2160699720997648	-0.3747170885981084	baseline
Cn22601	NC_026756.1	302	0.4040159441953164	0.39753917823327267	0.16645162689525744	0.25049212598425197	0.4960060667340748	199.5	774062	0.39014962625732824	369	25.9455	0.47670600029455	-2.5823360505675357	baseline
Cn22601	NC_026757.1	203	0.4056603773584906	0.4355923161695848	0.18351368534006446	0.25906548800288653	0.5898623279098874	195	756744	0.2682545220047995	208	21.4977	0.2748617762413709	-0.23258302050917076	baseline
Cn22601	NC_026758.1	149	0.35714285714285715	0.38988145701877397	0.15579095867326673	0.27044025157232704	0.4767932489451477	193	942867	0.15802865091258894	147	14.0847	0.15590746096745353	0.1419980546266516	baseline
Cn22602	NC_026745.1	250	0.391164994425864	0.4138880805909354	0.18202422329442405	0.26366676359406804	0.5394190871369294	184.5	2291499	0.10909889116250979	220.5	31.875899999999998	0.09622522200533364	0.9254640653283516	baseline
Cn22602	NC_026746.1	117	0.3191489361702128	0.40501527065408777	0.18501790042155736	0.2564102564102564	0.5714285714285714	89	1621675	0.07214762514067245	113	6.6716999999999995	0.06968103966577767	0.5995473417569736	baseline
Cn22602	NC_026747.1	106	0.36245483741469287	0.40021551446479614	0.15895611503266122	0.2694906444906445	0.5126575495155621	152.5	1575141	0.06729556274644619	104	10.3782	0.06602583514745664	0.1927116455647415	baseline
Cn22602	NC_026748.1	384	0.4762069673182494	0.4701394844831406	0.17684947934554207	0.30429258241758245	0.6111111111111112	203.5	1084805	0.35398066933688543	360.5	18.5325	0.3323177898331958	1.268042627815999	baseline
Cn22602	NC_026749.1	326	0.43371242727860376	0.44858349222787675	0.1824574701870923	0.296892057860262	0.5792307692307692	178.5	1814975	0.1796167991294646	297	33.3585	0.16363861761181284	0.8693436455476116	baseline
Cn22602	NC_026750.1	283	0.4577777777777778	0.43627920439379375	0.1453171867736026	0.33730676743387156	0.5054788961038961	215	1422463	0.19895069326935041	278	11.8608	0.1954356633529308	0.42155672467287203	baseline
Cn22602	NC_026751.1	343	0.40930232558139534	0.4305367340886655	0.1600545093218548	0.3014486726277119	0.5431034482758621	186	1399503	0.24508700588708993	343	22.238999999999997	0.24508700588708993	0	baseline
Cn22602	NC_026752.1	291	0.4166666666666667	0.4417929631607543	0.17481457820933727	0.3071480406386067	0.5584415584415584	91	1398693	0.20805137367528115	298	14.0847	0.21305604589427415	-0.49699319119328067	baseline
Cn22602	NC_026753.1	291	0.39267015706806285	0.4191598212776855	0.17914382513476043	0.26726190476190476	0.5118526008313673	188	1186808	0.2451955160396627	318	17.7912	0.26794561546602313	-1.5176042088223392	baseline
Cn22602	NC_026754.1	214	0.34375	0.3740812435718194	0.18304649939156203	0.21222527472527472	0.47751085323092335	173	1059964	0.20189364921827535	171.5	24.462899999999998	0.1617979478548328	1.737324683500321	baseline
Cn22602	NC_026755.1	346	0.3524705882352941	0.3921520985462377	0.17740835922566367	0.2502659574468085	0.5	184	1561994	0.22151173436005517	337.5	20.0151	0.2160699720997648	0.4246793670778562	baseline
Cn22602	NC_026756.1	321	0.38095238095238093	0.40374826320349216	0.15100467878344953	0.2777777777777778	0.5063829787234042	205	774062	0.41469546367086874	369	25.9455	0.47670600029455	-1.8500317974215184	baseline
Cn22602	NC_026757.1	208	0.4391304347826087	0.44601091991088326	0.20056108983989052	0.2647690655209452	0.6187449556093624	197.5	756744	0.2748617762413709	208	21.4977	0.2748617762413709	0	baseline
Cn22602	NC_026758.1	157	0.35323383084577115	0.3962257044304458	0.17148296703082935	0.25443786982248523	0.4931506849315068	184	942867	0.16651341069313064	147	14.0847	0.15590746096745353	0.7099902731332581	baseline
Cn22603	NC_026745.1	215	0.3593073593073593	0.4045567850095994	0.17681498063608925	0.2566502463054187	0.5068183226926176	207	2291499	0.09382504639975842	220.5	31.875899999999998	0.09622522200533364	-0.1725441477730825	baseline
Cn22603	NC_026746.1	103	0.3157894736842105	0.41387811765791405	0.19676019169402947	0.257627765064836	0.5989278752436646	92	1621675	0.06351457597854071	113	6.6716999999999995	0.06968103966577767	-1.4988683543924337	baseline
Cn22603	NC_026747.1	97	0.3853211009174312	0.4091789138440138	0.14989822258896401	0.2857142857142857	0.5047169811320755	168	1575141	0.06158178855099321	104	10.3782	0.06602583514745664	-0.6744907594765952	baseline
Cn22603	NC_026748.1	362	0.4867595818815331	0.45447824435697537	0.16975473618925416	0.29532050518289055	0.5724736813495442	222.5	1084805	0.333700526822793	360.5	18.5325	0.3323177898331958	0.08093889113719142	baseline
Cn22603	NC_026749.1	291	0.4703389830508475	0.46309936943982394	0.18620622960105834	0.30625271385149805	0.5968613721515876	196	1814975	0.16033278695298833	297	33.3585	0.16363861761181284	-0.17986420252709204	baseline
Cn22603	NC_026750.1	258	0.45396499211038127	0.44633566225345067	0.13847810613520578	0.3608883018722403	0.5042644502390266	228	1422463	0.18137554368725234	278	11.8608	0.1954356633529308	-1.6862268986914881	baseline
Cn22603	NC_026751.1	358	0.4166666666666667	0.4369577500946842	0.1577449909885394	0.3161269110636199	0.5393964046192309	213.5	1399503	0.2558050965235516	343	22.238999999999997	0.24508700588708993	0.6744907594765952	baseline
Cn22603	NC_026752.1	283	0.4368932038834951	0.4506924572575094	0.1677090067071122	0.3112207602339181	0.5588235294117647	87	1398693	0.20233174828214626	298	14.0847	0.21305604589427415	-1.0649854096998872	baseline
Cn22603	NC_026753.1	270	0.3787900768895981	0.41972759061962783	0.19040123132825568	0.2584648458494161	0.5291548933984074	213	1186808	0.22750099426360457	318	17.7912	0.26794561546602313	-2.697963037906381	baseline
Cn22603	NC_026754.1	183	0.3686635944700461	0.4053895369964833	0.18378288468518997	0.2642882231923328	0.5239651416122004	206	1059964	0.1726473729296467	171.5	24.462899999999998	0.1617979478548328	0.47009962024126334	baseline
Cn22603	NC_026755.1	289	0.375	0.4295543350039389	0.19523538125112613	0.2631578947368421	0.5384615384615384	198	1561994	0.18501991684987268	337.5	20.0151	0.2160699720997648	-2.423170506267768	baseline
Cn22603	NC_026756.1	296	0.41531875431331955	0.40004661852036205	0.15957078602035135	0.2574926253687316	0.5	219	774062	0.38239830917936807	369	25.9455	0.47670600029455	-2.8135900252452255	baseline
Cn22603	NC_026757.1	201	0.39344262295081966	0.4319633256969533	0.18287398690949583	0.2689075630252101	0.5405405405405406	203	756744	0.26561162031017094	208	21.4977	0.2748617762413709	-0.3256162287128391	baseline
Cn22603	NC_026758.1	151	0.3656387665198238	0.39727968289841936	0.15338366514307586	0.2727272727272727	0.49566106104246027	210	942867	0.16014984085772438	147	14.0847	0.15590746096745353	0.2839961092533032	baseline
Cn23	NC_026745.1	227	0.43119266055045874	0.41567121183127126	0.13185874008659115	0.324723738516842	0.4954742791612058	209	2291499	0.0990617931755589	220.5	31.875899999999998	0.09622522200533364	0.20391581100455206	baseline
Cn23	NC_026746.1	89	0.30612244897959184	0.35497527026141756	0.1504214823665533	0.2554347826086957	0.43333333333333335	165	1621675	0.05488152681640896	113	6.6716999999999995	0.06968103966577767	-3.597284050541841	het_depleted
Cn23	NC_026747.1	49	0.47317073170731705	0.4762261056163571	0.1878812373005983	0.3333333333333333	0.57847533632287	86	1575141	0.03110832617524399	104	10.3782	0.06602583514745664	-5.2995702530303905	het_depleted
Cn23	NC_026748.1	135	0.3409090909090909	0.432267434415702	0.21249595881739614	0.26042118975249673	0.6585714285714286	147	1084805	0.12444632906374878	360.5	18.5325	0.3323177898331958	-12.167813300957778	het_depleted
Cn23	NC_026749.1	99	0.39473684210526316	0.41650700915861233	0.18179536887553388	0.2773651396042288	0.5175757575757576	144	1814975	0.054546205870604283	297	33.3585	0.16363861761181284	-5.935518683394037	het_depleted
Cn23	NC_026750.1	133	0.34101382488479265	0.40040798636171643	0.1875129656747489	0.26842105263157895	0.5163934426229508	123	1422463	0.09349979577676186	278	11.8608	0.1954356633529308	-12.225145015513288	het_depleted
Cn23	NC_026751.1	89	0.2930232558139535	0.3204335617084037	0.14655378375644287	0.20408163265306123	0.3869346733668342	178	1399503	0.06359400444300584	343	22.238999999999997	0.24508700588708993	-11.421376860470346	het_depleted
Cn23	NC_026752.1	155	0.24260355029585798	0.27335074603344334	0.11036724366800191	0.2057928531546622	0.3077726507451518	163	1398693	0.11081774199198824	298	14.0847	0.21305604589427415	-10.152860905805591	het_depleted
Cn23	NC_026753.1	131	0.38202247191011235	0.3858059224806678	0.14271054584713722	0.27660215831675405	0.44974664803886816	174	1186808	0.11038011203160072	318	17.7912	0.26794561546602313	-10.510814335176942	het_depleted
Cn23	NC_026754.1	108	0.286692759295499	0.31130140780040766	0.10286492744703282	0.2372466216216216	0.3660140982691234	178	1059964	0.1018902528765128	171.5	24.462899999999998	0.1617979478548328	-2.595767468288715	baseline
Cn23	NC_026755.1	162	0.30000000000000004	0.32984845518804495	0.1173456531085591	0.241427741185587	0.40659217138323195	185	1561994	0.1037135866078871	337.5	20.0151	0.2160699720997648	-8.768379873195737	het_depleted
Cn23	NC_026756.1	167	0.3155080213903743	0.3492942738091784	0.14885760690341784	0.2376916868442292	0.42126436781609194	201	774062	0.21574499200322456	369	25.9455	0.47670600029455	-7.785550480815556	het_depleted
Cn23	NC_026757.1	74	0.26679841897233203	0.2929220163252285	0.1102704816572501	0.2273109243697479	0.32896618799702504	180	756744	0.09778736270125696	208	21.4977	0.2748617762413709	-6.233224949645777	het_depleted
Cn23	NC_026758.1	81	0.36231884057971014	0.3883658620337937	0.1486031061353823	0.28225806451612906	0.4410480349344978	122	942867	0.0859081927779846	147	14.0847	0.15590746096745353	-4.685935802679503	het_depleted
Cn24	NC_026745.1	270	0.34511993382961126	0.3965185259511755	0.17812532623723087	0.25209113607990014	0.5265493615696045	167	2291499	0.11782680245551057	220.5	31.875899999999998	0.09622522200533364	1.5528973299577424	baseline
Cn24	NC_026746.1	128	0.31482519049753477	0.4186766537914333	0.2111095042827347	0.2367224880382775	0.5994184998196899	72.5	1621675	0.07893073519663311	113	6.6716999999999995	0.06968103966577767	2.2483025315886507	baseline
Cn24	NC_026747.1	106	0.3790491118077325	0.4201013466205028	0.1877578071765673	0.2645953118089341	0.5694343727338651	160	1575141	0.06729556274644619	104	10.3782	0.06602583514745664	0.1927116455647415	baseline
Cn24	NC_026748.1	399	0.47761194029850745	0.45897620404030276	0.17925314094037945	0.2916666666666667	0.5984463654457416	185	1084805	0.3678080392328575	360.5	18.5325	0.3323177898331958	2.0774315391879132	baseline
Cn24	NC_026749.1	281	0.36597938144329895	0.4060226422234547	0.17850641432675646	0.25462962962962965	0.5303030303030303	101	1814975	0.15482306918828084	297	33.3585	0.16363861761181284	-0.4796378734055788	baseline
Cn24	NC_026750.1	318	0.45351707116413	0.418022701977974	0.16926829970748855	0.26892059553349873	0.5162188952693464	191	1422463	0.22355590268428774	278	11.8608	0.1954356633529308	3.3724537973829762	het_enriched
Cn24	NC_026751.1	362	0.392314990512334	0.4138578264502396	0.16344874078374425	0.28519668737060044	0.5132139528691253	169	1399503	0.258663254026608	343	22.238999999999997	0.24508700588708993	0.8543549620036873	baseline
Cn24	NC_026752.1	327	0.4117647058823529	0.42148438885818834	0.16794725427170187	0.29016129032258065	0.5339176829268293	81	1398693	0.2337896879443881	298	14.0847	0.21305604589427415	2.0589717920864485	baseline
Cn24	NC_026753.1	387	0.38095238095238093	0.41256896009972066	0.17904885134662055	0.27532123960695387	0.5035802296926581	166	1186808	0.32608475844449986	318	17.7912	0.26794561546602313	3.8783218669904223	het_enriched
Cn24	NC_026754.1	223	0.33879781420765026	0.38856358790561046	0.1907951405816381	0.23478991596638654	0.4872875880338567	161	1059964	0.21038450362465141	171.5	24.462899999999998	0.1617979478548328	2.1052287341239184	baseline
Cn24	NC_026755.1	344	0.36363636363636365	0.4104264474670596	0.183318706478222	0.2645180906050471	0.5189909297052153	144	1561994	0.22023131971057508	337.5	20.0151	0.2160699720997648	0.32475481011836066	baseline
Cn24	NC_026756.1	405	0.3492822966507177	0.37094352659041596	0.1508164702467983	0.24456521739130435	0.45569620253164556	179	774062	0.5232139027623111	369	25.9455	0.47670600029455	1.3875238480661387	baseline
Cn24	NC_026757.1	248	0.3548387096774194	0.41766682171746283	0.20380180262359782	0.23076923076923078	0.5614635904830569	165.5	756744	0.32771981013394225	208	21.4977	0.2748617762413709	1.860664164073366	baseline
Cn24	NC_026758.1	141	0.36231884057971014	0.3857720637773492	0.15847853844664692	0.2631578947368421	0.4482758620689655	157	942867	0.14954389113204727	147	14.0847	0.15590746096745353	-0.42599416387995487	baseline
Cn25	NC_018792.1	1	0.5555555555555556	0.5555555555555556	NA	0.5555555555555556	0.5555555555555556	36	NA	NA	1	0	NA	NA	NA
Cn25	NC_026745.1	299	0.3565217391304348	0.3962048717898432	0.18907483748004364	0.23562285644292014	0.5454712011908851	178	2291499	0.1304822738303617	220.5	31.875899999999998	0.09622522200533364	2.4626755636703592	baseline
Cn25	NC_026746.1	144	0.3793103448275862	0.4517355140161867	0.22131909205124992	0.26292802236198465	0.6922165672165672	70.5	1621675	0.08879707709621225	113	6.6716999999999995	0.06968103966577767	4.646491898616545	het_enriched
Cn25	NC_026747.1	120	0.3634896996773393	0.416961186132245	0.17631457663669514	0.2804459691252144	0.5454545454545454	157	1575141	0.07618365593937304	104	10.3782	0.06602583514745664	1.541693164517932	baseline
Cn25	NC_026748.1	390	0.4334808259587021	0.4332733347395299	0.1670725198968345	0.28553845087025864	0.555792381892754	192.5	1084805	0.35951161729527426	360.5	18.5325	0.3323177898331958	1.5917981923647646	baseline
Cn25	NC_026749.1	379	0.3791469194312796	0.3972042493597602	0.1655150422868778	0.2631358885017422	0.48185749200977623	163	1814975	0.20881830328241438	297	33.3585	0.16363861761181284	2.458144101203591	baseline
Cn25	NC_026750.1	305	0.42105263157894735	0.41361293880345595	0.1560549865624258	0.3177570093457944	0.5142857142857142	201	1422463	0.21441682490159675	278	11.8608	0.1954356633529308	2.2764063132335086	baseline
Cn25	NC_026751.1	355	0.4	0.4158524486440242	0.16305627982406148	0.29539566650965615	0.5166761202495747	183	1399503	0.25366147839625924	343	22.238999999999997	0.24508700588708993	0.5395926075812763	baseline
Cn25	NC_026752.1	341	0.4	0.41908743739051896	0.18380050156503233	0.25806451612903225	0.543859649122807	93	1398693	0.24379903238237413	298	14.0847	0.21305604589427415	3.0529581744730097	het_enriched
Cn25	NC_026753.1	336	0.3763294682127149	0.4052423919527651	0.17891982367169942	0.25657586898395723	0.46706349206349207	186	1186808	0.2831123484169301	318	17.7912	0.26794561546602313	1.0117361392148927	baseline
Cn25	NC_026754.1	203	0.35638297872340424	0.38807727355711424	0.17421384482478514	0.24661636813914645	0.4881140350877193	178	1059964	0.19151593827714905	171.5	24.462899999999998	0.1617979478548328	1.287664177182591	baseline
Cn25	NC_026755.1	365	0.35406698564593303	0.39857430850980646	0.18991592136815677	0.2573099415204678	0.5	171	1561994	0.233675673530116	337.5	20.0151	0.2160699720997648	1.3739626581930642	baseline
Cn25	NC_026756.1	382	0.32475089677162217	0.3678000528453221	0.16278644283863572	0.24440402353689566	0.4582240470645913	188	774062	0.4935005206301304	369	25.9455	0.47670600029455	0.5010502784683278	baseline
Cn25	NC_026757.1	243	0.38028169014084506	0.41617898802731285	0.19461953029776244	0.2606456724103783	0.5393729493255559	192	756744	0.3211125558973708	208	21.4977	0.2748617762413709	1.6280811435641953	baseline
Cn25	NC_026758.1	142	0.3535118628141884	0.3864114688544124	0.1781060419973479	0.25193550961768696	0.4706803247004252	185	942867	0.15060448610461497	147	14.0847	0.15590746096745353	-0.35499513656662907	baseline
Cn26	NC_018792.1	1	0.3258426966292135	0.3258426966292135	NA	0.3258426966292135	0.3258426966292135	89	NA	NA	1	0	NA	NA	NA
Cn26	NC_026745.1	266	0.33815350389321464	0.3836574626135387	0.18208868098963793	0.2463054187192118	0.47800750523201274	156	2291499	0.11608122019691042	220.5	31.875899999999998	0.09622522200533364	1.4274106770318642	baseline
Cn26	NC_026746.1	127	0.3684210526315789	0.4346195844626211	0.20207316718715482	0.25	0.6300169587337479	53	1621675	0.07831408882790941	113	6.6716999999999995	0.06968103966577767	2.098415696149407	baseline
Cn26	NC_026747.1	96	0.42691645133505596	0.42229629071690217	0.15081475738401948	0.2857142857142857	0.5320210110255876	137	1575141	0.06094692475149843	104	10.3782	0.06602583514745664	-0.770846582258966	baseline
Cn26	NC_026748.1	378	0.47147897677153777	0.45807482228513613	0.17361200084893902	0.2926636171710063	0.5928803107355944	175	1084805	0.34844972137849656	360.5	18.5325	0.3323177898331958	0.9442870632672333	baseline
Cn26	NC_026749.1	319	0.39408866995073893	0.4013049167633765	0.1615181890022398	0.2727272727272727	0.4950796850998464	122	1814975	0.17575999669416936	297	33.3585	0.16363861761181284	0.6595020759326709	baseline
Cn26	NC_026750.1	290	0.44883610245759775	0.42946995850304426	0.14807970318179825	0.3069090389907066	0.5260153809180486	201	1422463	0.2038717351523379	278	11.8608	0.1954356633529308	1.011736139214893	baseline
Cn26	NC_026751.1	333	0.392	0.4155322452895392	0.1702782718682347	0.27979274611398963	0.521551724137931	179	1399503	0.23794161212944884	343	22.238999999999997	0.24508700588708993	-0.4496605063177302	baseline
Cn26	NC_026752.1	323	0.3939393939393939	0.427002006776764	0.1773670514717852	0.27852622061482823	0.5454545454545454	71	1398693	0.23092987524782066	298	14.0847	0.21305604589427415	1.774975682833145	baseline
Cn26	NC_026753.1	332	0.37664340204512253	0.4041863051710197	0.16933635355164828	0.27179291968024366	0.5093954248366013	182	1186808	0.27974196331672857	318	17.7912	0.26794561546602313	0.7869058860560277	baseline
Cn26	NC_026754.1	173	0.30851063829787234	0.36512553541132076	0.19506621446760075	0.18796992481203006	0.45384615384615384	150	1059964	0.1632130902558955	171.5	24.462899999999998	0.1617979478548328	0.06131734177059957	baseline
Cn26	NC_026755.1	358	0.378984479305741	0.41000440188662995	0.1906514629902838	0.24893156588978832	0.5256668734491315	158.5	1561994	0.2291942222569357	337.5	20.0151	0.2160699720997648	1.0242267088348296	baseline
Cn26	NC_026756.1	330	0.29894728000671944	0.34568134717735904	0.16645482529693792	0.21881247500999598	0.4101852794461977	164	774062	0.426322439287809	369	25.9455	0.47670600029455	-1.5031508354049836	baseline
Cn26	NC_026757.1	230	0.4604514272111493	0.4556910918289933	0.20752544388711214	0.2630143579048689	0.6428571428571429	172	756744	0.30393369488228517	208	21.4977	0.2748617762413709	1.0233652902403514	baseline
Cn26	NC_026758.1	161	0.36018957345971564	0.38924753419852914	0.15553106502423367	0.2682926829268293	0.467005076142132	176	942867	0.17075579058340148	147	14.0847	0.15590746096745353	0.9939863823865613	baseline
Cn27	NC_026745.1	212	0.36257631257631256	0.4070501162704446	0.17711809942575285	0.25735502121640735	0.5245535714285715	210	2291499	0.0925158597058083	220.5	31.875899999999998	0.09622522200533364	-0.26665913746749115	baseline
Cn27	NC_026746.1	121	0.3482142857142857	0.43640862956235904	0.21545684854268932	0.25	0.6428571428571429	91	1621675	0.07461421061556724	113	6.6716999999999995	0.06968103966577767	1.199094683513947	baseline
Cn27	NC_026747.1	108	0.37680041152263377	0.423262166602114	0.1801751695630675	0.2835036496350365	0.5300965481886535	199	1575141	0.06856529034543574	104	10.3782	0.06602583514745664	0.385423291129483	baseline
Cn27	NC_026748.1	382	0.4657102157102157	0.44758675354203725	0.168051275887301	0.30137800252844504	0.5434522106166834	216	1084805	0.3521370200174225	360.5	18.5325	0.3323177898331958	1.1601241062997438	baseline
Cn27	NC_026749.1	343	0.4009009009009009	0.41659217526614106	0.16391925822784442	0.29876033057851237	0.5122486547720193	195	1814975	0.18898331932946735	297	33.3585	0.16363861761181284	1.3789588860410391	baseline
Cn27	NC_026750.1	295	0.4349775784753363	0.4309762134847851	0.15832971883593222	0.3137302930435557	0.5087337909992372	220	1422463	0.2073867650687575	278	11.8608	0.1954356633529308	1.433292863887765	baseline
Cn27	NC_026751.1	368	0.41324173636001593	0.42461144400990786	0.16210627613396475	0.28742449531076136	0.5281862745098039	209	1399503	0.2629504902811927	343	22.238999999999997	0.24508700588708993	1.1241512657943253	baseline
Cn27	NC_026752.1	342	0.40314608971814214	0.4305095408339432	0.18640151830684068	0.2786454893673227	0.572246455834242	111.5	1398693	0.244513985556516	298	14.0847	0.21305604589427415	3.1239572017863355	het_enriched
Cn27	NC_026753.1	312	0.385349025974026	0.4293704208865569	0.18921885684403594	0.27312775330396477	0.5359718466125789	212	1186808	0.26289003781572085	318	17.7912	0.26794561546602313	-0.3372453797382976	baseline
Cn27	NC_026754.1	154	0.3521446966038951	0.39074755406522627	0.18781310691914058	0.2354983660130719	0.49056014127544745	215	1059964	0.14528795317576823	171.5	24.462899999999998	0.1617979478548328	-0.7153689873236616	baseline
Cn27	NC_026755.1	352	0.39110671936758895	0.42584601251719	0.1937333760927097	0.25471238219044523	0.5733082706766917	183.5	1561994	0.22535297830849543	337.5	20.0151	0.2160699720997648	0.724453037956343	baseline
Cn27	NC_026756.1	277	0.30837004405286345	0.3763169196108524	0.19009976473910367	0.23214285714285715	0.41125541125541126	225	774062	0.3578524717658275	369	25.9455	0.47670600029455	-3.5458942783912435	het_depleted
Cn27	NC_026757.1	253	0.4358974358974359	0.45996131552527947	0.20752605297760104	0.2682926829268293	0.6284403669724771	204	756744	0.3343270643705137	208	21.4977	0.2748617762413709	2.093247184582537	baseline
Cn27	NC_026758.1	155	0.40404040404040403	0.42530910163864566	0.15405349709050598	0.3127265563435776	0.5090709912566291	203	942867	0.16439222074799523	147	14.0847	0.15590746096745353	0.5679922185066064	baseline
Cn28	NC_026745.1	248	0.34476367006487485	0.3830339170272201	0.17579892832327756	0.24080840046029917	0.5094777562862669	196.5	2291499	0.10822610003320972	220.5	31.875899999999998	0.09622522200533364	0.8627207388654125	baseline
Cn28	NC_026746.1	121	0.38461538461538464	0.4382274405721511	0.19497998745904122	0.26136363636363635	0.6	87	1621675	0.07461421061556724	113	6.6716999999999995	0.06968103966577767	1.199094683513947	baseline
Cn28	NC_026747.1	128	0.3948412698412698	0.4101843318818537	0.17588387191781438	0.2563618653354438	0.5285079684923979	181	1575141	0.08126256633533124	104	10.3782	0.06602583514745664	2.3125397467768978	baseline
Cn28	NC_026748.1	386	0.4630427796366661	0.4473405240863243	0.16704122000848895	0.29348133484162897	0.5676051980198019	204.5	1084805	0.35582431865634834	360.5	18.5325	0.3323177898331958	1.3759611493322543	baseline
Cn28	NC_026749.1	358	0.3749217842138196	0.4149244552338238	0.18048284244218551	0.26666666666666666	0.5351293809367834	183	1814975	0.19724789597652861	297	33.3585	0.16363861761181284	1.8286193923587692	baseline
Cn28	NC_026750.1	308	0.4496510249769545	0.43434457366642076	0.15344524443914093	0.3156108597285068	0.5139213395638629	212	1422463	0.21652584285144852	278	11.8608	0.1954356633529308	2.529340348037232	baseline
Cn28	NC_026751.1	367	0.40119760479041916	0.4227405739918696	0.1652110213845584	0.29604031520745355	0.5226728110599078	201	1399503	0.26223595090542856	343	22.238999999999997	0.24508700588708993	1.0791852151625525	baseline
Cn28	NC_026752.1	336	0.42284798534798534	0.43831730804117347	0.1857126346621007	0.28680223445726	0.5664918414918415	97	1398693	0.2402242665116648	298	14.0847	0.21305604589427415	2.697963037906381	baseline
Cn28	NC_026753.1	327	0.3813953488372093	0.41902724257588203	0.1846012868996417	0.2860877209216248	0.5159592529711375	202	1186808	0.2755289819414766	318	17.7912	0.26794561546602313	0.5058680696074463	baseline
Cn28	NC_026754.1	201	0.3010204081632653	0.3571717729309226	0.18239052747103404	0.2112676056338028	0.4411764705882353	194	1059964	0.18962908174239881	171.5	24.462899999999998	0.1617979478548328	1.2059077214884582	baseline
Cn28	NC_026755.1	369	0.36199095022624433	0.40621534192172337	0.187646828064825	0.25	0.5253456221198156	177	1561994	0.23623650282907618	337.5	20.0151	0.2160699720997648	1.5738117721120555	baseline
Cn28	NC_026756.1	373	0.37438423645320196	0.3867771577445273	0.1630652930803725	0.2374429223744292	0.4808743169398907	200	774062	0.48187354501319013	369	25.9455	0.47670600029455	0.1541693164517932	baseline
Cn28	NC_026757.1	241	0.38095238095238093	0.4310466407752334	0.19979822894083035	0.2698412698412698	0.5784313725490197	192	756744	0.31846965420274226	208	21.4977	0.2748617762413709	1.535047935360527	baseline
Cn28	NC_026758.1	167	0.3783783783783784	0.39797250278073054	0.1583418904450018	0.271780303030303	0.48091419406575786	198	942867	0.17711936041880774	147	14.0847	0.15590746096745353	1.4199805462665163	baseline
Cn29	NC_026745.1	233	0.3333333333333333	0.3903706376430762	0.18527863630896632	0.23809523809523808	0.5263157894736842	200	2291499	0.10168016656345913	220.5	31.875899999999998	0.09622522200533364	0.39214579039336933	baseline
Cn29	NC_026746.1	120	0.3514705882352941	0.4254283288496031	0.2205112671445743	0.2368379521494855	0.6270551698940445	83.5	1621675	0.07399756424684355	113	6.6716999999999995	0.06968103966577767	1.0492078480747036	baseline
Cn29	NC_026747.1	115	0.3526315789473684	0.4056019112380653	0.16910748836250833	0.2877051499717035	0.49890940965427266	196	1575141	0.07300933694189916	104	10.3782	0.06602583514745664	1.0599140506060782	baseline
Cn29	NC_026748.1	376	0.4622102788041653	0.45027974205549687	0.16701563838113848	0.3076923076923077	0.5546497584541064	215	1084805	0.34660607205903365	360.5	18.5325	0.3323177898331958	0.8363685417509781	baseline
Cn29	NC_026749.1	351	0.40444444444444444	0.4165813426000798	0.17495459472616415	0.2675747467259698	0.5205090881946777	188	1814975	0.19339109354123335	297	33.3585	0.16363861761181284	1.6187778227438285	baseline
Cn29	NC_026750.1	276	0.4521143537820131	0.42928321658173263	0.14030123447208526	0.3306703407233561	0.49584131545338445	218	1422463	0.19402965138636297	278	11.8608	0.1954356633529308	-0.1686226898691488	baseline
Cn29	NC_026751.1	344	0.3950956937799043	0.4272279202307304	0.16503231071800115	0.2948837358684481	0.5326388888888889	209.5	1399503	0.24580154526285403	343	22.238999999999997	0.24508700588708993	0.044966050631773016	baseline
Cn29	NC_026752.1	382	0.40720663265306123	0.42306345317238	0.1835640528873667	0.2643787303309821	0.5550314465408805	102	1398693	0.27311211252219036	298	14.0847	0.21305604589427415	5.963918294319368	het_enriched
Cn29	NC_026753.1	330	0.36854118692683713	0.4127824736993308	0.17773718791274823	0.2790270885028949	0.5343803056027164	209	1186808	0.27805677076662777	318	17.7912	0.26794561546602313	0.6744907594765952	baseline
Cn29	NC_026754.1	188	0.35896878532301535	0.3848757380114721	0.2012877656575142	0.2025324483152243	0.5012376237623762	203	1059964	0.17736451426652228	171.5	24.462899999999998	0.1617979478548328	0.6744907594765952	baseline
Cn29	NC_026755.1	330	0.375	0.4185451890298243	0.19441142115112633	0.2459763948497854	0.5859133126934984	180.5	1561994	0.21126841716421446	337.5	20.0151	0.2160699720997648	-0.3747170885981084	baseline
Cn29	NC_026756.1	362	0.3584445371142619	0.3876571042520716	0.16774362698606277	0.2471457257601836	0.4933952528379773	211	774062	0.46766279703692987	369	25.9455	0.47670600029455	-0.26979630379063807	baseline
Cn29	NC_026757.1	199	0.4	0.43350229197718254	0.1909371906998689	0.27518115942028987	0.6069767441860465	214	756744	0.2629687186155424	208	21.4977	0.2748617762413709	-0.41864943691650736	baseline
Cn29	NC_026758.1	139	0.35714285714285715	0.39285298540780295	0.16587856644993013	0.25737126245847175	0.4823920265780731	203	942867	0.14742270118691184	147	14.0847	0.15590746096745353	-0.5679922185066064	baseline
Cn3	NC_018792.1	1	0.7088607594936709	0.7088607594936709	NA	0.7088607594936709	0.7088607594936709	79	NA	NA	1	0	NA	NA	NA
Cn3	NC_026745.1	284	0.3416874221668742	0.38913196780375686	0.17336830452672033	0.25201612903225806	0.5024511711150884	180	2291499	0.12393634036061112	220.5	31.875899999999998	0.09622522200533364	1.992100615198316	baseline
Cn3	NC_026746.1	125	0.33507853403141363	0.4357497602445235	0.20668297670377314	0.2777777777777778	0.6169154228855721	96	1621675	0.07708079609046202	113	6.6716999999999995	0.06968103966577767	1.7986420252709205	baseline
Cn3	NC_026747.1	122	0.42661448140900193	0.42110289601141665	0.175554547055793	0.2682418944035245	0.5380826070481243	160	1575141	0.07745338353836259	104	10.3782	0.06602583514745664	1.7344048100826734	baseline
Cn3	NC_026748.1	413	0.4690721649484536	0.46101783268388197	0.1707444680257134	0.3157894736842105	0.6108597285067874	192	1084805	0.3807135844690981	360.5	18.5325	0.3323177898331958	2.8328611898017	baseline
Cn3	NC_026749.1	345	0.4028436018957346	0.41725446313960757	0.16511870788008257	0.29473684210526313	0.5161290322580645	173	1814975	0.19008526288240885	297	33.3585	0.16363861761181284	1.4389136202167363	baseline
Cn3	NC_026750.1	318	0.44528596573865187	0.41505585210985546	0.16102723411830625	0.2956547619047619	0.5	199	1422463	0.22355590268428774	278	11.8608	0.1954356633529308	3.3724537973829762	het_enriched
Cn3	NC_026751.1	365	0.4158415841584158	0.4301529346658788	0.1585131618987143	0.30288461538461536	0.5196078431372549	185	1399503	0.26080687215390036	343	22.238999999999997	0.24508700588708993	0.9892531138990064	baseline
Cn3	NC_026752.1	324	0.4157801418439716	0.4307228013610195	0.18104229721027706	0.2847985347985348	0.5514348618281203	100	1398693	0.23164482842196252	298	14.0847	0.21305604589427415	1.845974710146471	baseline
Cn3	NC_026753.1	338	0.37851311037839536	0.4065206624409505	0.17685243546930957	0.2652215582365543	0.48861788617886176	187	1186808	0.2847975409670309	318	17.7912	0.26794561546602313	1.1241512657943253	baseline
Cn3	NC_026754.1	226	0.32678198993988467	0.37055075475680005	0.17216911248679562	0.22674418604651161	0.4780449413808076	174.5	1059964	0.21321478842677677	171.5	24.462899999999998	0.1617979478548328	2.2278634176651178	baseline
Cn3	NC_026755.1	397	0.36538461538461536	0.4065693457084776	0.19246465758876655	0.25116279069767444	0.5159235668789809	171	1561994	0.2541623079217974	337.5	20.0151	0.2160699720997648	2.9727555695449936	baseline
Cn3	NC_026756.1	401	0.3541666666666667	0.3803862758017236	0.15471835194121375	0.2602040816326531	0.470873786407767	190	774062	0.5180463580436709	369	25.9455	0.47670600029455	1.2333545316143455	baseline
Cn3	NC_026757.1	229	0.3684210526315789	0.4153077137968242	0.1921541682336459	0.25	0.5769230769230769	195	756744	0.3026122440349709	208	21.4977	0.2748617762413709	0.9768486861385173	baseline
Cn3	NC_026758.1	151	0.4146341463414634	0.41583137750396054	0.1631133114533896	0.27452718676122934	0.49758250998528486	191	942867	0.16014984085772438	147	14.0847	0.15590746096745353	0.2839961092533032	baseline
Cn30	NC_018792.1	1	0.3157894736842105	0.3157894736842105	NA	0.3157894736842105	0.3157894736842105	38	NA	NA	1	0	NA	NA	NA
Cn30	NC_026745.1	278	0.3076923076923077	0.3924832842085999	0.20892079162227126	0.22798784423407917	0.5422113071371292	180	2291499	0.12131796697271088	220.5	31.875899999999998	0.09622522200533364	1.803870635809499	baseline
Cn30	NC_026746.1	233	0.3643410852713178	0.4521068036088987	0.2248080214541736	0.2620689655172414	0.6388888888888888	132	1621675	0.14367860391262122	113	6.6716999999999995	0.06968103966577767	17.986420252709205	het_enriched
Cn30	NC_026747.1	132	0.4108333333333334	0.4398083804475431	0.19015426883029976	0.26045704134366926	0.6097545219638243	137.5	1575141	0.08380202153331034	104	10.3782	0.06602583514745664	2.697963037906381	baseline
Cn30	NC_026748.1	322	0.479200183865778	0.4522609366013781	0.1852929966749611	0.2810966925146384	0.6019650655021834	189	1084805	0.2968275404335341	360.5	18.5325	0.3323177898331958	-2.0774315391879132	baseline
Cn30	NC_026749.1	226	0.42857142857142855	0.4532627499733017	0.19280763990561664	0.32029465509365007	0.5623511904761904	150	1814975	0.12451962148238957	297	33.3585	0.16363861761181284	-2.128393063237256	baseline
Cn30	NC_026750.1	470	0.48453443877551017	0.4909187088031188	0.15898758289516796	0.39742316113859383	0.5575042701190682	181	1422463	0.33041281214344415	278	11.8608	0.1954356633529308	16.187778227438287	het_enriched
Cn30	NC_026751.1	290	0.4166666666666667	0.44106559821108576	0.1831265785063789	0.28377182008891627	0.5783153298092393	183	1399503	0.20721641897159207	343	22.238999999999997	0.24508700588708993	-2.38320068348397	baseline
Cn30	NC_026752.1	458	0.4022503232062056	0.43173437290529143	0.1759233010701935	0.2903206619435339	0.5169334697439292	151	1398693	0.3274485537569717	298	14.0847	0.21305604589427415	11.35984437013213	het_enriched
Cn30	NC_026753.1	343	0.3870967741935484	0.4173685004668633	0.17266051272269223	0.28445006321112515	0.5023875031264922	181	1186808	0.2890105223422828	318	17.7912	0.26794561546602313	1.4051890822429065	baseline
Cn30	NC_026754.1	281	0.3351063829787234	0.3912668282367868	0.2007673975457351	0.2119205298013245	0.5196078431372549	156	1059964	0.2651033431324083	171.5	24.462899999999998	0.1617979478548328	4.476165949253768	het_enriched
Cn30	NC_026755.1	455	0.3712121212121212	0.4206026468079247	0.19967708592748834	0.24678760393046106	0.574792817679558	90	1561994	0.29129433275671995	337.5	20.0151	0.2160699720997648	5.8705677213703655	het_enriched
Cn30	NC_026756.1	385	0.33974358974358976	0.3901948299833131	0.17574353767108802	0.2576419213973799	0.5044642857142857	180	774062	0.4973761791691105	369	25.9455	0.47670600029455	0.6166772658071727	baseline
Cn30	NC_026757.1	379	0.4872881355932203	0.4929400651191813	0.19790385426921683	0.32298487243170015	0.6551467855815682	131	756744	0.5008298711321133	208	21.4977	0.2748617762413709	7.95433930141364	het_enriched
Cn30	NC_026758.1	172	0.35714285714285715	0.40532915461987473	0.17020866091467857	0.27561000201653557	0.4678211665215769	159	942867	0.1824223352816463	147	14.0847	0.15590746096745353	1.774975682833145	baseline
Cn31	NC_026745.1	259	0.3788546255506608	0.4172215320334201	0.18256551657529252	0.2743715083798883	0.53873431533006	187	2291499	0.11302645124436014	220.5	31.875899999999998	0.09622522200533364	1.2078090344115775	baseline
Cn31	NC_026746.1	117	0.3684210526315789	0.43407312668170867	0.20818727261681194	0.25925925925925924	0.6567164179104478	81	1621675	0.07214762514067245	113	6.6716999999999995	0.06968103966577767	0.5995473417569736	baseline
Cn31	NC_026747.1	113	0.38095238095238093	0.41970524916753726	0.16517667750885445	0.29411764705882354	0.5317073170731708	173	1575141	0.07173960934290961	104	10.3782	0.06602583514745664	0.8672024050413367	baseline
Cn31	NC_026748.1	389	0.44660194174757284	0.4573485610486316	0.16634528438821153	0.31527093596059114	0.5892857142857143	202	1084805	0.35858979263554275	360.5	18.5325	0.3323177898331958	1.537838931606637	baseline
Cn31	NC_026749.1	326	0.3865857841035754	0.3979492343413122	0.170975398214169	0.25	0.5	171	1814975	0.1796167991294646	297	33.3585	0.16363861761181284	0.8693436455476116	baseline
Cn31	NC_026750.1	299	0.43356643356643354	0.41474314895837755	0.14884700942363044	0.2937792161093132	0.5011627906976744	206	1422463	0.2101987890018932	278	11.8608	0.1954356633529308	1.7705382436260624	baseline
Cn31	NC_026751.1	347	0.38839285714285715	0.41265719113109106	0.15979856660601768	0.28093112244897955	0.5195664234199633	196	1399503	0.24794516339014638	343	22.238999999999997	0.24508700588708993	0.17986420252709207	baseline
Cn31	NC_026752.1	272	0.4328828828828829	0.44058350941108687	0.17219544754519467	0.2867063492063492	0.5545515394912985	109	1398693	0.19446726336658582	298	14.0847	0.21305604589427415	-1.845974710146471	baseline
Cn31	NC_026753.1	261	0.3409090909090909	0.4007231121968964	0.19488866980993963	0.24630541871921183	0.55	192	1186808	0.21991762778815108	318	17.7912	0.26794561546602313	-3.2038311075138273	het_depleted
Cn31	NC_026754.1	215	0.36619718309859156	0.40300271672601456	0.18915538573195448	0.24500612515312883	0.5263157894736842	186	1059964	0.20283707748565047	171.5	24.462899999999998	0.1617979478548328	1.7782029113473874	baseline
Cn31	NC_026755.1	346	0.3795529801324503	0.4167958888665842	0.18783803742515567	0.2608633387888707	0.5411184210526316	156.5	1561994	0.22151173436005517	337.5	20.0151	0.2160699720997648	0.4246793670778562	baseline
Cn31	NC_026756.1	247	0.30434782608695654	0.3685840077558993	0.17141588406802438	0.24827717414281486	0.45179515217787497	191	774062	0.3190958863760267	369	25.9455	0.47670600029455	-4.702164151779693	het_depleted
Cn31	NC_026757.1	215	0.41409691629955947	0.4379145808034594	0.18256685061698558	0.2931562396557431	0.5531015037593985	208	756744	0.2841119321725709	208	21.4977	0.2748617762413709	0.3256162287128391	baseline
Cn31	NC_026758.1	133	0.3673469387755102	0.41210659333447697	0.17626942809595636	0.2647058823529412	0.5258215962441315	192	942867	0.14105913135150558	147	14.0847	0.15590746096745353	-0.9939863823865613	baseline
Cn32	NC_018792.1	1	0.4888888888888889	0.4888888888888889	NA	0.4888888888888889	0.4888888888888889	45	NA	NA	1	0	NA	NA	NA
Cn32	NC_026745.1	266	0.4050905583538742	0.4145263558056476	0.1653176732222939	0.27109017697355337	0.5367650140396463	209	2291499	0.11608122019691042	220.5	31.875899999999998	0.09622522200533364	1.4274106770318642	baseline
Cn32	NC_026746.1	205	0.36231884057971014	0.40239450406244115	0.1884170998347149	0.24598930481283424	0.5260416666666666	168	1621675	0.12641250558835773	113	6.6716999999999995	0.06968103966577767	13.789588860410392	het_enriched
Cn32	NC_026747.1	139	0.37305699481865284	0.41790929688962236	0.17132436772333598	0.2925805613305613	0.5502502085070893	176	1575141	0.08824606812977377	104	10.3782	0.06602583514745664	3.372453797382976	het_enriched
Cn32	NC_026748.1	330	0.48423202614379085	0.4569690770746839	0.17983371612914892	0.29840425531914894	0.5838864306784661	198.5	1084805	0.3042021377113859	360.5	18.5325	0.3323177898331958	-1.6457574531228922	baseline
Cn32	NC_026749.1	239	0.3516483516483517	0.38280736989728054	0.17612285132373248	0.23808848553601814	0.46697278423494526	185	1814975	0.1316822545765093	297	33.3585	0.16363861761181284	-1.7386872910952231	baseline
Cn32	NC_026750.1	421	0.4419642857142857	0.4389751156822905	0.1587960196282247	0.3247863247863248	0.5255813953488372	203	1422463	0.29596551896253187	278	11.8608	0.1954356633529308	12.056522325644139	het_enriched
Cn32	NC_026751.1	271	0.35751295336787564	0.41186396467671316	0.18537770911435944	0.2650060024009604	0.5154998167251401	198	1399503	0.19364017083207397	343	22.238999999999997	0.24508700588708993	-3.237555645487657	het_depleted
Cn32	NC_026752.1	428	0.3914068908941756	0.4204039914371091	0.17892406080071174	0.2787100870827286	0.5417640186915887	175	1398693	0.3059999585327159	298	14.0847	0.21305604589427415	9.229873550732355	het_enriched
Cn32	NC_026753.1	313	0.38095238095238093	0.39724915476809897	0.17172131377807728	0.2596685082872928	0.4602510460251046	203	1186808	0.2637326340907712	318	17.7912	0.26794561546602313	-0.28103781644858133	baseline
Cn32	NC_026754.1	247	0.33170731707317075	0.40915693429656386	0.21366682207467871	0.2247191011235955	0.5619517543859649	193	1059964	0.23302678204165425	171.5	24.462899999999998	0.1617979478548328	3.0863062024535117	het_enriched
Cn32	NC_026755.1	390	0.3670905548148908	0.415646711342361	0.18912700710747662	0.2628977820636451	0.5389632107023411	153.5	1561994	0.2496808566486171	337.5	20.0151	0.2160699720997648	2.623019620186759	baseline
Cn32	NC_026756.1	224	0.31896766686061007	0.3843432529452506	0.19171083489950502	0.2359006358828074	0.5040552016985138	211	774062	0.2893825042438461	369	25.9455	0.47670600029455	-5.588637721377503	het_depleted
Cn32	NC_026757.1	271	0.4666666666666667	0.4754397538406008	0.1836152102287319	0.3310202550637659	0.5986725663716814	163	756744	0.35811317962217076	208	21.4977	0.2748617762413709	2.9305460584155516	baseline
Cn32	NC_026758.1	147	0.36199095022624433	0.3886133879893727	0.15864856981196193	0.261578947368421	0.466824644549763	201	942867	0.15590746096745353	147	14.0847	0.15590746096745353	0	baseline
Cn33	NC_026745.1	264	0.34526209677419356	0.4049421659049636	0.18675953489112804	0.24461874301959588	0.5247666905958364	196	2291499	0.11520842906761034	220.5	31.875899999999998	0.09622522200533364	1.3646673505689253	baseline
Cn33	NC_026746.1	126	0.36278195488721804	0.43206832763869313	0.1977031053507768	0.27392344497607657	0.6053571428571428	71.5	1621675	0.07769744245918572	113	6.6716999999999995	0.06968103966577767	1.948528860710164	baseline
Cn33	NC_026747.1	110	0.45188712836033473	0.4496695060784312	0.17422101890173042	0.3013223513183723	0.5553030303030303	177.5	1575141	0.06983501794442529	104	10.3782	0.06602583514745664	0.5781349366942244	baseline
Cn33	NC_026748.1	379	0.4685714285714286	0.46663700644824696	0.17020899681079277	0.32672684458398743	0.6053221619070097	206	1084805	0.34937154603822806	360.5	18.5325	0.3323177898331958	0.998246324025361	baseline
Cn33	NC_026749.1	351	0.39069767441860465	0.39965795165198725	0.1662280403162639	0.2587471619025441	0.5033039647577093	177	1814975	0.19339109354123335	297	33.3585	0.16363861761181284	1.6187778227438285	baseline
Cn33	NC_026750.1	273	0.4603174603174603	0.4278548480000967	0.140656217310078	0.3242009132420091	0.5186915887850467	209	1422463	0.1919206334365112	278	11.8608	0.1954356633529308	-0.42155672467287203	baseline
Cn33	NC_026751.1	363	0.4223300970873786	0.4332064578300371	0.166229844902672	0.3094704727769244	0.5375793930839803	197	1399503	0.25937779340237216	343	22.238999999999997	0.24508700588708993	0.8993210126354604	baseline
Cn33	NC_026752.1	321	0.4318181818181818	0.4400079940889142	0.17793166978726466	0.3111111111111111	0.550561797752809	92	1398693	0.22949996889953692	298	14.0847	0.21305604589427415	1.6329776282064936	baseline
Cn33	NC_026753.1	313	0.375	0.40582572042589127	0.1741996825150572	0.2669683257918552	0.4975845410628019	197	1186808	0.2637326340907712	318	17.7912	0.26794561546602313	-0.28103781644858133	baseline
Cn33	NC_026754.1	157	0.36363636363636365	0.3943237159916521	0.19675503473118747	0.2303370786516854	0.5047169811320755	189	1059964	0.14811823797789359	171.5	24.462899999999998	0.1617979478548328	-0.5927343037824625	baseline
Cn33	NC_026755.1	323	0.37209302325581395	0.40386743376228285	0.18212274544915835	0.24920382165605096	0.5192592592592593	170	1561994	0.20678696589103415	337.5	20.0151	0.2160699720997648	-0.724453037956343	baseline
Cn33	NC_026756.1	394	0.37724358974358974	0.3869872454629273	0.1549889628377105	0.25301204819277107	0.4720238095238095	202.5	774062	0.5090031547860507	369	25.9455	0.47670600029455	0.9635582278237074	baseline
Cn33	NC_026757.1	221	0.36929460580912865	0.43101146536940954	0.20436600659593507	0.2786885245901639	0.5726141078838174	204	756744	0.2920406372564566	208	21.4977	0.2748617762413709	0.604715853323844	baseline
Cn33	NC_026758.1	152	0.38009049773755654	0.41932336175346424	0.17115783966226508	0.27937585121871034	0.5112882560806762	198.5	942867	0.16121043583029207	147	14.0847	0.15590746096745353	0.35499513656662907	baseline
Cn34	NC_018792.1	1	0.7447916666666666	0.7447916666666666	NA	0.7447916666666666	0.7447916666666666	192	NA	NA	1	0	NA	NA	NA
Cn34	NC_026745.1	261	0.3612565445026178	0.4010524092147009	0.18832392997910583	0.22857142857142856	0.5458937198067633	183	2291499	0.11389924237366023	220.5	31.875899999999998	0.09622522200533364	1.2705523608745166	baseline
Cn34	NC_026746.1	127	0.3333333333333333	0.42126481504050545	0.22082014262991714	0.2386128364389234	0.5907036511875221	65	1621675	0.07831408882790941	113	6.6716999999999995	0.06968103966577767	2.098415696149407	baseline
Cn34	NC_026747.1	100	0.3929738562091503	0.4122223909535141	0.17115563519204638	0.27724358974358976	0.5369320805245175	169	1575141	0.06348637994947753	104	10.3782	0.06602583514745664	-0.385423291129483	baseline
Cn34	NC_026748.1	373	0.4792626728110599	0.45247755312985555	0.16926101284510608	0.30357142857142855	0.582089552238806	198	1084805	0.3438405980798392	360.5	18.5325	0.3323177898331958	0.6744907594765952	baseline
Cn34	NC_026749.1	336	0.3556547619047619	0.40128876766288984	0.17237411244588383	0.2627278981768146	0.5099001175088131	164	1814975	0.18512651689417212	297	33.3585	0.16363861761181284	1.1691173164260984	baseline
Cn34	NC_026750.1	303	0.4377880184331797	0.4184916177324443	0.15396452268856275	0.3090277777777778	0.5114700620856572	207	1422463	0.21301081293502888	278	11.8608	0.1954356633529308	2.10778362336436	baseline
Cn34	NC_026751.1	361	0.4072398190045249	0.42343298740745594	0.1649828545006998	0.2887700534759358	0.5303030303030303	182	1399503	0.2579487146508439	343	22.238999999999997	0.24508700588708993	0.8093889113719143	baseline
Cn34	NC_026752.1	347	0.41379310344827586	0.42401419471843227	0.17614878102089704	0.2706190061028771	0.5447272727272727	90	1398693	0.24808875142722528	298	14.0847	0.21305604589427415	3.478952338352965	het_enriched
Cn34	NC_026753.1	335	0.3870967741935484	0.41017362375822336	0.17709997238155295	0.26598639455782314	0.5058756379264034	190	1186808	0.2822697521418797	318	17.7912	0.26794561546602313	0.9555285759251765	baseline
Cn34	NC_026754.1	218	0.3567835757057314	0.38328579611006325	0.1885070111312808	0.21968044828108435	0.5086088445440324	173	1059964	0.20566736228777582	171.5	24.462899999999998	0.1617979478548328	1.9008375948885865	baseline
Cn34	NC_026755.1	353	0.36666666666666664	0.4134129541321995	0.19611583759088388	0.24324324324324326	0.563953488372093	175	1561994	0.22599318563323548	337.5	20.0151	0.2160699720997648	0.7744153164360907	baseline
Cn34	NC_026756.1	368	0.3284460616438356	0.36928847771724954	0.15696101778987964	0.2464221824686941	0.45724393530997304	191	774062	0.47541411411489004	369	25.9455	0.47670600029455	-0.0385423291129483	baseline
Cn34	NC_026757.1	221	0.3482142857142857	0.40173678915315764	0.18066926865140506	0.25949367088607594	0.49344978165938863	191	756744	0.2920406372564566	208	21.4977	0.2748617762413709	0.604715853323844	baseline
Cn34	NC_026758.1	139	0.4166666666666667	0.4144016389558255	0.15588880900297938	0.2806924882629108	0.5059393524851801	195	942867	0.14742270118691184	147	14.0847	0.15590746096745353	-0.5679922185066064	baseline
Cn35	NC_018792.1	1	0.7666666666666667	0.7666666666666667	NA	0.7666666666666667	0.7666666666666667	180	NA	NA	1	0	NA	NA	NA
Cn35	NC_026745.1	275	0.37373737373737376	0.40550843522262425	0.17935587753774448	0.25646781058792234	0.5368075308140323	173	2291499	0.12000878027876077	220.5	31.875899999999998	0.09622522200533364	1.7097556461150902	baseline
Cn35	NC_026746.1	149	0.39285714285714285	0.4522935430810882	0.22277465088933765	0.2602739726027397	0.6785714285714286	71	1621675	0.09188030893983073	113	6.6716999999999995	0.06968103966577767	5.395926075812762	het_enriched
Cn35	NC_026747.1	119	0.38349514563106796	0.4183978189614814	0.1800519024367794	0.2657754010695187	0.5587000496164269	143	1575141	0.07554879213987827	104	10.3782	0.06602583514745664	1.445337341735561	baseline
Cn35	NC_026748.1	401	0.4666666666666667	0.4519106842251802	0.16886439262845573	0.3163265306122449	0.5800865800865801	186	1084805	0.36965168855232045	360.5	18.5325	0.3323177898331958	2.1853500607041685	baseline
Cn35	NC_026749.1	339	0.39545454545454545	0.412208207728176	0.16332468814511564	0.2845325011775789	0.5	156	1814975	0.18677943222358437	297	33.3585	0.16363861761181284	1.2590494176896443	baseline
Cn35	NC_026750.1	282	0.43631897203325776	0.4085661998769327	0.14798131929223124	0.2743041354920971	0.5	197	1422463	0.1982476872860665	278	11.8608	0.1954356633529308	0.3372453797382976	baseline
Cn35	NC_026751.1	366	0.36994989038521764	0.40618721100767946	0.16030293641699633	0.280048309178744	0.506201923076923	173	1399503	0.26152141152966446	343	22.238999999999997	0.24508700588708993	1.0342191645307794	baseline
Cn35	NC_026752.1	319	0.4031413612565445	0.408629426222567	0.1705174729535992	0.25205205205205206	0.5172413793103449	85	1398693	0.2280700625512532	298	14.0847	0.21305604589427415	1.490979573579842	baseline
Cn35	NC_026753.1	346	0.37014260249554365	0.40854553413714606	0.18354354125943462	0.2692883463841548	0.5102047600053184	168	1186808	0.291538311167434	318	17.7912	0.26794561546602313	1.5738117721120555	baseline
Cn35	NC_026754.1	218	0.31698564593301437	0.36475867224946856	0.1798079080777779	0.22494176486708686	0.4501227208976157	156.5	1059964	0.20566736228777582	171.5	24.462899999999998	0.1617979478548328	1.9008375948885865	baseline
Cn35	NC_026755.1	386	0.3563787413224081	0.4033884029821634	0.18877850315001454	0.2502906976744186	0.5259868421052631	153	1561994	0.24712002734965693	337.5	20.0151	0.2160699720997648	2.423170506267768	baseline
Cn35	NC_026756.1	415	0.36	0.39046906452249225	0.15890729624851152	0.2611169837914024	0.48958220293000543	175	774062	0.5361327645589113	369	25.9455	0.47670600029455	1.7729471391956217	baseline
Cn35	NC_026757.1	259	0.35294117647058826	0.4264760073814063	0.21162247442396187	0.24547299823727364	0.5962085308056873	177	756744	0.34225576945439934	208	21.4977	0.2748617762413709	2.372346809193542	baseline
Cn35	NC_026758.1	165	0.3838383838383838	0.40811079353876306	0.1787224452679338	0.25287356321839083	0.5089285714285714	175	942867	0.17499817047367233	147	14.0847	0.15590746096745353	1.2779824916398645	baseline
Cn36	NC_026745.1	240	0.42431772237196763	0.41470961875305284	0.12281472783284883	0.3333333333333333	0.48906667572586854	210.5	2291499	0.1047349355160094	220.5	31.875899999999998	0.09622522200533364	0.6117474330136561	baseline
Cn36	NC_026746.1	60	0.31788079470198677	0.3242554594780022	0.11563073623446583	0.22552521008403362	0.3717672413793104	186	1621675	0.036998782123421774	113	6.6716999999999995	0.06968103966577767	-7.944002278279899	het_depleted
Cn36	NC_026747.1	53	0.3507853403141361	0.38850904382167883	0.17825044338543664	0.27607361963190186	0.425	129	1575141	0.03364778137322309	104	10.3782	0.06602583514745664	-4.914146961900908	het_depleted
Cn36	NC_026748.1	96	0.38986704994610133	0.45223568716777285	0.21977881259444002	0.2643783244680851	0.6901400560224089	147.5	1084805	0.08849516733422136	360.5	18.5325	0.3323177898331958	-14.272224470524755	het_depleted
Cn36	NC_026749.1	139	0.3333333333333333	0.3550429237665343	0.12354507201859706	0.25	0.4304932735426009	213	1814975	0.0765850769294343	297	33.3585	0.16363861761181284	-4.736423999880091	het_depleted
Cn36	NC_026750.1	67	0.2679425837320574	0.31041477115203014	0.13116499351177288	0.22439621781727045	0.32941176470588235	216	1422463	0.04710140088002289	278	11.8608	0.1954356633529308	-17.789693781195197	het_depleted
Cn36	NC_026751.1	137	0.25888324873096447	0.2832276115027965	0.123885177489305	0.20218579234972678	0.30412371134020616	183	1399503	0.09789189447968315	343	22.238999999999997	0.24508700588708993	-9.263006430145241	het_depleted
Cn36	NC_026752.1	134	0.2711631363805277	0.3032745957934421	0.11020964396086037	0.2291341762281386	0.35348024316109417	192	1398693	0.09580372533500918	298	14.0847	0.21305604589427415	-11.643840479385432	het_depleted
Cn36	NC_026753.1	120	0.35514018691588783	0.3543192169178005	0.1330702262208744	0.25505250287687	0.4223813756324354	205	1186808	0.10111155300604648	318	17.7912	0.26794561546602313	-11.12909753136382	het_depleted
Cn36	NC_026754.1	66	0.22477532183628857	0.28457894866674055	0.12660744280588518	0.20527582617746554	0.31605351170568563	180	1059964	0.062266265646757815	171.5	24.462899999999998	0.1617979478548328	-4.312653037865503	het_depleted
Cn36	NC_026755.1	198	0.31158186076218863	0.3389755838603543	0.12656688185888096	0.23780172413793105	0.4291866028708134	198	1561994	0.1267610502985287	337.5	20.0151	0.2160699720997648	-6.969737847924817	het_depleted
Cn36	NC_026756.1	95	0.34536082474226804	0.38603397600478045	0.1939172197322	0.21149537056610157	0.5283422459893048	215	774062	0.12272918706770258	369	25.9455	0.47670600029455	-10.560598176947833	het_depleted
Cn36	NC_026757.1	97	0.29464285714285715	0.32226960573361624	0.13676926742759984	0.2094240837696335	0.3864734299516908	200	756744	0.12818073218948547	208	21.4977	0.2748617762413709	-5.163343055303591	het_depleted
Cn36	NC_026758.1	101	0.4292682926829268	0.4498920066436091	0.17412598342951557	0.3103448275862069	0.5625	147	942867	0.10712009222933881	147	14.0847	0.15590746096745353	-3.2659552564129872	het_depleted
Cn37	NC_018792.1	2	0.6538348082595871	0.6538348082595871	0.17041482012666942	0.5935840707964601	0.7140855457227138	128	NA	NA	1	0	NA	NA	NA
Cn37	NC_026745.1	186	0.36275862068965514	0.41354392080491675	0.18203175420489226	0.26570893071066976	0.55330642530985	220.5	2291499	0.08116957502490728	220.5	31.875899999999998	0.09622522200533364	-1.0823223814856993	baseline
Cn37	NC_026746.1	138	0.38841269841269843	0.45793887869446587	0.21601918708642912	0.27286852240896353	0.6684652278177458	139	1621675	0.08509719888387007	113	6.6716999999999995	0.06968103966577767	3.7471708859810846	het_enriched
Cn37	NC_026747.1	104	0.38228653530377665	0.42296624101317687	0.15969438839655037	0.3167471042471042	0.5352453122930503	212	1575141	0.06602583514745664	104	10.3782	0.06602583514745664	0	baseline
Cn37	NC_026748.1	388	0.4350029135314535	0.45526859537541003	0.16771554037420006	0.3251524390243902	0.5819371494703107	222	1084805	0.3576679679758113	360.5	18.5325	0.3323177898331958	1.4838796708485094	baseline
Cn37	NC_026749.1	328	0.3828348214285714	0.4178109886167072	0.16971092379949707	0.2849269005847953	0.5111509358821187	190.5	1814975	0.1807187426824061	297	33.3585	0.16363861761181284	0.9292983797233089	baseline
Cn37	NC_026750.1	284	0.4313190862196021	0.4149870576977587	0.14171057106850052	0.32969164456233424	0.48038532314727045	230	1422463	0.19965369925263435	278	11.8608	0.1954356633529308	0.5058680696074465	baseline
Cn37	NC_026751.1	362	0.4068365263055529	0.43227200433275026	0.15959214080863815	0.3043972332015811	0.5306931901391262	222	1399503	0.258663254026608	343	22.238999999999997	0.24508700588708993	0.8543549620036873	baseline
Cn37	NC_026752.1	339	0.4144736842105263	0.4462939434688605	0.16554343412430855	0.3164313222079589	0.5610090405365996	143	1398693	0.2423691260340904	298	14.0847	0.21305604589427415	2.910960119846358	baseline
Cn37	NC_026753.1	245	0.391304347826087	0.4462898968305976	0.1903257626995598	0.29936305732484075	0.6153846153846154	219	1186808	0.20643608738734487	318	17.7912	0.26794561546602313	-4.1031521201492875	het_depleted
Cn37	NC_026754.1	150	0.34350654262158686	0.3999451491154547	0.19456154270340342	0.2438331854480923	0.4974759205921521	222	1059964	0.14151424010626776	171.5	24.462899999999998	0.1617979478548328	-0.8788818987119271	baseline
Cn37	NC_026755.1	338	0.3705300127713921	0.4154587714009514	0.19000306934301717	0.2544845779220779	0.5581395348837209	175.5	1561994	0.21639007576213481	337.5	20.0151	0.2160699720997648	0.024981139239873894	baseline
Cn37	NC_026756.1	332	0.4091936410649301	0.41436901738390075	0.16740215059844593	0.2782608695652174	0.5	228	774062	0.42890621164712905	369	25.9455	0.47670600029455	-1.426066177179087	baseline
Cn37	NC_026757.1	243	0.41353383458646614	0.4620537791995579	0.19717114256216395	0.29977973568281935	0.6478722434845999	217	756744	0.3211125558973708	208	21.4977	0.2748617762413709	1.6280811435641953	baseline
Cn37	NC_026758.1	148	0.38263027295285357	0.41009862147915654	0.16209347290205042	0.2921963276836158	0.4912843004948268	223	942867	0.15696805594002125	147	14.0847	0.15590746096745353	0.0709990273133258	baseline
Cn38	NC_018792.1	1	0.7333333333333333	0.7333333333333333	NA	0.7333333333333333	0.7333333333333333	195	NA	NA	1	0	NA	NA	NA
Cn38	NC_026745.1	226	0.3577981651376147	0.4028189339961816	0.18717163156935385	0.24691358024691357	0.5084816462736373	209	2291499	0.09862539761090885	220.5	31.875899999999998	0.09622522200533364	0.1725441477730825	baseline
Cn38	NC_026746.1	138	0.36791237113402064	0.44833546030635035	0.20766270641658963	0.2872793190416141	0.6523532082324456	109	1621675	0.08509719888387007	113	6.6716999999999995	0.06968103966577767	3.7471708859810846	het_enriched
Cn38	NC_026747.1	109	0.3945945945945946	0.46611011401041996	0.18339376455080322	0.3263157894736842	0.6134020618556701	202	1575141	0.06920015414493051	104	10.3782	0.06602583514745664	0.4817791139118537	baseline
Cn38	NC_026748.1	395	0.44329896907216493	0.4544022315880775	0.1719094238889768	0.30952380952380953	0.5770077939681464	211	1084805	0.3641207405939316	360.5	18.5325	0.3323177898331958	1.8615944961554027	baseline
Cn38	NC_026749.1	354	0.411004844118743	0.4170322219939994	0.16456964054586273	0.29309146510981376	0.5174431057563588	169	1814975	0.1950440088706456	297	33.3585	0.16363861761181284	1.7087099240073744	baseline
Cn38	NC_026750.1	301	0.44493392070484583	0.43151619051149337	0.1518404768332993	0.3148148148148148	0.5172413793103449	220	1422463	0.21160480096846104	278	11.8608	0.1954356633529308	1.9391609334952111	baseline
Cn38	NC_026751.1	378	0.392724413950829	0.40992155316087875	0.15964237026375003	0.285229476405947	0.5059152827019966	209	1399503	0.2700958840388338	343	22.238999999999997	0.24508700588708993	1.5738117721120557	baseline
Cn38	NC_026752.1	329	0.42857142857142855	0.44338730243766233	0.17818837914680832	0.291866028708134	0.576036866359447	122	1398693	0.2352195942926718	298	14.0847	0.21305604589427415	2.2009698467131003	baseline
Cn38	NC_026753.1	315	0.4146341463414634	0.4422066681362713	0.19088208650972815	0.28793939393939394	0.5666851903306473	208	1186808	0.265417826640872	318	17.7912	0.26794561546602313	-0.1686226898691488	baseline
Cn38	NC_026754.1	193	0.32367149758454106	0.38499842137377044	0.194573793449672	0.23529411764705882	0.49514563106796117	195	1059964	0.18208165560339787	171.5	24.462899999999998	0.1617979478548328	0.8788818987119271	baseline
Cn38	NC_026755.1	384	0.37048503611971106	0.42352231031560184	0.19080462211819094	0.2610988200589971	0.5507217321571771	158	1561994	0.24583961270017685	337.5	20.0151	0.2160699720997648	2.323245949308272	baseline
Cn38	NC_026756.1	284	0.3004589570306743	0.3726398427327376	0.1903435143616635	0.2170935270132518	0.49143763213530656	209	774062	0.3668956750234477	369	25.9455	0.47670600029455	-3.276097974600605	het_depleted
Cn38	NC_026757.1	232	0.37406716417910446	0.41791568804125445	0.17672114234016917	0.278222049689441	0.5562770562770563	192	756744	0.3065765965769137	208	21.4977	0.2748617762413709	1.1163984984440196	baseline
Cn38	NC_026758.1	151	0.39545454545454545	0.40477671032549045	0.17418022693736698	0.25555555555555554	0.5067351253397765	202	942867	0.16014984085772438	147	14.0847	0.15590746096745353	0.2839961092533032	baseline
Cn39	NC_018792.1	1	0.7777777777777778	0.7777777777777778	NA	0.7777777777777778	0.7777777777777778	216	NA	NA	1	0	NA	NA	NA
Cn39	NC_026745.1	256	0.3444413716814159	0.3899036062564793	0.18658695412708465	0.22153253954501573	0.48603219696969696	194	2291499	0.11171726455041002	220.5	31.875899999999998	0.09622522200533364	1.1136940447171688	baseline
Cn39	NC_026746.1	113	0.35135135135135137	0.4313547547035601	0.21705954384420365	0.266304347826087	0.6372549019607843	73	1621675	0.06968103966577767	113	6.6716999999999995	0.06968103966577767	0	baseline
Cn39	NC_026747.1	104	0.4174485472154964	0.42691406605191023	0.1476309484262613	0.3238798515981735	0.51847061778001	182.5	1575141	0.06602583514745664	104	10.3782	0.06602583514745664	0	baseline
Cn39	NC_026748.1	390	0.46906887755102045	0.44995611541415187	0.18038506826388573	0.2857142857142857	0.5829326923076923	197	1084805	0.35951161729527426	360.5	18.5325	0.3323177898331958	1.5917981923647646	baseline
Cn39	NC_026749.1	361	0.4117647058823529	0.4097506425914011	0.179268306890442	0.24271844660194175	0.525	168	1814975	0.19890081130594087	297	33.3585	0.16363861761181284	1.9185514936223151	baseline
Cn39	NC_026750.1	274	0.4515448482373758	0.4398803470491453	0.14976198712588576	0.32590230589283725	0.5240672782874618	217	1422463	0.1926236394197951	278	11.8608	0.1954356633529308	-0.3372453797382976	baseline
Cn39	NC_026751.1	363	0.391304347826087	0.41821633305041794	0.16540656539940227	0.2887224573971562	0.5254635087343265	190	1399503	0.25937779340237216	343	22.238999999999997	0.24508700588708993	0.8993210126354604	baseline
Cn39	NC_026752.1	309	0.3939393939393939	0.4321034258566492	0.17822440100859246	0.29797979797979796	0.5652173913043478	86	1398693	0.22092053080983462	298	14.0847	0.21305604589427415	0.7809893004465839	baseline
Cn39	NC_026753.1	330	0.3769771708112515	0.4112675543415625	0.1801168499795144	0.2668812264882134	0.5051266137040715	200	1186808	0.27805677076662777	318	17.7912	0.26794561546602313	0.6744907594765952	baseline
Cn39	NC_026754.1	196	0.3442530725289943	0.3936344239280323	0.19471956754853514	0.2352252252252252	0.5212785388127854	191.5	1059964	0.18491194040552322	171.5	24.462899999999998	0.1617979478548328	1.0015165822531262	baseline
Cn39	NC_026755.1	381	0.34782608695652173	0.4109245746988154	0.1949522104724073	0.24444444444444444	0.5592417061611374	181	1561994	0.2439189907259567	337.5	20.0151	0.2160699720997648	2.173359113869029	baseline
Cn39	NC_026756.1	390	0.35362195275988384	0.38340276093509834	0.15679164764447906	0.25440345629777333	0.48014851485148513	204	774062	0.5038356100674106	369	25.9455	0.47670600029455	0.8093889113719143	baseline
Cn39	NC_026757.1	218	0.35864978902953587	0.4006457431903148	0.1750388220940185	0.2575238487240327	0.5	199	756744	0.28807628471451374	208	21.4977	0.2748617762413709	0.4651660410183415	baseline
Cn39	NC_026758.1	142	0.35822021116138764	0.40736199335915463	0.17666668253961407	0.27282739287144575	0.5016968325791855	198.5	942867	0.15060448610461497	147	14.0847	0.15590746096745353	-0.35499513656662907	baseline
Cn4	NC_026745.1	315	0.3167420814479638	0.37985104490750515	0.1727837225762575	0.24776767918360837	0.4861003861003861	198	2291499	0.13746460286476234	220.5	31.875899999999998	0.09622522200533364	2.964622175373872	baseline
Cn4	NC_026746.1	217	0.38028169014084506	0.4176673315248341	0.19793600325693644	0.25	0.5511363636363636	148	1621675	0.13381226201304208	113	6.6716999999999995	0.06968103966577767	15.588230885681313	het_enriched
Cn4	NC_026747.1	155	0.3582887700534759	0.4069477137291283	0.17695470535490188	0.26325007614986295	0.5317124735729386	157	1575141	0.09840388892169018	104	10.3782	0.06602583514745664	4.914146961900908	het_enriched
Cn4	NC_026748.1	295	0.48	0.4536725519636813	0.18556668617790972	0.2727272727272727	0.5865610642162624	186	1084805	0.27193827462078435	360.5	18.5325	0.3323177898331958	-3.534331579657359	het_depleted
Cn4	NC_026749.1	232	0.43208219445529095	0.4358070384475699	0.16182943306078917	0.3172077922077922	0.5069448951775167	184	1814975	0.12782545214121407	297	33.3585	0.16363861761181284	-1.9485288607101638	baseline
Cn4	NC_026750.1	425	0.46190476190476193	0.4387582759007583	0.15526387144674691	0.31724137931034485	0.5404040404040404	189	1422463	0.2987775428956676	278	11.8608	0.1954356633529308	12.393767705382437	het_enriched
Cn4	NC_026751.1	290	0.35714285714285715	0.4066597021161355	0.18448448533018458	0.2562003968253968	0.5294117647058824	179	1399503	0.20721641897159207	343	22.238999999999997	0.24508700588708993	-2.38320068348397	baseline
Cn4	NC_026752.1	456	0.38918128654970763	0.4209790711702692	0.1786268285920839	0.28381006864988556	0.5315220771144279	163.5	1398693	0.32601864740868797	298	14.0847	0.21305604589427415	11.217846315505478	het_enriched
Cn4	NC_026753.1	300	0.37755527743012096	0.39634606516854654	0.15711902824917126	0.27217830478700045	0.4843190436064883	180.5	1186808	0.25277888251511615	318	17.7912	0.26794561546602313	-1.0117361392148927	baseline
Cn4	NC_026754.1	280	0.35040010850400105	0.3993164223612222	0.18612720038551236	0.24682902080162353	0.5183662280701755	170	1059964	0.26415991486503315	171.5	24.462899999999998	0.1617979478548328	4.435287721406702	het_enriched
Cn4	NC_026755.1	404	0.3919872524470749	0.4203881406938041	0.18232599430009866	0.2602054794520548	0.5442583732057417	126	1561994	0.25864375919497773	337.5	20.0151	0.2160699720997648	3.322491518903228	het_enriched
Cn4	NC_026756.1	289	0.34146341463414637	0.376884380333063	0.17897941658732006	0.21951219512195122	0.5045871559633027	197	774062	0.37335510592174787	369	25.9455	0.47670600029455	-3.083386329035864	het_depleted
Cn4	NC_026757.1	298	0.45273749474569147	0.4572737652691729	0.18343515607637137	0.298523261217535	0.6083226338958181	175.5	756744	0.3937923524996564	208	21.4977	0.2748617762413709	4.186494369165074	het_enriched
Cn4	NC_026758.1	145	0.32786885245901637	0.3815794930938306	0.165187498356024	0.2670157068062827	0.4387755102040816	186	942867	0.1537862710223181	147	14.0847	0.15590746096745353	-0.1419980546266516	baseline
Cn40	NC_018792.1	2	0.4347267759562842	0.4347267759562842	0.3743801968806808	0.3023633879781421	0.5670901639344262	191.5	NA	NA	1	0	NA	NA	NA
Cn40	NC_026745.1	250	0.36411213970124134	0.3949737629634091	0.17970521480510357	0.23659931965776723	0.517326802751904	184.5	2291499	0.10909889116250979	220.5	31.875899999999998	0.09622522200533364	0.9254640653283516	baseline
Cn40	NC_026746.1	145	0.36597938144329895	0.44696783124949246	0.20969485102879912	0.26666666666666666	0.6507936507936508	69	1621675	0.08941372346493595	113	6.6716999999999995	0.06968103966577767	4.796378734055788	het_enriched
Cn40	NC_026747.1	112	0.3815363881401618	0.4228358895322185	0.17895943771082706	0.2764137146571336	0.545805799495696	173.5	1575141	0.07110474554341484	104	10.3782	0.06602583514745664	0.770846582258966	baseline
Cn40	NC_026748.1	402	0.4447353112274578	0.44682490544753967	0.17225955532572895	0.2904739185750636	0.5856832097969706	189.5	1084805	0.3705735132120519	360.5	18.5325	0.3323177898331958	2.239309321462296	baseline
Cn40	NC_026749.1	361	0.3855421686746988	0.4092023010663785	0.1721866881318272	0.26666666666666666	0.5106382978723404	166	1814975	0.19890081130594087	297	33.3585	0.16363861761181284	1.9185514936223151	baseline
Cn40	NC_026750.1	295	0.43564356435643564	0.4299131641159132	0.14892934810755035	0.3453971962616822	0.5011961722488039	204	1422463	0.2073867650687575	278	11.8608	0.1954356633529308	1.433292863887765	baseline
Cn40	NC_026751.1	349	0.40669856459330145	0.4161216288862023	0.16786472803677083	0.27835051546391754	0.5185185185185185	189	1399503	0.24937424214167458	343	22.238999999999997	0.24508700588708993	0.2697963037906381	baseline
Cn40	NC_026752.1	347	0.4166666666666667	0.42186148442267035	0.17281102390359604	0.2768199233716475	0.5220635950681376	94	1398693	0.24808875142722528	298	14.0847	0.21305604589427415	3.478952338352965	het_enriched
Cn40	NC_026753.1	374	0.37413594470046085	0.41191237109020484	0.17541219444847203	0.2737170312819464	0.4950859056493885	191	1186808	0.3151310068688448	318	17.7912	0.26794561546602313	3.147623544224111	het_enriched
Cn40	NC_026754.1	207	0.3248730964467005	0.3603750422889735	0.1816391811276805	0.20409228520722414	0.4441494845360825	178	1059964	0.19528965134664952	171.5	24.462899999999998	0.1617979478548328	1.4511770885708564	baseline
Cn40	NC_026755.1	384	0.3466403162055336	0.40742587688522874	0.1959070201082545	0.2527160954572785	0.5467171717171717	176.5	1561994	0.24583961270017685	337.5	20.0151	0.2160699720997648	2.323245949308272	baseline
Cn40	NC_026756.1	402	0.36396103896103893	0.3903834951117763	0.1533427218468893	0.2747085492227979	0.4919029850746269	184	774062	0.519338244223331	369	25.9455	0.47670600029455	1.2718968607272938	baseline
Cn40	NC_026757.1	234	0.34558686322075016	0.40667391182504276	0.19745195600509402	0.238150867823765	0.5347134561979298	189.5	756744	0.30921949827154227	208	21.4977	0.2748617762413709	1.209431706647688	baseline
Cn40	NC_026758.1	168	0.39671361502347413	0.43361294859976407	0.19319208783169045	0.26681357160106256	0.5706756756756757	188	942867	0.17817995539137546	147	14.0847	0.15590746096745353	1.490979573579842	baseline
Cn41	NC_018792.1	1	0.8341968911917098	0.8341968911917098	NA	0.8341968911917098	0.8341968911917098	193	NA	NA	1	0	NA	NA	NA
Cn41	NC_026745.1	265	0.3473684210526316	0.39427333628250616	0.18062202112039782	0.2393617021276596	0.5281385281385281	170	2291499	0.11564482463226038	220.5	31.875899999999998	0.09622522200533364	1.3960390138003949	baseline
Cn41	NC_026746.1	126	0.42083333333333334	0.446663132953141	0.19577535389401224	0.2727272727272727	0.6181318681318682	38.5	1621675	0.07769744245918572	113	6.6716999999999995	0.06968103966577767	1.948528860710164	baseline
Cn41	NC_026747.1	96	0.37413189543221725	0.40094771506839894	0.15417518880564476	0.2848302687411598	0.5012019230769231	141	1575141	0.06094692475149843	104	10.3782	0.06602583514745664	-0.770846582258966	baseline
Cn41	NC_026748.1	407	0.46226415094339623	0.45542366709121374	0.1787099721413704	0.27928297755883963	0.6044949494949494	188	1084805	0.37518263651070927	360.5	18.5325	0.3323177898331958	2.5091056252529342	baseline
Cn41	NC_026749.1	354	0.39641474028825807	0.42186026396864756	0.17848545012551598	0.2775369299935774	0.5156014470907446	130	1814975	0.1950440088706456	297	33.3585	0.16363861761181284	1.7087099240073744	baseline
Cn41	NC_026750.1	303	0.431924882629108	0.4176615774463527	0.14762231629025258	0.31660793197963866	0.5011415525114156	206	1422463	0.21301081293502888	278	11.8608	0.1954356633529308	2.10778362336436	baseline
Cn41	NC_026751.1	354	0.3959543044685685	0.4117678543369079	0.14916542949447661	0.287540055145689	0.5137630662020906	178	1399503	0.25294693902049514	343	22.238999999999997	0.24508700588708993	0.4946265569495032	baseline
Cn41	NC_026752.1	319	0.40476190476190477	0.4365604484437376	0.18008917044772968	0.2947860962566845	0.5776234567901235	70	1398693	0.2280700625512532	298	14.0847	0.21305604589427415	1.490979573579842	baseline
Cn41	NC_026753.1	358	0.3674572531715389	0.4097510121397503	0.18237846587744905	0.26506024096385544	0.5163750344447506	176	1186808	0.30164946646803864	318	17.7912	0.26794561546602313	2.2483025315886507	baseline
Cn41	NC_026754.1	199	0.3246753246753247	0.37225912449588977	0.1882718579823083	0.2163170633319887	0.45958141321044543	152	1059964	0.18774222520764858	171.5	24.462899999999998	0.1617979478548328	1.1241512657943253	baseline
Cn41	NC_026755.1	374	0.3766891891891892	0.41550045412058684	0.19227825458155073	0.2554112554112554	0.5425595238095238	164	1561994	0.2394375394527764	337.5	20.0151	0.2160699720997648	1.8236231645107943	baseline
Cn41	NC_026756.1	374	0.3333333333333333	0.37087334741486916	0.16796731144005847	0.23301558879292186	0.4665865384615384	196	774062	0.48316543119285016	369	25.9455	0.47670600029455	0.1927116455647415	baseline
Cn41	NC_026757.1	241	0.34759358288770054	0.3992351060625635	0.1856637620314157	0.2345679012345679	0.5537190082644629	166	756744	0.31846965420274226	208	21.4977	0.2748617762413709	1.535047935360527	baseline
Cn41	NC_026758.1	147	0.35714285714285715	0.38995531511306136	0.17193492952368028	0.23891935754658905	0.4821433196073861	179	942867	0.15590746096745353	147	14.0847	0.15590746096745353	0	baseline
Cn42	NC_018792.1	1	0.795	0.795	NA	0.795	0.795	200	NA	NA	1	0	NA	NA	NA
Cn42	NC_026745.1	262	0.3556049213943951	0.4046364072162871	0.19270528382276564	0.24020292474531713	0.5405201936702881	179	2291499	0.11433563793831027	220.5	31.875899999999998	0.09622522200533364	1.3019240241059862	baseline
Cn42	NC_026746.1	133	0.3684210526315789	0.4196214513874783	0.18641969539033265	0.28125	0.5666666666666667	65	1621675	0.0820139670402516	113	6.6716999999999995	0.06968103966577767	2.9977367087848674	baseline
Cn42	NC_026747.1	116	0.382573179033356	0.40985060361893605	0.16539553354960804	0.29545012368325974	0.5234574468085107	170.5	1575141	0.07364420074139394	104	10.3782	0.06602583514745664	1.1562698733884489	baseline
Cn42	NC_026748.1	373	0.47844827586206895	0.4545616722989108	0.1840751631533436	0.27906976744186046	0.5793991416309013	187	1084805	0.3438405980798392	360.5	18.5325	0.3323177898331958	0.6744907594765952	baseline
Cn42	NC_026749.1	306	0.3365860624523991	0.3882829955637236	0.17702467131935187	0.24029743476337903	0.50390625	173	1814975	0.1685973636000496	297	33.3585	0.16363861761181284	0.26979630379063807	baseline
Cn42	NC_026750.1	318	0.45958754963494297	0.4342783667536191	0.16076837149455359	0.30806391675956896	0.5210294022197702	203	1422463	0.22355590268428774	278	11.8608	0.1954356633529308	3.3724537973829762	het_enriched
Cn42	NC_026751.1	378	0.37767133382461315	0.4049473214381574	0.16737667972258927	0.26443973815941474	0.5162415603900975	186	1399503	0.2700958840388338	343	22.238999999999997	0.24508700588708993	1.5738117721120557	baseline
Cn42	NC_026752.1	353	0.3894736842105263	0.43073052248438176	0.17947783717415772	0.2857142857142857	0.5555555555555556	84	1398693	0.25237847047207645	298	14.0847	0.21305604589427415	3.9049465022329195	het_enriched
Cn42	NC_026753.1	360	0.3663230240549828	0.40068334404692457	0.17096721319682934	0.2588383838383838	0.5050969251336899	188	1186808	0.30333465901813944	318	17.7912	0.26794561546602313	2.3607176581680833	baseline
Cn42	NC_026754.1	210	0.3196385542168675	0.3642828174711897	0.18734800680634292	0.19912280701754387	0.49502407704654894	177	1059964	0.19811993614877488	171.5	24.462899999999998	0.1617979478548328	1.5738117721120555	baseline
Cn42	NC_026755.1	355	0.36649214659685864	0.4122779164359219	0.18999990346936937	0.25	0.5429591836734694	162	1561994	0.22727360028271557	337.5	20.0151	0.2160699720997648	0.8743398733955863	baseline
Cn42	NC_026756.1	422	0.3422660614525139	0.3743689068733013	0.15407225663036178	0.250307881773399	0.46142330723169045	192	774062	0.5451759678165314	369	25.9455	0.47670600029455	2.04274344298626	baseline
Cn42	NC_026757.1	241	0.35585585585585583	0.4064023366491293	0.198879177433257	0.23157894736842105	0.5404255319148936	184	756744	0.31846965420274226	208	21.4977	0.2748617762413709	1.535047935360527	baseline
Cn42	NC_026758.1	131	0.3961352657004831	0.40561625931276485	0.15691724772665008	0.2763888888888889	0.5062189054726368	193	942867	0.13893794140637014	147	14.0847	0.15590746096745353	-1.1359844370132128	baseline
Cn43	NC_018792.1	1	0.27380952380952384	0.27380952380952384	NA	0.27380952380952384	0.27380952380952384	84	NA	NA	1	0	NA	NA	NA
Cn43	NC_026745.1	236	0.3474955277280859	0.38625877090955957	0.1865441313369439	0.23119977037887485	0.5	206	2291499	0.10298935325740924	220.5	31.875899999999998	0.09622522200533364	0.48626078008777796	baseline
Cn43	NC_026746.1	131	0.36231884057971014	0.44711656196038385	0.21885011571474605	0.2665462547749543	0.6642156862745098	84	1621675	0.0807806743028042	113	6.6716999999999995	0.06968103966577767	2.697963037906381	baseline
Cn43	NC_026747.1	105	0.3736842105263158	0.41850041035655083	0.1842801716925427	0.27601809954751133	0.5244444444444445	187	1575141	0.06666069894695141	104	10.3782	0.06602583514745664	0.09635582278237075	baseline
Cn43	NC_026748.1	389	0.46153846153846156	0.45040923024575863	0.17213950380281698	0.29508196721311475	0.5879828326180258	214	1084805	0.35858979263554275	360.5	18.5325	0.3323177898331958	1.537838931606637	baseline
Cn43	NC_026749.1	367	0.4017467248908297	0.4129009673016261	0.17103663863615348	0.28343083134217684	0.5069780965303353	171	1814975	0.20220664196476537	297	33.3585	0.16363861761181284	2.098415696149407	baseline
Cn43	NC_026750.1	277	0.45081967213114754	0.43177195219394554	0.14948019249379285	0.3211009174311927	0.5196850393700787	219	1422463	0.19473265736964687	278	11.8608	0.1954356633529308	-0.0843113449345744	baseline
Cn43	NC_026751.1	354	0.3963351328903654	0.4293025998633195	0.1643901853848398	0.2957173874512584	0.5384615384615384	211	1399503	0.25294693902049514	343	22.238999999999997	0.24508700588708993	0.4946265569495032	baseline
Cn43	NC_026752.1	331	0.4397905759162304	0.45245810855565366	0.17547673206263764	0.30902090209020905	0.5838014981273408	101	1398693	0.23664950064095552	298	14.0847	0.21305604589427415	2.3429679013397515	baseline
Cn43	NC_026753.1	328	0.38657804459691253	0.42184039834025866	0.17888638731365536	0.281881160818915	0.5199978894048122	209	1186808	0.276371578216527	318	17.7912	0.26794561546602313	0.5620756328971627	baseline
Cn43	NC_026754.1	181	0.3349282296650718	0.3788837019167027	0.1885653722175421	0.22018348623853212	0.4852941176470588	201	1059964	0.17076051639489645	171.5	24.462899999999998	0.1617979478548328	0.3883431645471306	baseline
Cn43	NC_026755.1	363	0.3744493392070485	0.4197875913925499	0.19723393284381982	0.2584965437788018	0.5714285714285714	174	1561994	0.23239525888063592	337.5	20.0151	0.2160699720997648	1.2740381012335686	baseline
Cn43	NC_026756.1	364	0.3624024024024024	0.3878169581294751	0.1578639446941596	0.26700651612178405	0.47435897435897434	212	774062	0.4702465693962499	369	25.9455	0.47670600029455	-0.1927116455647415	baseline
Cn43	NC_026757.1	235	0.3684210526315789	0.42549941731918667	0.1876706400735528	0.2790041493775934	0.5792966930600838	186	756744	0.31054094911885655	208	21.4977	0.2748617762413709	1.2559483107495222	baseline
Cn43	NC_026758.1	152	0.35728573160383076	0.4013194481930759	0.1755449093152959	0.2659722222222222	0.5074106364428945	200	942867	0.16121043583029207	147	14.0847	0.15590746096745353	0.35499513656662907	baseline
Cn44	NC_026745.1	260	0.3497740548881296	0.39390397884228884	0.19020997744824436	0.23340165983401662	0.5138680494263019	180.5	2291499	0.11346284680901018	220.5	31.875899999999998	0.09622522200533364	1.239180697643047	baseline
Cn44	NC_026746.1	146	0.3696512046026609	0.45275563090304627	0.21777899496799735	0.26834840776333146	0.6782834101382488	82	1621675	0.09003036983365964	113	6.6716999999999995	0.06968103966577767	4.946265569495032	het_enriched
Cn44	NC_026747.1	112	0.39147667220292914	0.4261599324928519	0.17113492006679168	0.27716612960973863	0.561663535192947	172	1575141	0.07110474554341484	104	10.3782	0.06602583514745664	0.770846582258966	baseline
Cn44	NC_026748.1	414	0.47344924812030076	0.45643957559954607	0.17604502365320046	0.28751855517070757	0.5885795257874696	194	1084805	0.3816354091288296	360.5	18.5325	0.3323177898331958	2.8868204505598274	baseline
Cn44	NC_026749.1	379	0.3950617283950617	0.4138197063759935	0.16850172376556985	0.27775876232201535	0.5095272661283006	169	1814975	0.20881830328241438	297	33.3585	0.16363861761181284	2.458144101203591	baseline
Cn44	NC_026750.1	297	0.45714285714285713	0.43350182241926716	0.16062938489438688	0.29292929292929293	0.5231481481481481	203	1422463	0.20879277703532537	278	11.8608	0.1954356633529308	1.6019155537569136	baseline
Cn44	NC_026751.1	351	0.4068627450980392	0.41780638647252594	0.15988501707287936	0.2801320799363263	0.5162068300212233	187	1399503	0.25080332089320284	343	22.238999999999997	0.24508700588708993	0.35972840505418413	baseline
Cn44	NC_026752.1	362	0.3809090909090909	0.4111092388362413	0.17636177020621716	0.2731729055258467	0.5274122807017544	106	1398693	0.25881304903935315	298	14.0847	0.21305604589427415	4.543937748052851	het_enriched
Cn44	NC_026753.1	269	0.35858585858585856	0.40577195421403184	0.19421690230272246	0.24352331606217617	0.5223880597014925	186	1186808	0.22665839798855417	318	17.7912	0.26794561546602313	-2.754170601196097	baseline
Cn44	NC_026754.1	230	0.36839403066812704	0.3926793820193761	0.19557373254107357	0.22379160694378086	0.5119333771740856	177.5	1059964	0.21698850149627724	171.5	24.462899999999998	0.1617979478548328	2.391376329053383	baseline
Cn44	NC_026755.1	393	0.3595505617977528	0.4075167610077441	0.19232708470947094	0.2518518518518518	0.5343137254901961	167	1561994	0.2516014786228372	337.5	20.0151	0.2160699720997648	2.772906455626002	baseline
Cn44	NC_026756.1	394	0.38401011849287714	0.39906242561528027	0.1559225862154064	0.27632472826086957	0.4833321885660645	195	774062	0.5090031547860507	369	25.9455	0.47670600029455	0.9635582278237074	baseline
Cn44	NC_026757.1	233	0.4079601990049751	0.4362347297812344	0.20156762746581428	0.2524752475247525	0.5980392156862745	197	756744	0.307898047424228	208	21.4977	0.2748617762413709	1.1629151025458537	baseline
Cn44	NC_026758.1	161	0.405	0.4058976149250895	0.1676883144869398	0.26	0.49760765550239233	182	942867	0.17075579058340148	147	14.0847	0.15590746096745353	0.9939863823865613	baseline
Cn45	NC_026745.1	252	0.3466295609152752	0.3935834430242926	0.18364662171078996	0.2457423176601259	0.5228723404255319	183	2291499	0.10997168229180987	220.5	31.875899999999998	0.09622522200533364	0.9882073917912907	baseline
Cn45	NC_026746.1	123	0.35	0.41175568334834517	0.2010938494675458	0.24296180010465723	0.5876349527665317	72	1621675	0.07584750335301463	113	6.6716999999999995	0.06968103966577767	1.4988683543924337	baseline
Cn45	NC_026747.1	100	0.36321353065539114	0.3952709972090326	0.1731464553889598	0.24059407915735717	0.520487968594268	151	1575141	0.06348637994947753	104	10.3782	0.06602583514745664	-0.385423291129483	baseline
Cn45	NC_026748.1	383	0.47474747474747475	0.45777471939258724	0.1728217857529164	0.3118622448979592	0.5926763867940339	195	1084805	0.3530588446771539	360.5	18.5325	0.3323177898331958	1.2140833670578715	baseline
Cn45	NC_026749.1	291	0.40703517587939697	0.427050677093618	0.18315731883588562	0.2635233918128655	0.5538194444444444	149	1814975	0.16033278695298833	297	33.3585	0.16363861761181284	-0.17986420252709204	baseline
Cn45	NC_026750.1	280	0.4385177048332902	0.422372216190919	0.14312858611669382	0.30983897703054697	0.5028436215700112	209.5	1422463	0.19684167531949864	278	11.8608	0.1954356633529308	0.1686226898691488	baseline
Cn45	NC_026751.1	360	0.39251928076729803	0.410297868124171	0.1592239501816045	0.2776881720430108	0.507833755511774	178	1399503	0.2572341752750798	343	22.238999999999997	0.24508700588708993	0.7644228607401413	baseline
Cn45	NC_026752.1	341	0.3783783783783784	0.4192910506210335	0.18666297308061497	0.25925925925925924	0.5671641791044776	77	1398693	0.24379903238237413	298	14.0847	0.21305604589427415	3.0529581744730097	het_enriched
Cn45	NC_026753.1	351	0.3880597014925373	0.4071200404254321	0.1735431159837618	0.2688843236409608	0.492280701754386	189	1186808	0.29575129254268595	318	17.7912	0.26794561546602313	1.8548495885606366	baseline
Cn45	NC_026754.1	216	0.3296500920810313	0.36792262082692034	0.18026064789822294	0.21016941713483145	0.4726752021563342	168.5	1059964	0.2037805057530256	171.5	24.462899999999998	0.1617979478548328	1.819081139194454	baseline
Cn45	NC_026755.1	346	0.3569855254877281	0.40892227972410133	0.18113695455239628	0.2729534147444595	0.5	150	1561994	0.22151173436005517	337.5	20.0151	0.2160699720997648	0.4246793670778562	baseline
Cn45	NC_026756.1	367	0.32589285714285715	0.3855035964935359	0.16461578168656368	0.2611951382528406	0.47845536816125056	199	774062	0.47412222793523	369	25.9455	0.47670600029455	-0.0770846582258966	baseline
Cn45	NC_026757.1	180	0.3933764274201845	0.4311340366753168	0.1827366060252653	0.28803549571603426	0.5719362906410425	185.5	756744	0.23786115251657097	208	21.4977	0.2748617762413709	-1.3024649148513563	baseline
Cn45	NC_026758.1	164	0.3973684210526316	0.4031551488824652	0.1488104046490519	0.2847644376899696	0.4850649350649351	176	942867	0.1739375755011046	147	14.0847	0.15590746096745353	1.2069834643265387	baseline
Cn46	NC_026745.1	235	0.3627450980392157	0.4071610544509762	0.19354601176902256	0.24796668618647927	0.5173012245601931	212	2291499	0.1025529576927592	220.5	31.875899999999998	0.09622522200533364	0.4548891168563084	baseline
Cn46	NC_026746.1	138	0.4071338780641106	0.4546315464672022	0.2284847075045726	0.2581416885321809	0.6986842105263157	106.5	1621675	0.08509719888387007	113	6.6716999999999995	0.06968103966577767	3.7471708859810846	het_enriched
Cn46	NC_026747.1	113	0.3835616438356164	0.42172994525511837	0.16693896508260006	0.2857142857142857	0.5280373831775701	201	1575141	0.07173960934290961	104	10.3782	0.06602583514745664	0.8672024050413367	baseline
Cn46	NC_026748.1	373	0.45045045045045046	0.4590669884388594	0.16707451346570157	0.32751091703056767	0.5882352941176471	216	1084805	0.3438405980798392	360.5	18.5325	0.3323177898331958	0.6744907594765952	baseline
Cn46	NC_026749.1	357	0.41025641025641024	0.42570230469078213	0.18516956841032337	0.2830188679245283	0.5426008968609866	198	1814975	0.19669692420005785	297	33.3585	0.16363861761181284	1.7986420252709205	baseline
Cn46	NC_026750.1	286	0.4669531282434508	0.43364872353340644	0.14809181554928785	0.3195413961038961	0.5292174138377819	222	1422463	0.2010597112192022	278	11.8608	0.1954356633529308	0.6744907594765952	baseline
Cn46	NC_026751.1	368	0.4	0.421931411658889	0.1632082404441057	0.29103713188220226	0.5186741316453668	213	1399503	0.2629504902811927	343	22.238999999999997	0.24508700588708993	1.1241512657943253	baseline
Cn46	NC_026752.1	347	0.4166666666666667	0.4367386487768631	0.17670746272613613	0.29330061873266483	0.5588235294117647	123	1398693	0.24808875142722528	298	14.0847	0.21305604589427415	3.478952338352965	het_enriched
Cn46	NC_026753.1	296	0.38334542815674894	0.42000397183819543	0.1843299833760783	0.2609825620389001	0.5344827586206896	214	1186808	0.24940849741491464	318	17.7912	0.26794561546602313	-1.2365663923737578	baseline
Cn46	NC_026754.1	143	0.31390134529147984	0.3643304533005706	0.1713409861233487	0.24186046511627907	0.4546383383719628	216	1059964	0.13491024223464193	171.5	24.462899999999998	0.1617979478548328	-1.1650294936413919	baseline
Cn46	NC_026755.1	352	0.3617021276595745	0.41502879266707166	0.1921967761544279	0.25460191981931113	0.5525633640552996	150.5	1561994	0.22535297830849543	337.5	20.0151	0.2160699720997648	0.724453037956343	baseline
Cn46	NC_026756.1	361	0.38	0.40147492013339126	0.16958119486670378	0.2532188841201717	0.502283105022831	217	774062	0.46637091085726984	369	25.9455	0.47670600029455	-0.3083386329035864	baseline
Cn46	NC_026757.1	220	0.3655020250256906	0.42380322048402996	0.19223670015107205	0.262426638591461	0.5624247519408809	206.5	756744	0.2907191864091423	208	21.4977	0.2748617762413709	0.5581992492220098	baseline
Cn46	NC_026758.1	133	0.3922413793103448	0.41389488707970107	0.167836045070154	0.27586206896551724	0.4861111111111111	201	942867	0.14105913135150558	147	14.0847	0.15590746096745353	-0.9939863823865613	baseline
Cn47	NC_026745.1	238	0.3704040535273483	0.4061718273897214	0.19320256736816918	0.2326437282229965	0.5285816912972086	189	2291499	0.10386214438670932	220.5	31.875899999999998	0.09622522200533364	0.5490041065507171	baseline
Cn47	NC_026746.1	140	0.3333333333333333	0.4229854438261733	0.20828796808406874	0.24277726001863936	0.604371921182266	58	1621675	0.08633049162131747	113	6.6716999999999995	0.06968103966577767	4.046944556859572	het_enriched
Cn47	NC_026747.1	101	0.3709677419354839	0.4232500179226911	0.17378373537426034	0.28187919463087246	0.5565610859728507	175	1575141	0.06412124374897231	104	10.3782	0.06602583514745664	-0.2890674683471122	baseline
Cn47	NC_026748.1	407	0.4838709677419355	0.4614058232237287	0.17051547505067213	0.3042247386759582	0.593146966028322	203	1084805	0.37518263651070927	360.5	18.5325	0.3323177898331958	2.5091056252529342	baseline
Cn47	NC_026749.1	362	0.38194191404994104	0.40436346645552373	0.16919828475881762	0.27351325145442795	0.49380031336106756	177.5	1814975	0.19945178308241163	297	33.3585	0.16363861761181284	1.9485288607101638	baseline
Cn47	NC_026750.1	291	0.45714285714285713	0.43454636562970866	0.15144795237932074	0.31320376678020434	0.5090916604678073	214	1422463	0.20457474113562182	278	11.8608	0.1954356633529308	1.0960474841494672	baseline
Cn47	NC_026751.1	361	0.4	0.4323061264795636	0.16966490009201915	0.2985781990521327	0.541871921182266	199	1399503	0.2579487146508439	343	22.238999999999997	0.24508700588708993	0.8093889113719143	baseline
Cn47	NC_026752.1	352	0.4084289496910856	0.444314205999162	0.18316145304445408	0.2916666666666667	0.5971153846153846	80	1398693	0.25166351729793457	298	14.0847	0.21305604589427415	3.8339474749195936	het_enriched
Cn47	NC_026753.1	346	0.3664529914529915	0.40892704274283836	0.16308869019659536	0.2870535316647368	0.4887552143159422	198.5	1186808	0.291538311167434	318	17.7912	0.26794561546602313	1.5738117721120555	baseline
Cn47	NC_026754.1	183	0.34911242603550297	0.3941199608050041	0.18394479446828219	0.25370356856162884	0.5150119796346212	189	1059964	0.1726473729296467	171.5	24.462899999999998	0.1617979478548328	0.47009962024126334	baseline
Cn47	NC_026755.1	371	0.3867924528301887	0.427997852093181	0.19868309364843367	0.25943732193732194	0.5857843137254902	166	1561994	0.23751691747855627	337.5	20.0151	0.2160699720997648	1.673736329071551	baseline
Cn47	NC_026756.1	394	0.34180320873869263	0.3784732711554268	0.1777878006015799	0.22733285233285233	0.4880292652552926	205.5	774062	0.5090031547860507	369	25.9455	0.47670600029455	0.9635582278237074	baseline
Cn47	NC_026757.1	215	0.3869565217391304	0.424293742918215	0.18870180992758975	0.2673758865248227	0.574468085106383	199	756744	0.2841119321725709	208	21.4977	0.2748617762413709	0.3256162287128391	baseline
Cn47	NC_026758.1	148	0.37861650196451957	0.402987434638464	0.1674056102096555	0.2634644766997708	0.49153098739495793	197	942867	0.15696805594002125	147	14.0847	0.15590746096745353	0.0709990273133258	baseline
Cn48	NC_018792.1	1	0.7454545454545455	0.7454545454545455	NA	0.7454545454545455	0.7454545454545455	165	NA	NA	1	0	NA	NA	NA
Cn48	NC_026745.1	279	0.34065934065934067	0.3878544125113863	0.17365592688052114	0.25	0.5	155	2291499	0.12175436253736092	220.5	31.875899999999998	0.09622522200533364	1.8352422990409685	baseline
Cn48	NC_026746.1	133	0.38095238095238093	0.45112544187768155	0.20113025587831257	0.3018867924528302	0.6153846153846154	70	1621675	0.0820139670402516	113	6.6716999999999995	0.06968103966577767	2.9977367087848674	baseline
Cn48	NC_026747.1	113	0.3728813559322034	0.41272933193809846	0.18515661809829645	0.25742574257425743	0.5409090909090909	144	1575141	0.07173960934290961	104	10.3782	0.06602583514745664	0.8672024050413367	baseline
Cn48	NC_026748.1	420	0.4564393939393939	0.44869246354089065	0.18329665265034642	0.2824198410523431	0.5896173603793466	153	1084805	0.3871663570872184	360.5	18.5325	0.3323177898331958	3.210576015108593	het_enriched
Cn48	NC_026749.1	340	0.3672157364465057	0.3993955821978677	0.16495211330231943	0.2717391304347826	0.48717948717948717	143.5	1814975	0.1873304040000551	297	33.3585	0.16363861761181284	1.289026784777493	baseline
Cn48	NC_026750.1	324	0.4652173913043478	0.42653719855369127	0.1616559753309507	0.2901531118274237	0.5161728611500701	185	1422463	0.22777393858399128	278	11.8608	0.1954356633529308	3.8783218669904223	het_enriched
Cn48	NC_026751.1	381	0.391304347826087	0.4093773548049171	0.16677923913342838	0.2647058823529412	0.5058823529411764	163	1399503	0.27223950216612613	343	22.238999999999997	0.24508700588708993	1.7087099240073746	baseline
Cn48	NC_026752.1	338	0.39009661835748793	0.39973073072550636	0.1711171410252623	0.24365692222835084	0.5189411492122336	87	1398693	0.24165417285994853	298	14.0847	0.21305604589427415	2.8399610925330325	baseline
Cn48	NC_026753.1	369	0.3728813559322034	0.39917731400191	0.1859111082560018	0.24870466321243523	0.47150259067357514	169	1186808	0.3109180254935929	318	17.7912	0.26794561546602313	2.8665857277755293	baseline
Cn48	NC_026754.1	222	0.28781258880363736	0.3377687449230594	0.16652130522629985	0.20536239882266372	0.425944669365722	145.5	1059964	0.2094410753572763	171.5	24.462899999999998	0.1617979478548328	2.064350506276852	baseline
Cn48	NC_026755.1	378	0.3670724700136465	0.4024838696442007	0.17730244480558122	0.26251078515962034	0.5093209806801491	137.5	1561994	0.24199836875173658	337.5	20.0151	0.2160699720997648	2.0234722784297854	baseline
Cn48	NC_026756.1	399	0.352112676056338	0.3653535410231735	0.15424527359364115	0.23076923076923078	0.44251346247989365	166	774062	0.5154625856843509	369	25.9455	0.47670600029455	1.1562698733884489	baseline
Cn48	NC_026757.1	236	0.38135454916360667	0.4196096177796829	0.19513122117169826	0.24909420289855072	0.5563537783802102	169	756744	0.3118623999661708	208	21.4977	0.2748617762413709	1.3024649148513563	baseline
Cn48	NC_026758.1	169	0.398876404494382	0.40680800257963934	0.15877988473298782	0.281437125748503	0.5	162	942867	0.17924055036394318	147	14.0847	0.15590746096745353	1.5619786008931678	baseline
Cn49	NC_026745.1	366	0.3774712419574966	0.4206043849484547	0.16616281360650112	0.28819471817106823	0.5659756703078451	210.5	2291499	0.15972077666191434	220.5	31.875899999999998	0.09622522200533364	4.564577000178819	het_enriched
Cn49	NC_026746.1	109	0.4074074074074074	0.45340083998343184	0.2029863525358074	0.2777777777777778	0.6470588235294118	74	1621675	0.06721445419088289	113	6.6716999999999995	0.06968103966577767	-0.5995473417569736	baseline
Cn49	NC_026747.1	188	0.3845786583910241	0.42596929240276	0.18092569684988913	0.2771515613099772	0.5874843554443053	117.5	1575141	0.11935439430501776	104	10.3782	0.06602583514745664	8.093889113719142	het_enriched
Cn49	NC_026748.1	345	0.5046728971962616	0.4802719419340966	0.19036778980888613	0.2966101694915254	0.6535087719298246	210	1084805	0.318029507607358	360.5	18.5325	0.3323177898331958	-0.8363685417509781	baseline
Cn49	NC_026749.1	332	0.38436067244014266	0.41946858476520593	0.18376720816945274	0.26299342105263157	0.5510204081632653	146	1814975	0.1829226297882891	297	33.3585	0.16363861761181284	1.0492078480747036	baseline
Cn49	NC_026750.1	386	0.45096153846153847	0.43445417669709807	0.14067405299750102	0.3289001026342799	0.5136363636363637	212	1422463	0.27136030954759455	278	11.8608	0.1954356633529308	9.105625252934034	het_enriched
Cn49	NC_026751.1	449	0.4240506329113924	0.43309150207991093	0.16961165536964895	0.2872340425531915	0.5578947368421052	182	1399503	0.32082817971808564	343	22.238999999999997	0.24508700588708993	4.76640136696794	het_enriched
Cn49	NC_026752.1	348	0.3717046238785369	0.3972442207916834	0.17035328229752764	0.2627620341614907	0.47950350178343615	207	1398693	0.24880370460136714	298	14.0847	0.21305604589427415	3.54995136566629	het_enriched
Cn49	NC_026753.1	397	0.41228070175438597	0.4318269717506582	0.17299743718019372	0.2926829268292683	0.550561797752809	167	1186808	0.33451072119500375	318	17.7912	0.26794561546602313	4.440397499887585	het_enriched
Cn49	NC_026754.1	307	0.3915094339622642	0.4210230499210348	0.20205311867517833	0.24384384384384383	0.542997542997543	165	1059964	0.28963247808416137	171.5	24.462899999999998	0.1617979478548328	5.538999873277494	het_enriched
Cn49	NC_026755.1	357	0.3645833333333333	0.4173841579339528	0.1985020865591285	0.24675324675324675	0.5526315789473685	162	1561994	0.22855401493219565	337.5	20.0151	0.2160699720997648	0.9742644303550819	baseline
Cn49	NC_026756.1	250	0.3364270640423791	0.3820092521589297	0.1713223306588264	0.24044198222330454	0.5051843317972351	198.5	774062	0.3229715449150068	369	25.9455	0.47670600029455	-4.5865371644408475	het_depleted
Cn49	NC_026757.1	205	0.32075471698113206	0.3672790074929901	0.1673913336641583	0.22959183673469388	0.4868421052631579	178	756744	0.27089742369942804	208	21.4977	0.2748617762413709	-0.13954981230550245	baseline
Cn49	NC_026758.1	130	0.38746770025839794	0.40398891757373445	0.14875182764341036	0.2735499794323324	0.5153181950267758	212	942867	0.13787734643380245	147	14.0847	0.15590746096745353	-1.2069834643265387	baseline
Cn5	NC_026745.1	276	0.37037037037037035	0.3976029699793978	0.1796831276558999	0.24259135472370766	0.523816160556175	179.5	2291499	0.12044517584341081	220.5	31.875899999999998	0.09622522200533364	1.7411273093465598	baseline
Cn5	NC_026746.1	125	0.36649214659685864	0.42226715969317263	0.18403635296429272	0.2804232804232804	0.5882352941176471	91	1621675	0.07708079609046202	113	6.6716999999999995	0.06968103966577767	1.7986420252709205	baseline
Cn5	NC_026747.1	105	0.422360248447205	0.41408377624380366	0.153909880296316	0.2786885245901639	0.5348837209302325	174	1575141	0.06666069894695141	104	10.3782	0.06602583514745664	0.09635582278237075	baseline
Cn5	NC_026748.1	410	0.4473684210526316	0.4562103522654361	0.17334185567821053	0.3086046511627907	0.5997797356828194	192	1084805	0.3779481104899037	360.5	18.5325	0.3323177898331958	2.670983407527317	baseline
Cn5	NC_026749.1	337	0.384180790960452	0.4065489369034153	0.1663172348080468	0.27692307692307694	0.495	172	1814975	0.18567748867064285	297	33.3585	0.16363861761181284	1.199094683513947	baseline
Cn5	NC_026750.1	287	0.4431137724550898	0.4270163891518672	0.14045967697386486	0.33762900099533766	0.49238578680203043	200	1422463	0.20176271720248612	278	11.8608	0.1954356633529308	0.7588021044111696	baseline
Cn5	NC_026751.1	358	0.4	0.41097882695255455	0.1597514758218779	0.28063195892012816	0.5189574874611893	183	1399503	0.2558050965235516	343	22.238999999999997	0.24508700588708993	0.6744907594765952	baseline
Cn5	NC_026752.1	323	0.4318181818181818	0.43642626549724906	0.17638587799719102	0.2837431693989071	0.5448766844647852	96	1398693	0.23092987524782066	298	14.0847	0.21305604589427415	1.774975682833145	baseline
Cn5	NC_026753.1	344	0.3869264200525571	0.40820780237285254	0.17425388295876945	0.2604190132912818	0.5168675025782989	175.5	1186808	0.2898531186173332	318	17.7912	0.26794561546602313	1.4613966455326228	baseline
Cn5	NC_026754.1	223	0.35148514851485146	0.3812690871088816	0.17980034509938456	0.23123996789727128	0.4741302408563782	174	1059964	0.21038450362465141	171.5	24.462899999999998	0.1617979478548328	2.1052287341239184	baseline
Cn5	NC_026755.1	320	0.35683229813664596	0.4094419052624124	0.1828514523337515	0.26729811181499474	0.5308118498417006	149	1561994	0.20486634391681402	337.5	20.0151	0.2160699720997648	-0.8743398733955863	baseline
Cn5	NC_026756.1	407	0.391304347826087	0.39505035848019815	0.1579836911164178	0.267389600209041	0.47115384615384615	188	774062	0.5257976751216311	369	25.9455	0.47670600029455	1.4646085062920353	baseline
Cn5	NC_026757.1	238	0.35270009643201544	0.3970968325295799	0.18551685310606	0.24134168802049968	0.5033185840707964	188.5	756744	0.31450530166079943	208	21.4977	0.2748617762413709	1.3954981230550245	baseline
Cn5	NC_026758.1	131	0.375	0.3928709824159784	0.1621350083834025	0.24930939226519339	0.4870431893687708	183	942867	0.13893794140637014	147	14.0847	0.15590746096745353	-1.1359844370132128	baseline
Cn50	NC_026745.1	226	0.3977272727272727	0.41524076889672007	0.18067869187194646	0.2537184312773191	0.5410900574835001	197.5	2291499	0.09862539761090885	220.5	31.875899999999998	0.09622522200533364	0.1725441477730825	baseline
Cn50	NC_026746.1	115	0.37362637362637363	0.44173273528409	0.18409141057613906	0.2805529953917051	0.6071023470901318	74	1621675	0.07091433240322506	113	6.6716999999999995	0.06968103966577767	0.2997736708784868	baseline
Cn50	NC_026747.1	105	0.3684210526315789	0.4016835953639007	0.16447642517383035	0.2804232804232804	0.5074626865671642	198	1575141	0.06666069894695141	104	10.3782	0.06602583514745664	0.09635582278237075	baseline
Cn50	NC_026748.1	325	0.5087719298245614	0.495900170816451	0.20054671612138988	0.3022222222222222	0.6623376623376623	210	1084805	0.29959301441272856	360.5	18.5325	0.3323177898331958	-1.9155537569135304	baseline
Cn50	NC_026749.1	328	0.44444005452282653	0.435179220231991	0.1809970096186414	0.2777777777777778	0.5466979586103567	194.5	1814975	0.1807187426824061	297	33.3585	0.16363861761181284	0.9292983797233089	baseline
Cn50	NC_026750.1	274	0.46808279458901503	0.43908557829352823	0.14818312701529934	0.33103607770582794	0.5323293727549047	224	1422463	0.1926236394197951	278	11.8608	0.1954356633529308	-0.3372453797382976	baseline
Cn50	NC_026751.1	338	0.42338435374149663	0.43479313798199326	0.15772050929734294	0.30171077730090606	0.5253966885132805	210	1399503	0.24151430900826937	343	22.238999999999997	0.24508700588708993	-0.2248302531588651	baseline
Cn50	NC_026752.1	296	0.43755725190839695	0.44401556673292314	0.17304515807484003	0.30199928808732796	0.5714285714285714	103	1398693	0.21162613954599044	298	14.0847	0.21305604589427415	-0.1419980546266516	baseline
Cn50	NC_026753.1	321	0.3695652173913043	0.3987195197244959	0.16825845123021865	0.2669683257918552	0.4774774774774775	208	1186808	0.27047340429117434	318	17.7912	0.26794561546602313	0.1686226898691488	baseline
Cn50	NC_026754.1	145	0.3192488262910798	0.37236775733280775	0.18475799494745904	0.22556390977443608	0.46788990825688076	210	1059964	0.13679709876939217	171.5	24.462899999999998	0.1617979478548328	-1.083273037947259	baseline
Cn50	NC_026755.1	333	0.35909090909090907	0.40386085770418556	0.18546517632012835	0.25874125874125875	0.5151515151515151	198	1561994	0.2131890391384346	337.5	20.0151	0.2160699720997648	-0.22483025315886504	baseline
Cn50	NC_026756.1	355	0.391304347826087	0.40128318196050095	0.15700350876649743	0.27068236714975846	0.5022526636225266	217	774062	0.45861959377930966	369	25.9455	0.47670600029455	-0.5395926075812761	baseline
Cn50	NC_026757.1	202	0.3772451302807994	0.40723082972617836	0.1754450750103264	0.2639788428324698	0.5288417692658459	204.5	756744	0.2669330711574852	208	21.4977	0.2748617762413709	-0.2790996246110049	baseline
Cn50	NC_026758.1	133	0.3877551020408163	0.41437428989984937	0.15862677274967477	0.2967032967032967	0.5288888888888889	208	942867	0.14105913135150558	147	14.0847	0.15590746096745353	-0.9939863823865613	baseline
Cn51	NC_026745.1	204	0.4233440170940171	0.4241490538013927	0.17180670212673108	0.2732599431818182	0.5362301587301588	207	2291499	0.08902469518860799	220.5	31.875899999999998	0.09622522200533364	-0.5176324433192475	baseline
Cn51	NC_026746.1	127	0.36363636363636365	0.4241412990147175	0.1962762288375692	0.25502603123748496	0.5941176470588235	89	1621675	0.07831408882790941	113	6.6716999999999995	0.06968103966577767	2.098415696149407	baseline
Cn51	NC_026747.1	91	0.36444444444444446	0.3932283643385217	0.1426912793388798	0.2775027502750275	0.44864810330912025	208	1575141	0.057772605754024556	104	10.3782	0.06602583514745664	-1.2526256961708195	baseline
Cn51	NC_026748.1	368	0.48	0.46381536239336923	0.18062439053529775	0.2977203717335296	0.6028729441981855	220	1084805	0.3392314747811819	360.5	18.5325	0.3323177898331958	0.40469445568595713	baseline
Cn51	NC_026749.1	324	0.4485823754789272	0.44091179847061956	0.18121207184662502	0.28125	0.5625	197	1814975	0.1785148555765231	297	33.3585	0.16363861761181284	0.8093889113719143	baseline
Cn51	NC_026750.1	159	0.34579439252336447	0.39128014256502236	0.17559408701610815	0.2636418107812145	0.47403015260158116	215	1422463	0.11177795134214387	278	11.8608	0.1954356633529308	-10.033050047214354	het_depleted
Cn51	NC_026751.1	336	0.4202720785013381	0.4360562434818814	0.1560994127416862	0.31519030844574275	0.537367575929661	207.5	1399503	0.24008523025674117	343	22.238999999999997	0.24508700588708993	-0.31476235442241113	baseline
Cn51	NC_026752.1	290	0.453448275862069	0.4622924097591923	0.18028559515326809	0.3056972789115646	0.6119614512471656	86	1398693	0.2073364205011393	298	14.0847	0.21305604589427415	-0.5679922185066064	baseline
Cn51	NC_026753.1	253	0.35294117647058826	0.40844458680991297	0.1830581050170158	0.26406926406926406	0.5131578947368421	212	1186808	0.213176857587748	318	17.7912	0.26794561546602313	-3.6534916138315574	het_depleted
Cn51	NC_026754.1	146	0.35099889012208657	0.38906520558406554	0.16551484975632744	0.2615782828282828	0.5	212	1059964	0.13774052703676729	171.5	24.462899999999998	0.1617979478548328	-1.0423948101001925	baseline
Cn51	NC_026755.1	321	0.38596491228070173	0.42714266634313613	0.19559226592855652	0.2641509433962264	0.5714285714285714	190	1561994	0.20550655124155406	337.5	20.0151	0.2160699720997648	-0.8243775949158385	baseline
Cn51	NC_026756.1	283	0.4200913242009132	0.412830003282122	0.1516592303092984	0.27945006617992396	0.5100361663652803	223	774062	0.3656037888437877	369	25.9455	0.47670600029455	-3.3146403037135537	het_depleted
Cn51	NC_026757.1	171	0.3939393939393939	0.4330006794397958	0.1705843072320949	0.30180241687717624	0.568693009118541	217	756744	0.22596809489074243	208	21.4977	0.2748617762413709	-1.7211143517678638	baseline
Cn51	NC_026758.1	125	0.4099099099099099	0.43919811919572044	0.17275088012306838	0.3008849557522124	0.5515695067264574	216	942867	0.13257437157096388	147	14.0847	0.15590746096745353	-1.5619786008931678	baseline
Cn52	NC_026745.1	208	0.3679572763684913	0.42691267991807524	0.17820941231500556	0.2800184878855697	0.5745862110026196	215.5	2291499	0.09077027744720814	220.5	31.875899999999998	0.09622522200533364	-0.39214579039336933	baseline
Cn52	NC_026746.1	113	0.358974358974359	0.43193131942846996	0.1913105266840237	0.271889400921659	0.5764705882352941	101	1621675	0.06968103966577767	113	6.6716999999999995	0.06968103966577767	0	baseline
Cn52	NC_026747.1	89	0.38	0.43027584213504744	0.16474683463191409	0.3206751054852321	0.5671641791044776	209	1575141	0.056502878155035005	104	10.3782	0.06602583514745664	-1.445337341735561	baseline
Cn52	NC_026748.1	356	0.4891252955082742	0.48966407276481183	0.18470305470699394	0.31931401740723775	0.6558316795958867	223	1084805	0.3281695788644042	360.5	18.5325	0.3323177898331958	-0.24281667341157429	baseline
Cn52	NC_026749.1	334	0.40359555984555984	0.42415121443127435	0.17911738573817487	0.2561464196372733	0.5287037037037037	210	1814975	0.1840245733412306	297	33.3585	0.16363861761181284	1.109162582250401	baseline
Cn52	NC_026750.1	268	0.469807391983342	0.43506355109540196	0.13465353421156753	0.33261802575107297	0.5115593322530806	226	1422463	0.18840560352009156	278	11.8608	0.1954356633529308	-0.8431134493457441	baseline
Cn52	NC_026751.1	365	0.42857142857142855	0.4387820891247672	0.15792300566843293	0.3076923076923077	0.5358649789029536	215	1399503	0.26080687215390036	343	22.238999999999997	0.24508700588708993	0.9892531138990064	baseline
Cn52	NC_026752.1	321	0.4375	0.45514362802497177	0.17869554103932025	0.28699551569506726	0.5948275862068966	114	1398693	0.22949996889953692	298	14.0847	0.21305604589427415	1.6329776282064936	baseline
Cn52	NC_026753.1	332	0.38326863354037266	0.4201478880136671	0.18408420195189104	0.27519675356615836	0.5164628820960698	218	1186808	0.27974196331672857	318	17.7912	0.26794561546602313	0.7869058860560277	baseline
Cn52	NC_026754.1	141	0.3287671232876712	0.3947273905331115	0.18858851922799208	0.24311926605504589	0.5	217	1059964	0.1330233856998917	171.5	24.462899999999998	0.1617979478548328	-1.2467859493355244	baseline
Cn52	NC_026755.1	316	0.39520528280218203	0.4206526917632549	0.17501790390063193	0.285181236673774	0.5095589154067225	199.5	1561994	0.20230551461785384	337.5	20.0151	0.2160699720997648	-1.0741889873145776	baseline
Cn52	NC_026756.1	351	0.40825688073394495	0.40955048144409006	0.16082892055820266	0.2574106364428945	0.518720809548521	220	774062	0.45345204906066955	369	25.9455	0.47670600029455	-0.6937619240330694	baseline
Cn52	NC_026757.1	194	0.3684210526315789	0.4088822706998429	0.17591104497143925	0.26204053080086487	0.5209646358543418	217	756744	0.25636146437897095	208	21.4977	0.2748617762413709	-0.6512324574256781	baseline
Cn52	NC_026758.1	136	0.35402485942586565	0.39657593565983235	0.15816591267751814	0.264894419306184	0.49412703843083594	213	942867	0.1442409162692087	147	14.0847	0.15590746096745353	-0.7809893004465839	baseline
Cn53	NC_026745.1	216	0.42926013380558836	0.41590793875735715	0.1314437776261351	0.3204110704110704	0.4977922077922078	232	2291499	0.09426144196440846	220.5	31.875899999999998	0.09622522200533364	-0.14117248454161296	baseline
Cn53	NC_026746.1	46	0.2942120927318296	0.318210889163734	0.12123874918626959	0.24411434977578475	0.3491666666666666	224	1621675	0.028365732961290024	113	6.6716999999999995	0.06968103966577767	-10.042417974429307	het_depleted
Cn53	NC_026747.1	54	0.38762626262626265	0.43014803884471486	0.1773533099186791	0.3061635944700461	0.5203804347826086	169	1575141	0.03428264517271787	104	10.3782	0.06602583514745664	-4.817791139118537	het_depleted
Cn53	NC_026748.1	84	0.38603414948453607	0.4567759212967196	0.21689353097009054	0.2639513432491641	0.6556935549550217	193	1084805	0.07743327141744369	360.5	18.5325	0.3323177898331958	-14.919735599622285	het_depleted
Cn53	NC_026749.1	127	0.3891213389121339	0.39003286850432517	0.14448298911106044	0.26505590479389607	0.49215548530617026	227	1814975	0.06997341561178529	297	33.3585	0.16363861761181284	-5.096152404934275	het_depleted
Cn53	NC_026750.1	50	0.2684963347040944	0.3159552176383139	0.1264501032948228	0.23598452590190072	0.33886599511599513	235	1422463	0.03515029916419619	278	11.8608	0.1954356633529308	-19.222986645082962	het_depleted
Cn53	NC_026751.1	91	0.2558139534883721	0.28655091044295455	0.1256895632774773	0.20187268455769405	0.3189860243829914	221	1399503	0.06502308319453406	343	22.238999999999997	0.24508700588708993	-11.3314447592068	het_depleted
Cn53	NC_026752.1	90	0.2713360913200031	0.30227618060153605	0.12695765461943054	0.22244841562269713	0.33850683890577504	223.5	1398693	0.06434578567276736	298	14.0847	0.21305604589427415	-14.767797681171768	het_depleted
Cn53	NC_026753.1	117	0.3893805309734513	0.3824013623015632	0.11654115486134706	0.28820960698689957	0.4675324675324675	224	1186808	0.0985837641808953	318	17.7912	0.26794561546602313	-11.29772022123297	het_depleted
Cn53	NC_026754.1	55	0.2564102564102564	0.29799317586139207	0.12220696166670153	0.22631154156577887	0.32593499252005986	225	1059964	0.051888554705631515	171.5	24.462899999999998	0.1617979478548328	-4.762313544183233	het_depleted
Cn53	NC_026755.1	155	0.329004329004329	0.338882860851937	0.11516698448238165	0.2539102818578801	0.4130087961365988	225	1561994	0.0992321353347068	337.5	20.0151	0.2160699720997648	-9.118115822553971	het_depleted
Cn53	NC_026756.1	110	0.365589519650655	0.3995816042636219	0.1857761812881783	0.24818670014297173	0.489191878080767	230.5	774062	0.142107479762603	369	25.9455	0.47670600029455	-9.982463240253608	het_depleted
Cn53	NC_026757.1	57	0.3173913043478261	0.3482756039243296	0.1318321102961971	0.2543103448275862	0.4025974025974026	229	756744	0.07532269829691414	208	21.4977	0.2748617762413709	-7.024007219376958	het_depleted
Cn53	NC_026758.1	87	0.4364406779661017	0.4699936976626614	0.18578018669477783	0.32410236822001526	0.5995859213250518	146	942867	0.09227176261339086	147	14.0847	0.15590746096745353	-4.259941638799549	het_depleted
Cn54	NC_026745.1	234	0.3930368077211992	0.41511115168201773	0.1751908332835409	0.26466980951285884	0.5166834271922768	210	2291499	0.10211656212810917	220.5	31.875899999999998	0.09622522200533364	0.42351745362483884	baseline
Cn54	NC_026746.1	118	0.36077481840193704	0.40982900556925494	0.18120946042506458	0.26397727272727267	0.5520833333333334	89	1621675	0.07276427150939616	113	6.6716999999999995	0.06968103966577767	0.7494341771962169	baseline
Cn54	NC_026747.1	100	0.38622526636225263	0.39606191107075855	0.1460593726493285	0.2559676989972491	0.5	178.5	1575141	0.06348637994947753	104	10.3782	0.06602583514745664	-0.385423291129483	baseline
Cn54	NC_026748.1	375	0.4722222222222222	0.46498292569257327	0.1697004235350196	0.315672514619883	0.6065147011492076	218	1084805	0.34568424739930215	360.5	18.5325	0.3323177898331958	0.7824092809928505	baseline
Cn54	NC_026749.1	318	0.4580544773122741	0.44474549713214695	0.1744016126713681	0.2956132554596242	0.5591974077766699	192.5	1814975	0.1752090249176986	297	33.3585	0.16363861761181284	0.6295247088448221	baseline
Cn54	NC_026750.1	272	0.48797165294004985	0.45692032568301494	0.14841283256270676	0.34128138395590935	0.5419516874069213	225	1422463	0.19121762745322726	278	11.8608	0.1954356633529308	-0.5058680696074465	baseline
Cn54	NC_026751.1	337	0.42857142857142855	0.43778415292319517	0.15796120747791073	0.31223628691983124	0.5379310344827586	217	1399503	0.24079976963250527	343	22.238999999999997	0.24508700588708993	-0.2697963037906381	baseline
Cn54	NC_026752.1	305	0.4396551724137931	0.4484684006110554	0.16549285634703362	0.30638297872340425	0.5741935483870968	90	1398693	0.2180607181132672	298	14.0847	0.21305604589427415	0.49699319119328067	baseline
Cn54	NC_026753.1	308	0.36820633141896625	0.4037944847072308	0.16892940259993153	0.27059790732436473	0.48486469477658906	215	1186808	0.2595196527155193	318	17.7912	0.26794561546602313	-0.5620756328971627	baseline
Cn54	NC_026754.1	169	0.38461538461538464	0.39688066540999917	0.17262632562485203	0.2613065326633166	0.5083333333333333	212	1059964	0.15943937718639503	171.5	24.462899999999998	0.1617979478548328	-0.10219556961766595	baseline
Cn54	NC_026755.1	334	0.39523000707714084	0.42628889362946815	0.19509963431349495	0.25862068965517243	0.5323378752177031	192	1561994	0.21382924646317464	337.5	20.0151	0.2160699720997648	-0.17486797467911727	baseline
Cn54	NC_026756.1	325	0.3815789473684211	0.38875179024147855	0.14948573615065375	0.2564102564102564	0.48917748917748916	216	774062	0.41986300838950885	369	25.9455	0.47670600029455	-1.6958624809697251	baseline
Cn54	NC_026757.1	213	0.4	0.42429025463348413	0.18566807873037244	0.25	0.544	214	756744	0.2814690304779423	208	21.4977	0.2748617762413709	0.23258302050917076	baseline
Cn54	NC_026758.1	147	0.38738738738738737	0.4018079181155149	0.16164959536855575	0.27884615384615385	0.4837285902503294	207	942867	0.15590746096745353	147	14.0847	0.15590746096745353	0	baseline
Cn55	NC_026745.1	202	0.3970918773124935	0.41855887531505775	0.18288622383755096	0.281010897287271	0.5071549842347806	217	2291499	0.08815190405930791	220.5	31.875899999999998	0.09622522200533364	-0.5803757697821866	baseline
Cn55	NC_026746.1	117	0.40828402366863903	0.4317658527386119	0.17583479565100416	0.273542600896861	0.5392156862745098	103	1621675	0.07214762514067245	113	6.6716999999999995	0.06968103966577767	0.5995473417569736	baseline
Cn55	NC_026747.1	97	0.38197424892703863	0.4249621494924094	0.16300214549978578	0.31868131868131866	0.55	210	1575141	0.06158178855099321	104	10.3782	0.06602583514745664	-0.6744907594765952	baseline
Cn55	NC_026748.1	327	0.4778761061946903	0.48158466378144965	0.16956287219194024	0.3510568928978971	0.6096059972105997	226	1084805	0.30143666373219147	360.5	18.5325	0.3323177898331958	-1.807635235397275	baseline
Cn55	NC_026749.1	312	0.4674385135308782	0.45399418445207756	0.17659934989421133	0.3164451501607465	0.5535950231226602	203	1814975	0.1719031942588741	297	33.3585	0.16363861761181284	0.44966050631773014	baseline
Cn55	NC_026750.1	262	0.4658019729630983	0.43611534982961514	0.138476333098927	0.33814232687623247	0.5235055504246573	230	1422463	0.18418756762038802	278	11.8608	0.1954356633529308	-1.3489815189531904	baseline
Cn55	NC_026751.1	347	0.44396551724137934	0.4476210121105822	0.15666740447612068	0.31637200072163085	0.5444523682177453	217	1399503	0.24794516339014638	343	22.238999999999997	0.24508700588708993	0.17986420252709207	baseline
Cn55	NC_026752.1	319	0.4292682926829268	0.45863899780125084	0.17349284854492797	0.3190142576204523	0.5923856817711566	114	1398693	0.2280700625512532	298	14.0847	0.21305604589427415	1.490979573579842	baseline
Cn55	NC_026753.1	279	0.3333333333333333	0.4119274060159582	0.19287410670669586	0.26153975741239893	0.5831467383191521	216	1186808	0.23508436073905806	318	17.7912	0.26794561546602313	-2.1920949682989344	baseline
Cn55	NC_026754.1	110	0.3970758940909844	0.42461335391155286	0.17097171469418287	0.28341346153846153	0.5244557276446523	217	1059964	0.10377710941126303	171.5	24.462899999999998	0.1617979478548328	-2.5140110125945823	baseline
Cn55	NC_026755.1	318	0.3721177944862155	0.4261249599951156	0.1982228275895242	0.2594417077175698	0.5675420168067227	185	1561994	0.20358592926733393	337.5	20.0151	0.2160699720997648	-0.9742644303550819	baseline
Cn55	NC_026756.1	295	0.4342105263157895	0.41691285400440503	0.15915982962131295	0.271164826246993	0.5167366946778712	227	774062	0.38110642299970804	369	25.9455	0.47670600029455	-2.852132354358174	baseline
Cn55	NC_026757.1	180	0.40842198581560285	0.44409362285377274	0.1761771430635762	0.30208665179993627	0.5836268251522488	217.5	756744	0.23786115251657097	208	21.4977	0.2748617762413709	-1.3024649148513563	baseline
Cn55	NC_026758.1	133	0.3930131004366812	0.4117713640720545	0.15696915880724174	0.2838427947598253	0.5	147	942867	0.14105913135150558	147	14.0847	0.15590746096745353	-0.9939863823865613	baseline
Cn56	NC_026745.1	226	0.38329862960631444	0.4204427942177894	0.17851983342230773	0.270606884057971	0.5467263792010146	211	2291499	0.09862539761090885	220.5	31.875899999999998	0.09622522200533364	0.1725441477730825	baseline
Cn56	NC_026746.1	126	0.3635433715220949	0.4214849651967316	0.16529756160445747	0.29214449541284404	0.5690431323283082	104	1621675	0.07769744245918572	113	6.6716999999999995	0.06968103966577767	1.948528860710164	baseline
Cn56	NC_026747.1	99	0.36403508771929827	0.3992641819035251	0.15319862584259522	0.2885970531710442	0.4890139751552795	193	1575141	0.06285151614998276	104	10.3782	0.06602583514745664	-0.4817791139118537	baseline
Cn56	NC_026748.1	361	0.4892703862660944	0.47934140331372393	0.16725314831884752	0.32432432432432434	0.6033755274261603	221	1084805	0.33277870216306155	360.5	18.5325	0.3323177898331958	0.02697963037906381	baseline
Cn56	NC_026749.1	238	0.41861685705464646	0.44138617551899184	0.19875937955848014	0.259792863002461	0.5979301556688249	141.5	1814975	0.13113128280003858	297	33.3585	0.16363861761181284	-1.7686646581830718	baseline
Cn56	NC_026750.1	273	0.4723404255319149	0.43248758022211264	0.14707723509543877	0.30493273542600896	0.5283018867924528	227	1422463	0.1919206334365112	278	11.8608	0.1954356633529308	-0.42155672467287203	baseline
Cn56	NC_026751.1	371	0.4198473282442748	0.437095064283963	0.1644085416451828	0.2994845360824742	0.5486191453629409	212	1399503	0.265094108408485	343	22.238999999999997	0.24508700588708993	1.2590494176896445	baseline
Cn56	NC_026752.1	293	0.4673913043478261	0.4622614114869639	0.17561880461806886	0.31746031746031744	0.584	93	1398693	0.20948128002356486	298	14.0847	0.21305604589427415	-0.35499513656662907	baseline
Cn56	NC_026753.1	322	0.4029281466916207	0.42711694975412956	0.17085084223339944	0.28091955214596726	0.5234426229508197	210	1186808	0.2713160005662247	318	17.7912	0.26794561546602313	0.22483025315886507	baseline
Cn56	NC_026754.1	176	0.3396241341724975	0.38499023155303486	0.18469834344070193	0.2128663686040735	0.5078226208271052	201.5	1059964	0.16604337505802086	171.5	24.462899999999998	0.1617979478548328	0.1839520253117987	baseline
Cn56	NC_026755.1	332	0.375029897153791	0.4201977488751456	0.18320403693417556	0.28283783783783784	0.5298713235294118	183.5	1561994	0.21254883181369455	337.5	20.0151	0.2160699720997648	-0.27479253163861284	baseline
Cn56	NC_026756.1	355	0.3956043956043956	0.4050957680592802	0.16232303917170726	0.2613351917169189	0.5150887299080182	219	774062	0.45861959377930966	369	25.9455	0.47670600029455	-0.5395926075812761	baseline
Cn56	NC_026757.1	221	0.3761467889908257	0.41994162390977535	0.18877371190472275	0.25213675213675213	0.5560165975103735	211	756744	0.2920406372564566	208	21.4977	0.2748617762413709	0.604715853323844	baseline
Cn56	NC_026758.1	156	0.3720949596624972	0.3934617797951114	0.16064712165268477	0.2601073345259392	0.4637477313974591	210.5	942867	0.16545281572056292	147	14.0847	0.15590746096745353	0.6389912458199323	baseline
Cn57	NC_026745.1	214	0.4004255163053446	0.43312626204312094	0.18936745268734673	0.26988424197162064	0.553704287515763	207	2291499	0.09338865083510837	220.5	31.875899999999998	0.09622522200533364	-0.20391581100455206	baseline
Cn57	NC_026746.1	116	0.3537902775190911	0.4191342846166481	0.18583914296435297	0.2685281385281385	0.5790125065138093	91.5	1621675	0.07153097877194876	113	6.6716999999999995	0.06968103966577767	0.44966050631773014	baseline
Cn57	NC_026747.1	101	0.3852813852813853	0.4207198009447728	0.16833278249423048	0.2780487804878049	0.5365853658536586	193	1575141	0.06412124374897231	104	10.3782	0.06602583514745664	-0.2890674683471122	baseline
Cn57	NC_026748.1	356	0.5	0.47194794372635585	0.1683956528647685	0.3157510857673308	0.60128480246506	221	1084805	0.3281695788644042	360.5	18.5325	0.3323177898331958	-0.24281667341157429	baseline
Cn57	NC_026749.1	285	0.42105263157894735	0.44149708741683186	0.18910554885015088	0.27751196172248804	0.5748987854251012	131	1814975	0.15702695629416383	297	33.3585	0.16363861761181284	-0.3597284050541841	baseline
Cn57	NC_026750.1	275	0.4649122807017544	0.44647641034062724	0.14016565580263815	0.3319386331938633	0.5155567847336087	224	1422463	0.19332664540307903	278	11.8608	0.1954356633529308	-0.25293403480372323	baseline
Cn57	NC_026751.1	367	0.391304347826087	0.4191274779827901	0.15604039426555813	0.2873541349568747	0.5271966527196653	212	1399503	0.26223595090542856	343	22.238999999999997	0.24508700588708993	1.0791852151625525	baseline
Cn57	NC_026752.1	316	0.44494949494949493	0.4504438245023152	0.16820916785807838	0.3	0.5758520874103066	87	1398693	0.22592520302882763	298	14.0847	0.21305604589427415	1.2779824916398645	baseline
Cn57	NC_026753.1	332	0.39474747474747474	0.4206895369222688	0.1745272856101855	0.27064102564102566	0.5141685736079329	210.5	1186808	0.27974196331672857	318	17.7912	0.26794561546602313	0.7869058860560277	baseline
Cn57	NC_026754.1	156	0.35965765415288853	0.3892659374617384	0.1912125807344987	0.237813134732566	0.4838976094181716	214	1059964	0.14717480971051847	171.5	24.462899999999998	0.1617979478548328	-0.6336125316295289	baseline
Cn57	NC_026755.1	324	0.37691324021247297	0.40673717533428616	0.18885779931657415	0.24868217054263564	0.5172950819672131	195.5	1561994	0.2074271732157742	337.5	20.0151	0.2160699720997648	-0.6744907594765952	baseline
Cn57	NC_026756.1	350	0.39161036036036034	0.3938564856397973	0.16064866025251087	0.25785370923736517	0.49947698744769875	218	774062	0.4521601628810095	369	25.9455	0.47670600029455	-0.7323042531460177	baseline
Cn57	NC_026757.1	206	0.38541467733814827	0.4317849696480927	0.19577868343173724	0.2595386430243489	0.5744538834951456	193	756744	0.2722188745467424	208	21.4977	0.2748617762413709	-0.09303320820366831	baseline
Cn57	NC_026758.1	155	0.38666666666666666	0.4221638602667203	0.15165360658095545	0.3138429752066116	0.5020833333333333	211	942867	0.16439222074799523	147	14.0847	0.15590746096745353	0.5679922185066064	baseline
Cn58	NC_026745.1	219	0.38235294117647056	0.41640421585580556	0.1883571997851028	0.2544661910859094	0.5338669950738917	208	2291499	0.09557062865835858	220.5	31.875899999999998	0.09622522200533364	-0.04705749484720432	baseline
Cn58	NC_026746.1	109	0.3673469387755102	0.4206172191081882	0.1797534034904999	0.2570093457943925	0.5476190476190477	85	1621675	0.06721445419088289	113	6.6716999999999995	0.06968103966577767	-0.5995473417569736	baseline
Cn58	NC_026747.1	99	0.4008438818565401	0.42174064456133564	0.15575599607756918	0.2947019867549669	0.5119465392369148	188	1575141	0.06285151614998276	104	10.3782	0.06602583514745664	-0.4817791139118537	baseline
Cn58	NC_026748.1	363	0.4801762114537445	0.47155602568463645	0.1726813603450234	0.32	0.6113406795224977	224	1084805	0.3346223514825245	360.5	18.5325	0.3323177898331958	0.13489815189531904	baseline
Cn58	NC_026749.1	263	0.441025641025641	0.448557952492477	0.19407998665156967	0.2811560788834452	0.6110395880270357	122	1814975	0.14490557721180733	297	33.3585	0.16363861761181284	-1.0192304809868549	baseline
Cn58	NC_026750.1	272	0.46153846153846156	0.44308045615766106	0.138527356116893	0.36350108225108224	0.5056583654375344	228	1422463	0.19121762745322726	278	11.8608	0.1954356633529308	-0.5058680696074465	baseline
Cn58	NC_026751.1	359	0.4090909090909091	0.42346636940107446	0.15093413367060804	0.3129319955406912	0.5096669750231266	218	1399503	0.2565196358993157	343	22.238999999999997	0.24508700588708993	0.7194568101083683	baseline
Cn58	NC_026752.1	292	0.4507042253521127	0.46173607644555437	0.1730079045502134	0.3358085808580858	0.5906675170068028	101.5	1398693	0.208766326849423	298	14.0847	0.21305604589427415	-0.42599416387995487	baseline
Cn58	NC_026753.1	291	0.3778801843317972	0.4139694442411573	0.17333797443457263	0.28442340791738385	0.49701599039927347	218	1186808	0.2451955160396627	318	17.7912	0.26794561546602313	-1.5176042088223392	baseline
Cn58	NC_026754.1	172	0.3782144944476914	0.41234708187901675	0.17970499130176923	0.25	0.5304418103448276	208	1059964	0.16226966198852039	171.5	24.462899999999998	0.1617979478548328	0.02043911392353319	baseline
Cn58	NC_026755.1	333	0.38636363636363635	0.43180173888274315	0.19316557219473746	0.28	0.5482456140350878	170	1561994	0.2131890391384346	337.5	20.0151	0.2160699720997648	-0.22483025315886504	baseline
Cn58	NC_026756.1	355	0.37037037037037035	0.3846462363772973	0.15299218946105111	0.2468864468864469	0.47173432152918265	220	774062	0.45861959377930966	369	25.9455	0.47670600029455	-0.5395926075812761	baseline
Cn58	NC_026757.1	183	0.3688888888888889	0.4062518226596308	0.17084543090638202	0.27296895197678106	0.5280179067613461	200	756744	0.24182550505851383	208	21.4977	0.2748617762413709	-1.1629151025458537	baseline
Cn58	NC_026758.1	148	0.3389121338912134	0.39814489956378707	0.17835148796718175	0.26057412532822366	0.5070213086363979	214.5	942867	0.15696805594002125	147	14.0847	0.15590746096745353	0.0709990273133258	baseline
Cn59	NC_018792.1	1	0.7428571428571429	0.7428571428571429	NA	0.7428571428571429	0.7428571428571429	35	NA	NA	1	0	NA	NA	NA
Cn59	NC_026745.1	223	0.40559440559440557	0.41686387929966284	0.17637875267248204	0.2549107677566176	0.5301801801801802	210	2291499	0.09731621091695873	220.5	31.875899999999998	0.09622522200533364	0.07842915807867386	baseline
Cn59	NC_026746.1	109	0.37719298245614036	0.4119787901848639	0.17299764074195975	0.27312775330396477	0.5465116279069767	108	1621675	0.06721445419088289	113	6.6716999999999995	0.06968103966577767	-0.5995473417569736	baseline
Cn59	NC_026747.1	102	0.3990950226244344	0.4198153257432822	0.16009382177634668	0.2933569979716024	0.5407680256008534	168	1575141	0.06475610754846708	104	10.3782	0.06602583514745664	-0.1927116455647415	baseline
Cn59	NC_026748.1	358	0.49458833358651066	0.4840590113680328	0.17612644971413693	0.3256015709417338	0.6345170598359826	221.5	1084805	0.33001322818386714	360.5	18.5325	0.3323177898331958	-0.13489815189531904	baseline
Cn59	NC_026749.1	326	0.4315555555555556	0.43303303794913905	0.18034059788528725	0.27662079510703363	0.56493868450390194	206	1814975	0.1796167991294646	297	33.3585	0.16363861761181284	0.8693436455476116	baseline
Cn59	NC_026750.1	285	0.4847161572052402	0.43646448115473696	0.1472302810988313	0.3013698630136986	0.5319148936170213	226	1422463	0.20035670523591828	278	11.8608	0.1954356633529308	0.5901794145420208	baseline
Cn59	NC_026751.1	364	0.4508692866768286	0.44990571745383084	0.1818883935865813	0.28940667175961293	0.576569587013607	217	1399503	0.26009233277813626	343	22.238999999999997	0.24508700588708993	0.9442870632672333	baseline
Cn59	NC_026752.1	298	0.43822570123939986	0.44305912999369246	0.16459440972067288	0.31423914368119593	0.5406968737088556	102.5	1398693	0.21305604589427415	298	14.0847	0.21305604589427415	0	baseline
Cn59	NC_026753.1	317	0.35944700460829493	0.4026437396548077	0.1744169933247311	0.2636363636363636	0.4845814977973568	215	1186808	0.26710301919097273	318	17.7912	0.26794561546602313	-0.05620756328971627	baseline
Cn59	NC_026754.1	168	0.3609181452962839	0.3805281409762163	0.185005250252803	0.2197684047440966	0.48328855878634636	205.5	1059964	0.1584959489190199	171.5	24.462899999999998	0.1617979478548328	-0.1430737974647323	baseline
Cn59	NC_026755.1	313	0.37606837606837606	0.42759587358653156	0.19106048691224345	0.27586206896551724	0.6	198	1561994	0.20038489264363374	337.5	20.0151	0.2160699720997648	-1.2240758227538209	baseline
Cn59	NC_026756.1	351	0.4008097165991903	0.40969675060275373	0.16978902761394768	0.25313091597495263	0.537308139957809	218	774062	0.45345204906066955	369	25.9455	0.47670600029455	-0.6937619240330694	baseline
Cn59	NC_026757.1	204	0.40786637931034486	0.4262420984396812	0.1796732140289386	0.27765151515151515	0.547979797979798	215	756744	0.26957597285211377	208	21.4977	0.2748617762413709	-0.18606641640733662	baseline
Cn59	NC_026758.1	140	0.38103913442549997	0.40734316496457856	0.1624415334963422	0.26784324821390676	0.4967948717948718	212	942867	0.14848329615947956	147	14.0847	0.15590746096745353	-0.49699319119328067	baseline
Cn6	NC_026745.1	227	0.3623853211009174	0.3905133300480842	0.18054272310267486	0.22788382594417078	0.5107603686635944	206	2291499	0.0990617931755589	220.5	31.875899999999998	0.09622522200533364	0.20391581100455206	baseline
Cn6	NC_026746.1	120	0.41565040650406504	0.4667493047153343	0.22258580122780064	0.27565247252747255	0.7142857142857143	115.5	1621675	0.07399756424684355	113	6.6716999999999995	0.06968103966577767	1.0492078480747036	baseline
Cn6	NC_026747.1	104	0.3905793250066436	0.43266431577556325	0.16911486503580156	0.3160869565217391	0.5495283018867925	197	1575141	0.06602583514745664	104	10.3782	0.06602583514745664	0	baseline
Cn6	NC_026748.1	364	0.48743502682763246	0.4636079394495506	0.17023310635471772	0.3273311306901615	0.5941912346097368	212	1084805	0.33554417614225596	360.5	18.5325	0.3323177898331958	0.18885741265344666	baseline
Cn6	NC_026749.1	313	0.42424242424242425	0.42336625313669807	0.17102783075300093	0.295	0.5306122448979592	184	1814975	0.17245416603534486	297	33.3585	0.16363861761181284	0.4796378734055788	baseline
Cn6	NC_026750.1	269	0.45794392523364486	0.4376094532061518	0.13452567027065843	0.3488372093023256	0.502283105022831	216	1422463	0.1891086095033755	278	11.8608	0.1954356633529308	-0.7588021044111696	baseline
Cn6	NC_026751.1	332	0.43171713530401346	0.4385770766363038	0.17546436562232381	0.2919760726072607	0.5401191430862642	205	1399503	0.2372270727536847	343	22.238999999999997	0.24508700588708993	-0.4946265569495032	baseline
Cn6	NC_026752.1	317	0.422680412371134	0.4393984606711155	0.16892513849942112	0.3055555555555556	0.5555555555555556	124	1398693	0.22664015620296948	298	14.0847	0.21305604589427415	1.3489815189531904	baseline
Cn6	NC_026753.1	271	0.389937106918239	0.4246412726586008	0.19575495771882334	0.2561212746537561	0.5727513227513228	203	1186808	0.22834359053865494	318	17.7912	0.26794561546602313	-2.6417554746166645	baseline
Cn6	NC_026754.1	167	0.2727272727272727	0.3462797525918412	0.1938651428506691	0.19620423546302942	0.4148114630467572	204	1059964	0.1575525206516448	171.5	24.462899999999998	0.1617979478548328	-0.1839520253117987	baseline
Cn6	NC_026755.1	315	0.38461538461538464	0.42288733532381767	0.1890052367044438	0.27011376796784525	0.5386904761904762	179	1561994	0.20166530729311383	337.5	20.0151	0.2160699720997648	-1.1241512657943253	baseline
Cn6	NC_026756.1	323	0.39903846153846156	0.39494343043298863	0.16149600335084985	0.2567321949586263	0.4776767918360839	212	774062	0.4172792360301888	369	25.9455	0.47670600029455	-1.7729471391956217	baseline
Cn6	NC_026757.1	200	0.36891419083199906	0.4233383225417956	0.19424615249717328	0.26267635640564346	0.5669219300623476	214	756744	0.26429016946285666	208	21.4977	0.2748617762413709	-0.37213283281467324	baseline
Cn6	NC_026758.1	120	0.36285266457680254	0.3964500650203841	0.17310988883417308	0.2668027158986878	0.4988915359671762	201.5	942867	0.12727139670812532	147	14.0847	0.15590746096745353	-1.9169737374597968	baseline
Cn60	NC_026745.1	199	0.3813559322033898	0.4223259604460524	0.17798686278355788	0.2662817311693716	0.556598334401025	206	2291499	0.0868427173653578	220.5	31.875899999999998	0.09622522200533364	-0.6744907594765952	baseline
Cn60	NC_026746.1	102	0.3561548511701886	0.4262688740458419	0.18439156204805535	0.2903540563144689	0.5785955530537574	88.5	1621675	0.06289792960981701	113	6.6716999999999995	0.06968103966577767	-1.6487551898316772	baseline
Cn60	NC_026747.1	108	0.40454545454545454	0.4116027164189877	0.14532959932047418	0.3061186186186186	0.48401378186129224	198.5	1575141	0.06856529034543574	104	10.3782	0.06602583514745664	0.385423291129483	baseline
Cn60	NC_026748.1	368	0.49557522123893805	0.4738297880034692	0.17372896766205811	0.312417328042328	0.6096239179457337	218.5	1084805	0.3392314747811819	360.5	18.5325	0.3323177898331958	0.40469445568595713	baseline
Cn60	NC_026749.1	303	0.4444444444444444	0.44440919227379483	0.17830787458876227	0.2897368421052632	0.5792495349835456	204	1814975	0.16694444827063734	297	33.3585	0.16363861761181284	0.17986420252709204	baseline
Cn60	NC_026750.1	263	0.46794871794871795	0.43380067647085585	0.13777761870947247	0.32400886802295253	0.5122788010111954	222	1422463	0.18489057360367195	278	11.8608	0.1954356633529308	-1.264670174018616	baseline
Cn60	NC_026751.1	334	0.4376341201716738	0.4449881985662172	0.16475370702629463	0.3099759111855886	0.5554281345565749	216	1399503	0.23865615150521294	343	22.238999999999997	0.24508700588708993	-0.40469445568595713	baseline
Cn60	NC_026752.1	309	0.44711538461538464	0.4612383371803658	0.17008614790242668	0.330188679245283	0.5806451612903226	86	1398693	0.22092053080983462	298	14.0847	0.21305604589427415	0.7809893004465839	baseline
Cn60	NC_026753.1	311	0.38589211618257263	0.4219418618594459	0.1727004128185171	0.28677694548481064	0.4905816944651896	214	1186808	0.26204744154067044	318	17.7912	0.26794561546602313	-0.39345294302801387	baseline
Cn60	NC_026754.1	145	0.3333333333333333	0.3899607730361361	0.19041485317035037	0.24299065420560748	0.47058823529411764	211	1059964	0.13679709876939217	171.5	24.462899999999998	0.1617979478548328	-1.083273037947259	baseline
Cn60	NC_026755.1	336	0.35869709182418497	0.4104281100533037	0.19042600994663628	0.2605388563049853	0.5165182755388941	193	1561994	0.21510966111265473	337.5	20.0151	0.2160699720997648	-0.07494341771962168	baseline
Cn60	NC_026756.1	368	0.371361069955552	0.39530639379255483	0.16055324369955845	0.26626051893408137	0.4894757784761049	215	774062	0.47541411411489004	369	25.9455	0.47670600029455	-0.0385423291129483	baseline
Cn60	NC_026757.1	212	0.3817791366382762	0.42467852555267044	0.17995636263571183	0.2688405797101449	0.5595777323202805	214	756744	0.28014757963062803	208	21.4977	0.2748617762413709	0.18606641640733662	baseline
Cn60	NC_026758.1	137	0.37089201877934275	0.40281329922349324	0.1607559062345579	0.2791666666666667	0.481981981981982	217	942867	0.14530151124177643	147	14.0847	0.15590746096745353	-0.7099902731332581	baseline
Cn61	NC_018792.1	1	0.21904761904761905	0.21904761904761905	NA	0.21904761904761905	0.21904761904761905	105	NA	NA	1	0	NA	NA	NA
Cn61	NC_026745.1	244	0.364878841607565	0.40185177172244374	0.18712340449467288	0.23725687458081823	0.5133540372670807	203.5	2291499	0.10648051777460955	220.5	31.875899999999998	0.09622522200533364	0.7372340859395343	baseline
Cn61	NC_026746.1	119	0.36764705882352944	0.4211510277154123	0.1879810861071175	0.2813435628742515	0.5714285714285714	86	1621675	0.07338091787811984	113	6.6716999999999995	0.06968103966577767	0.8993210126354603	baseline
Cn61	NC_026747.1	93	0.38095238095238093	0.40040890922487354	0.1639620080606773	0.24663677130044842	0.5231481481481481	201	1575141	0.059042333353014106	104	10.3782	0.06602583514745664	-1.0599140506060782	baseline
Cn61	NC_026748.1	362	0.4891285852035318	0.4670121572117992	0.17018944831868194	0.32184828088048023	0.5860226937813144	216	1084805	0.333700526822793	360.5	18.5325	0.3323177898331958	0.08093889113719142	baseline
Cn61	NC_026749.1	294	0.4521594433098858	0.44887264204397503	0.19374433039519726	0.2819996597289174	0.5946838909393976	202	1814975	0.16198570228240058	297	33.3585	0.16363861761181284	-0.08993210126354602	baseline
Cn61	NC_026750.1	273	0.45614035087719296	0.4307005426542271	0.14343552321749703	0.31788079470198677	0.5044642857142857	224	1422463	0.1919206334365112	278	11.8608	0.1954356633529308	-0.42155672467287203	baseline
Cn61	NC_026751.1	338	0.4106442577030812	0.42491167499155635	0.1629414618538954	0.29445322099350535	0.5182403433476395	209	1399503	0.24151430900826937	343	22.238999999999997	0.24508700588708993	-0.2248302531588651	baseline
Cn61	NC_026752.1	302	0.4482660196945911	0.45196625175985755	0.17812410047471053	0.29453189726594864	0.57575	92	1398693	0.2159158585908416	298	14.0847	0.21305604589427415	0.2839961092533032	baseline
Cn61	NC_026753.1	320	0.3860952040085898	0.4189396690407746	0.1777662821764996	0.2772865853658537	0.5015060240963856	209	1186808	0.26963080801612394	318	17.7912	0.26794561546602313	0.11241512657943253	baseline
Cn61	NC_026754.1	161	0.3502824858757062	0.38997022921830343	0.19363670338742012	0.20512820512820512	0.5	198	1059964	0.15189195104739406	171.5	24.462899999999998	0.1617979478548328	-0.429221392394197	baseline
Cn61	NC_026755.1	332	0.3784963741305313	0.4244912298749174	0.18756450737740304	0.2689443535188216	0.5654334828101644	190	1561994	0.21254883181369455	337.5	20.0151	0.2160699720997648	-0.27479253163861284	baseline
Cn61	NC_026756.1	361	0.3627906976744186	0.3890290337795386	0.1519531757114587	0.2610619469026549	0.49586776859504134	218	774062	0.46637091085726984	369	25.9455	0.47670600029455	-0.3083386329035864	baseline
Cn61	NC_026757.1	213	0.3673469387755102	0.41315908709907145	0.18071804029247845	0.2692307692307692	0.522633744855967	201	756744	0.2814690304779423	208	21.4977	0.2748617762413709	0.23258302050917076	baseline
Cn61	NC_026758.1	146	0.3775299963640771	0.3872907924857397	0.15332619257184393	0.2566603018730678	0.4799262801354851	211	942867	0.1548468659948858	147	14.0847	0.15590746096745353	-0.0709990273133258	baseline
Cn62	NC_026745.1	217	0.37719298245614036	0.4229097407533414	0.1946152209222851	0.25663716814159293	0.5347826086956522	214	2291499	0.0946978375290585	220.5	31.875899999999998	0.09622522200533364	-0.1098008213101434	baseline
Cn62	NC_026746.1	107	0.33540372670807456	0.431448399527924	0.20469499181470527	0.256832298136646	0.6538288288288289	95	1621675	0.0659811614534355	113	6.6716999999999995	0.06968103966577767	-0.8993210126354603	baseline
Cn62	NC_026747.1	104	0.39272030651340994	0.42326445838590215	0.17392305936303448	0.2795282845034089	0.5584577114427861	191	1575141	0.06602583514745664	104	10.3782	0.06602583514745664	0	baseline
Cn62	NC_026748.1	357	0.47058823529411764	0.4760130532892336	0.16995601804472427	0.32340425531914896	0.6125	225	1084805	0.32909140352413563	360.5	18.5325	0.3323177898331958	-0.18885741265344666	baseline
Cn62	NC_026749.1	322	0.4258241758241758	0.4334110086446506	0.17602617313212113	0.280735627522902	0.538615530958146	207.5	1814975	0.1774129120235816	297	33.3585	0.16363861761181284	0.7494341771962169	baseline
Cn62	NC_026750.1	258	0.4630832130832131	0.4438540148015294	0.13374907218193774	0.3500059794307582	0.5095850840336134	227	1422463	0.18137554368725234	278	11.8608	0.1954356633529308	-1.6862268986914881	baseline
Cn62	NC_026751.1	347	0.4057971014492754	0.42477690351018005	0.16049585906050143	0.30137614678899083	0.5224729407448174	220	1399503	0.24794516339014638	343	22.238999999999997	0.24508700588708993	0.17986420252709207	baseline
Cn62	NC_026752.1	312	0.44329896907216493	0.4603779052546196	0.1718919363344104	0.3324324324324324	0.5964285714285714	97	1398693	0.2230653903322602	298	14.0847	0.21305604589427415	0.9939863823865613	baseline
Cn62	NC_026753.1	314	0.38778574196048043	0.41961001450815527	0.16525312295753194	0.29230377685024944	0.5	219.5	1186808	0.2645752303658216	318	17.7912	0.26794561546602313	-0.22483025315886507	baseline
Cn62	NC_026754.1	153	0.3287671232876712	0.3833927184633724	0.18767642164526555	0.2192513368983957	0.4957627118644068	222	1059964	0.1443445249083931	171.5	24.462899999999998	0.1617979478548328	-0.756247215170728	baseline
Cn62	NC_026755.1	304	0.3630681818181818	0.41673239077846386	0.1841707611843671	0.26591296581959895	0.5555555555555556	206	1561994	0.19462302672097334	337.5	20.0151	0.2160699720997648	-1.673736329071551	baseline
Cn62	NC_026756.1	334	0.38913752913752914	0.39082350638683344	0.1617881760028022	0.24155267871682137	0.4978902953586498	222	774062	0.4314899840064491	369	25.9455	0.47670600029455	-1.3489815189531904	baseline
Cn62	NC_026757.1	210	0.3622293791375917	0.42632950172447015	0.1917318846569677	0.27342651195499296	0.5964413875598087	207	756744	0.2775046779359995	208	21.4977	0.2748617762413709	0.09303320820366831	baseline
Cn62	NC_026758.1	140	0.35777496839443745	0.3962724744663995	0.15656642286419556	0.2871819960861056	0.5008620689655172	211	942867	0.14848329615947956	147	14.0847	0.15590746096745353	-0.49699319119328067	baseline
Cn63	NC_018792.1	1	0.5714285714285714	0.5714285714285714	NA	0.5714285714285714	0.5714285714285714	35	NA	NA	1	0	NA	NA	NA
Cn63	NC_026745.1	236	0.3820855614973262	0.4203775396909898	0.1772416713758837	0.2859752589182969	0.5269074675324675	210	2291499	0.10298935325740924	220.5	31.875899999999998	0.09622522200533364	0.48626078008777796	baseline
Cn63	NC_026746.1	115	0.38967136150234744	0.4388903613833086	0.17669312759464662	0.29637823664372337	0.5341085271317829	118	1621675	0.07091433240322506	113	6.6716999999999995	0.06968103966577767	0.2997736708784868	baseline
Cn63	NC_026747.1	113	0.43612334801762115	0.42931448736315947	0.1608294625745973	0.3076923076923077	0.5384615384615384	194	1575141	0.07173960934290961	104	10.3782	0.06602583514745664	0.8672024050413367	baseline
Cn63	NC_026748.1	386	0.47757802445302444	0.4784637279751973	0.1672825317756431	0.33094351222334734	0.6084663120567376	220	1084805	0.35582431865634834	360.5	18.5325	0.3323177898331958	1.3759611493322543	baseline
Cn63	NC_026749.1	313	0.4666666666666667	0.4526198954959278	0.18010129690937146	0.32	0.5616438356164384	187	1814975	0.17245416603534486	297	33.3585	0.16363861761181284	0.4796378734055788	baseline
Cn63	NC_026750.1	276	0.47046360917248253	0.4305180756751169	0.14944334334440987	0.29250604351329573	0.5192318319977893	223	1422463	0.19402965138636297	278	11.8608	0.1954356633529308	-0.1686226898691488	baseline
Cn63	NC_026751.1	349	0.4212962962962963	0.43078267002248716	0.1610107757431903	0.2972972972972973	0.5333333333333333	215	1399503	0.24937424214167458	343	22.238999999999997	0.24508700588708993	0.2697963037906381	baseline
Cn63	NC_026752.1	313	0.43333333333333335	0.44635045966060766	0.18321044016980234	0.3008849557522124	0.5789473684210527	109	1398693	0.22378034350640205	298	14.0847	0.21305604589427415	1.0649854096998872	baseline
Cn63	NC_026753.1	338	0.3797979797979798	0.4118431033399921	0.17957693710808303	0.26239436619718315	0.5176991150442478	207.5	1186808	0.2847975409670309	318	17.7912	0.26794561546602313	1.1241512657943253	baseline
Cn63	NC_026754.1	162	0.3355263157894737	0.3576201359591126	0.16445495744563035	0.21521407715562907	0.46574074074074073	211	1059964	0.15283537931476918	171.5	24.462899999999998	0.1617979478548328	-0.3883431645471306	baseline
Cn63	NC_026755.1	309	0.36086956521739133	0.411639087142033	0.1906577120654158	0.2636363636363636	0.5129310344827587	193	1561994	0.19782406334467356	337.5	20.0151	0.2160699720997648	-1.423924936672812	baseline
Cn63	NC_026756.1	365	0.3901345291479821	0.4064487031030743	0.16271561697048864	0.2669683257918552	0.5087719298245614	217	774062	0.47153845557590995	369	25.9455	0.47670600029455	-0.1541693164517932	baseline
Cn63	NC_026757.1	220	0.3545684538289384	0.39987115250865213	0.1736444670946417	0.25318740399385564	0.5185280494081318	208	756744	0.2907191864091423	208	21.4977	0.2748617762413709	0.5581992492220098	baseline
Cn63	NC_026758.1	154	0.402667084418509	0.4298520056889176	0.16998282626591174	0.29219533208020054	0.5148717948717949	210.5	942867	0.1633316257754275	147	14.0847	0.15590746096745353	0.49699319119328067	baseline
Cn64	NC_026745.1	213	0.461864406779661	0.4397953283872785	0.1265966037966783	0.3684210526315789	0.5041666666666667	228	2291499	0.09295225527045835	220.5	31.875899999999998	0.09622522200533364	-0.2352874742360216	baseline
Cn64	NC_026746.1	44	0.2988091209070141	0.3419886186293616	0.1261531369410729	0.28055555555555556	0.39653110047846885	212.5	1621675	0.027132440223842633	113	6.6716999999999995	0.06968103966577767	-10.342191645307793	het_depleted
Cn64	NC_026747.1	58	0.34549071618037136	0.41794620140458283	0.19613564126289487	0.27809523809523806	0.5674603174603174	163.5	1575141	0.03682210037069697	104	10.3782	0.06602583514745664	-4.432367847989054	het_depleted
Cn64	NC_026748.1	100	0.46153846153846156	0.4933527703059932	0.21070013972492946	0.3031021760409608	0.6793196143863551	173.5	1084805	0.09218246597314725	360.5	18.5325	0.3323177898331958	-14.056387427492243	het_depleted
Cn64	NC_026749.1	131	0.36813186813186816	0.38465300460632057	0.12780161698300183	0.28038011695906434	0.47815552503052505	221	1814975	0.07217730271766828	297	33.3585	0.16363861761181284	-4.97624293658288	het_depleted
Cn64	NC_026750.1	53	0.25316455696202533	0.3079495209607528	0.12800324313845599	0.23318385650224216	0.3347826086956522	228	1422463	0.03725931711404796	278	11.8608	0.1954356633529308	-18.97005261027924	het_depleted
Cn64	NC_026751.1	61	0.2511013215859031	0.31457641958937244	0.18074734434472345	0.17475728155339806	0.36764705882352944	206	1399503	0.04358690192161074	343	22.238999999999997	0.24508700588708993	-12.680426278159992	het_depleted
Cn64	NC_026752.1	88	0.25326086956521743	0.2689178448739772	0.08108110771382623	0.21804050871408384	0.29207025323841757	218	1398693	0.06291587932448364	298	14.0847	0.21305604589427415	-14.90979573579842	het_depleted
Cn64	NC_026753.1	112	0.39868995633187776	0.4021299007767075	0.12195081360900717	0.3247209498821541	0.468246015390142	223	1186808	0.09437078280564337	318	17.7912	0.26794561546602313	-11.57875803768155	het_depleted
Cn64	NC_026754.1	59	0.25943396226415094	0.3027671709084137	0.12617558248608027	0.21407835837432965	0.3372827804107425	212	1059964	0.05566226777513199	171.5	24.462899999999998	0.1617979478548328	-4.598800632794967	het_depleted
Cn64	NC_026755.1	129	0.3333333333333333	0.33912166805815236	0.12066989357574605	0.2320675105485232	0.42410714285714285	223	1561994	0.08258674489146565	337.5	20.0151	0.2160699720997648	-10.417135063027414	het_depleted
Cn64	NC_026756.1	107	0.41284403669724773	0.4199530889068039	0.17173748279854267	0.28448804414469653	0.48893783651492906	219	774062	0.1382318212236229	369	25.9455	0.47670600029455	-10.098090227592454	het_depleted
Cn64	NC_026757.1	71	0.30973451327433627	0.3495613127824174	0.14147468956904452	0.24099220354529322	0.4279039609436085	225	756744	0.09382301015931412	208	21.4977	0.2748617762413709	-6.372774761951279	het_depleted
Cn64	NC_026758.1	78	0.39866471556612404	0.4284010953834936	0.17299583224161386	0.27024321997417133	0.5041719571920914	212.5	942867	0.08272640786028146	147	14.0847	0.15590746096745353	-4.898932884619481	het_depleted
Cn65	NC_026745.1	212	0.34840130264229147	0.3976698581534559	0.17802048906441442	0.2575018754688672	0.5181006694768163	210.5	2291499	0.0925158597058083	220.5	31.875899999999998	0.09622522200533364	-0.26665913746749115	baseline
Cn65	NC_026746.1	108	0.3798920377867746	0.45328230365216754	0.20200507096423867	0.26101443909663086	0.631578947368421	77.5	1621675	0.06659780782215918	113	6.6716999999999995	0.06968103966577767	-0.7494341771962169	baseline
Cn65	NC_026747.1	97	0.38848920863309355	0.4201478869210562	0.1629206659031647	0.28879310344827586	0.5191489361702127	192	1575141	0.06158178855099321	104	10.3782	0.06602583514745664	-0.6744907594765952	baseline
Cn65	NC_026748.1	360	0.4956331045003814	0.47830959724054245	0.16811355431902658	0.3430751047598582	0.6098073648361004	221	1084805	0.3318568775033301	360.5	18.5325	0.3323177898331958	-0.02697963037906381	baseline
Cn65	NC_026749.1	266	0.42359203296703296	0.425891814194726	0.18849149545844673	0.23600472620599738	0.5615915152157404	140.5	1814975	0.14655849254121958	297	33.3585	0.16363861761181284	-0.9292983797233089	baseline
Cn65	NC_026750.1	266	0.46536731634182904	0.43019503602017184	0.13716585803208522	0.32750360601689676	0.5065360403788352	227	1422463	0.18699959155352372	278	11.8608	0.1954356633529308	-1.011736139214893	baseline
Cn65	NC_026751.1	346	0.43653014247727906	0.44434791195871043	0.15567484157320463	0.3225806451612903	0.5444214876033058	214	1399503	0.24723062401438226	343	22.238999999999997	0.24508700588708993	0.13489815189531906	baseline
Cn65	NC_026752.1	302	0.43111395646606915	0.4529662927610931	0.1739411193072004	0.3148148148148148	0.5919264588329336	110	1398693	0.2159158585908416	298	14.0847	0.21305604589427415	0.2839961092533032	baseline
Cn65	NC_026753.1	317	0.3915343915343915	0.4196597215728763	0.1717461030055083	0.2727272727272727	0.5236051502145923	216	1186808	0.26710301919097273	318	17.7912	0.26794561546602313	-0.05620756328971627	baseline
Cn65	NC_026754.1	159	0.3274336283185841	0.3971130365284929	0.19539040090351958	0.25302175664786464	0.5022229247762255	218	1059964	0.15000509451264382	171.5	24.462899999999998	0.1617979478548328	-0.5109778480883297	baseline
Cn65	NC_026755.1	293	0.36	0.42219925974111644	0.19164503813530787	0.2692307692307692	0.55	174	1561994	0.18758074614883286	337.5	20.0151	0.2160699720997648	-2.2233213923487765	baseline
Cn65	NC_026756.1	341	0.4052863436123348	0.4072819317074485	0.16792462392444774	0.26576576576576577	0.509009009009009	220	774062	0.44053318726406926	369	25.9455	0.47670600029455	-1.0791852151625523	baseline
Cn65	NC_026757.1	196	0.3458333333333333	0.39444283361913446	0.17212525696329609	0.2583720612356479	0.5016094420600858	212	756744	0.2590043660735995	208	21.4977	0.2748617762413709	-0.5581992492220098	baseline
Cn65	NC_026758.1	128	0.39811320754716983	0.417446554182601	0.15469721029695144	0.3092292089249493	0.5005364806866953	148.5	942867	0.135756156488667	147	14.0847	0.15590746096745353	-1.3489815189531904	baseline
Cn66	NC_026745.1	207	0.3888888888888889	0.41238984898005826	0.1856823937521049	0.25828460038986356	0.517672861143204	206	2291499	0.0903338818825581	220.5	31.875899999999998	0.09622522200533364	-0.42351745362483884	baseline
Cn66	NC_026746.1	117	0.3333333333333333	0.4034044646107135	0.17858048611853344	0.2641509433962264	0.5052083333333334	93	1621675	0.07214762514067245	113	6.6716999999999995	0.06968103966577767	0.5995473417569736	baseline
Cn66	NC_026747.1	104	0.3674880586514607	0.3855048632897961	0.16849168667262365	0.23244958924570575	0.48902086498906716	197	1575141	0.06602583514745664	104	10.3782	0.06602583514745664	0	baseline
Cn66	NC_026748.1	354	0.5	0.4866544187169998	0.17963655085525562	0.30643939393939396	0.6225108111878357	216.5	1084805	0.3263259295449412	360.5	18.5325	0.3323177898331958	-0.3507351949278295	baseline
Cn66	NC_026749.1	314	0.41522988505747127	0.4318031792907308	0.1854129486494366	0.2677255019478573	0.5534802109722164	145	1814975	0.1730051378118156	297	33.3585	0.16363861761181284	0.5096152404934274	baseline
Cn66	NC_026750.1	280	0.4521143537820131	0.4266902266119759	0.14240720077564586	0.33736559139784944	0.5129877495462796	223	1422463	0.19684167531949864	278	11.8608	0.1954356633529308	0.1686226898691488	baseline
Cn66	NC_026751.1	351	0.4017094017094017	0.42469099063305843	0.16716159094594435	0.28249853632931576	0.5364221615294577	212	1399503	0.25080332089320284	343	22.238999999999997	0.24508700588708993	0.35972840505418413	baseline
Cn66	NC_026752.1	299	0.4117647058823529	0.4386490105234763	0.17847411296624568	0.2928052361754019	0.5656275635767022	98	1398693	0.213770999068416	298	14.0847	0.21305604589427415	0.0709990273133258	baseline
Cn66	NC_026753.1	332	0.4033119658119658	0.4181495167585061	0.1656487912088041	0.2902807955874979	0.48978913373860183	204.5	1186808	0.27974196331672857	318	17.7912	0.26794561546602313	0.7869058860560277	baseline
Cn66	NC_026754.1	173	0.37104072398190047	0.39827387545540416	0.1758526307469346	0.23671497584541062	0.5146443514644351	209	1059964	0.1632130902558955	171.5	24.462899999999998	0.1617979478548328	0.06131734177059957	baseline
Cn66	NC_026755.1	293	0.3705357142857143	0.4277116397636711	0.1898528449745146	0.2692307692307692	0.5608695652173913	201	1561994	0.18758074614883286	337.5	20.0151	0.2160699720997648	-2.2233213923487765	baseline
Cn66	NC_026756.1	357	0.3787878787878788	0.4028067271445401	0.14820341624607283	0.2706766917293233	0.5	214	774062	0.4612033661386297	369	25.9455	0.47670600029455	-0.4625079493553796	baseline
Cn66	NC_026757.1	195	0.4	0.42838382044659645	0.16735659796016758	0.2951475155279503	0.5602692140686062	214	756744	0.2576829152262852	208	21.4977	0.2748617762413709	-0.604715853323844	baseline
Cn66	NC_026758.1	140	0.4034934086629002	0.43921685566185364	0.1846838412022345	0.29712187958883995	0.528711991575622	156.5	942867	0.14848329615947956	147	14.0847	0.15590746096745353	-0.49699319119328067	baseline
Cn67	NC_026745.1	15	0.2532188841201717	0.28527447411913714	0.06827935774769138	0.2252659574468085	0.34500805152979064	224	2291499	0.006545933469750588	220.5	31.875899999999998	0.09622522200533364	-6.446876794066991	het_depleted
Cn67	NC_026746.1	1	0.4230769230769231	0.4230769230769231	NA	0.4230769230769231	0.4230769230769231	26	1621675	6.166463687236962e-4	113	6.6716999999999995	0.06968103966577767	-16.787325569195257	het_depleted
Cn67	NC_026747.1	9	0.33043478260869563	0.30792567700908646	0.051442824612984966	0.24644549763033174	0.334841628959276	221	1575141	0.005713774195452978	104	10.3782	0.06602583514745664	-9.15380316432522	het_depleted
Cn67	NC_026748.1	18	0.3043382514864567	0.32078533842747775	0.12947989426341605	0.1929443962352313	0.45346552858746564	221.5	1084805	0.016592843875166505	360.5	18.5325	0.3323177898331958	-18.481046809658707	het_depleted
Cn67	NC_026749.1	8	0.2728538825093896	0.27013472820533224	0.06618160243005651	0.22184343434343434	0.3113350419384902	221	1814975	0.004407774211766003	297	33.3585	0.16363861761181284	-8.663459088388267	het_depleted
Cn67	NC_026750.1	41	0.34334763948497854	0.3533056453434499	0.09075899210682174	0.29130434782608694	0.3793103448275862	229	1422463	0.028823245314640873	278	11.8608	0.1954356633529308	-19.981788749494132	het_depleted
Cn67	NC_026751.1	8	0.5021739130434782	0.4575800270520799	0.1591186449710306	0.37539682539682545	0.5889383542221971	229.5	1399503	0.005716315006112885	343	22.238999999999997	0.24508700588708993	-15.06362696164396	het_depleted
Cn67	NC_026752.1	18	0.2233786610878661	0.22701130019254118	0.03282986241840621	0.20691131317902695	0.24770642201834864	222	1398693	0.012869157134553473	298	14.0847	0.21305604589427415	-19.879727647731226	het_depleted
Cn67	NC_026753.1	60	0.3144367929168716	0.31739078273196836	0.09250514271033888	0.22672702440743678	0.3967391304347826	225.5	1186808	0.05055577650302324	318	17.7912	0.26794561546602313	-14.501551328746796	het_depleted
Cn67	NC_026754.1	22	0.21475093916182855	0.22867051691812698	0.054154984351563296	0.1823095823095823	0.2827357008772938	211.5	1059964	0.020755421882252607	171.5	24.462899999999998	0.1617979478548328	-6.111295063136423	het_depleted
Cn67	NC_026755.1	13	0.2544642857142857	0.26387453872142846	0.04045718827962261	0.2511013215859031	0.2857142857142857	222	1561994	0.00832269522162057	337.5	20.0151	0.2160699720997648	-16.212759366678156	het_depleted
Cn67	NC_026756.1	1	0.2962962962962963	0.2962962962962963	NA	0.2962962962962963	0.2962962962962963	27	774062	0.0012918861796600272	369	25.9455	0.47670600029455	-14.183577113564974	het_depleted
Cn67	NC_026757.1	12	0.44840012366193915	0.4417495433154987	0.125326688046792	0.36033411033411034	0.5018257694314032	231	756744	0.0158574101677714	208	21.4977	0.2748617762413709	-9.117254403959494	het_depleted
Cn67	NC_026758.1	23	0.43171806167400884	0.40633255971824533	0.07655454521652755	0.3873035826524199	0.44943944943944947	222	942867	0.024393684369057356	147	14.0847	0.15590746096745353	-8.803879386852401	het_depleted
Cn68	NC_026745.1	15	0.2807017543859649	0.29379419063017054	0.049609310095788436	0.26200873362445415	0.34392787402883374	228	2291499	0.006545933469750588	220.5	31.875899999999998	0.09622522200533364	-6.446876794066991	het_depleted
Cn68	NC_026746.1	5	0.24378109452736318	0.2837352610273719	0.09056622305353607	0.2193877551020408	0.3148148148148148	197	1621675	0.003083231843618481	113	6.6716999999999995	0.06968103966577767	-16.187778227438287	het_depleted
Cn68	NC_026747.1	8	0.2823684210526316	0.2897686035276454	0.07391133974831915	0.247543574027964	0.3503856624319419	227.5	1575141	0.005078910395958203	104	10.3782	0.06602583514745664	-9.250158987107591	het_depleted
Cn68	NC_026748.1	15	0.27510917030567683	0.2846353687783128	0.10494027040115118	0.17792998477929983	0.38420487915066637	224	1084805	0.013827369895972086	360.5	18.5325	0.3323177898331958	-18.64292459193309	het_depleted
Cn68	NC_026749.1	18	0.24159991990388466	0.2672480252054414	0.056233067892757636	0.2313728872024836	0.3082154042454472	225	1814975	0.009917491976473505	297	33.3585	0.16363861761181284	-8.36368541750978	het_depleted
Cn68	NC_026750.1	47	0.3169642857142857	0.35010783501680287	0.11250234784251834	0.27869931542917326	0.3956552706552706	223	1422463	0.033041281214344416	278	11.8608	0.1954356633529308	-19.475920679886688	het_depleted
Cn68	NC_026751.1	10	0.4816931216931217	0.4386363591369698	0.16231559050937142	0.2829166666666667	0.5917792792792793	212	1399503	0.007145393757641106	343	22.238999999999997	0.24508700588708993	-14.973694860380414	het_depleted
Cn68	NC_026752.1	18	0.2420662044722195	0.23991388309127246	0.017069485766702207	0.22378023884862713	0.25297619047619047	198	1398693	0.012869157134553473	298	14.0847	0.21305604589427415	-19.879727647731226	het_depleted
Cn68	NC_026753.1	73	0.31277533039647576	0.3207939060594002	0.10947823800660944	0.23788546255506607	0.39436619718309857	221	1186808	0.06150952807867827	318	17.7912	0.26794561546602313	-13.770853005980484	het_depleted
Cn68	NC_026754.1	10	0.25562623839816456	0.25156201613729195	0.026064077159074005	0.24517380640250347	0.26801801801801806	220.5	1059964	0.009434282673751184	171.5	24.462899999999998	0.1617979478548328	-6.60183379730122	het_depleted
Cn68	NC_026755.1	23	0.30869565217391304	0.31475154878565925	0.04815999646763188	0.2771512954759028	0.3558902330112852	225	1561994	0.014724768469021009	337.5	20.0151	0.2160699720997648	-15.71313658188068	het_depleted
Cn68	NC_026756.1	1	0.3496932515337423	0.3496932515337423	NA	0.3496932515337423	0.3496932515337423	163	774062	0.0012918861796600272	369	25.9455	0.47670600029455	-14.183577113564974	het_depleted
Cn68	NC_026757.1	12	0.44871259304268574	0.43115916510815455	0.11355691040550528	0.34746376811594204	0.4776959241846518	227.5	756744	0.0158574101677714	208	21.4977	0.2748617762413709	-9.117254403959494	het_depleted
Cn68	NC_026758.1	20	0.3846342939263293	0.37010924461415096	0.07209507659013577	0.33691663342640604	0.41245600804424337	231.5	942867	0.02121189945135422	147	14.0847	0.15590746096745353	-9.016876468792377	het_depleted
Cn69	NC_026745.1	14	0.25768514205868653	0.27832616395096677	0.0656291219880897	0.24827981651376146	0.2779113761703219	220.5	2291499	0.006109537905100548	220.5	31.875899999999998	0.09622522200533364	-6.478248457298461	het_depleted
Cn69	NC_026746.1	8	0.20740867190167292	0.25131744349574364	0.08378614300040413	0.20593383511290042	0.2527380952380952	201	1621675	0.00493317094978957	113	6.6716999999999995	0.06968103966577767	-15.738117721120554	het_depleted
Cn69	NC_026747.1	9	0.32432432432432434	0.34823825824837373	0.1619479628412978	0.31088082901554404	0.3282828282828283	186	1575141	0.005713774195452978	104	10.3782	0.06602583514745664	-9.15380316432522	het_depleted
Cn69	NC_026748.1	17	0.2604166666666667	0.3302584354365785	0.143162344626723	0.2138364779874214	0.48214285714285715	192	1084805	0.015671019215435032	360.5	18.5325	0.3323177898331958	-18.535006070416838	het_depleted
Cn69	NC_026749.1	17	0.2912621359223301	0.29778170719984687	0.06957459825131262	0.23857868020304568	0.33185840707964603	205	1814975	0.009366520200002755	297	33.3585	0.16363861761181284	-8.393662784597629	het_depleted
Cn69	NC_026750.1	53	0.3333333333333333	0.3482059180227515	0.11528356277817556	0.2923076923076923	0.39090909090909093	204	1422463	0.03725931711404796	278	11.8608	0.1954356633529308	-18.97005261027924	het_depleted
Cn69	NC_026751.1	12	0.314174237130212	0.36339482107921184	0.1880683751183678	0.1861413043478261	0.5589907155940125	197	1399503	0.008574472509169326	343	22.238999999999997	0.24508700588708993	-14.883762759116868	het_depleted
Cn69	NC_026752.1	10	0.1902326196140629	0.18753902412438556	0.009542574372989152	0.18560439560439562	0.19205405845477488	187.5	1398693	0.0071495317414185956	298	14.0847	0.21305604589427415	-20.447719866237833	het_depleted
Cn69	NC_026753.1	87	0.3211009174311927	0.3194717606905139	0.10453696679534534	0.24110850333995307	0.39550353028613894	189	1186808	0.07330587592938369	318	17.7912	0.26794561546602313	-12.983947119924457	het_depleted
Cn69	NC_026754.1	11	0.24120603015075376	0.23244800075482297	0.030459704773263273	0.20952842706951108	0.2454727564102564	194	1059964	0.010377710941126304	171.5	24.462899999999998	0.1617979478548328	-6.560955569454154	het_depleted
Cn69	NC_026755.1	19	0.27956989247311825	0.28847423542148837	0.05036897591357814	0.26327949962658703	0.29285309132161086	206	1561994	0.012163939170060834	337.5	20.0151	0.2160699720997648	-15.912985695799671	het_depleted
Cn69	NC_026756.1	3	0.3157894736842105	0.30468779014789865	0.0639092093126931	0.2758722649319929	0.3390541571319603	89	774062	0.0038756585389800816	369	25.9455	0.47670600029455	-14.106492455339076	het_depleted
Cn69	NC_026757.1	14	0.38746843434343436	0.3943105612137316	0.12667414841796606	0.28226596597488196	0.4896813676411694	189	756744	0.018500311862399966	208	21.4977	0.2748617762413709	-9.024221195755826	het_depleted
Cn69	NC_026758.1	20	0.35451019303626197	0.3243903152028271	0.05746423623450522	0.2904566996984058	0.3680069755854509	219.5	942867	0.02121189945135422	147	14.0847	0.15590746096745353	-9.016876468792377	het_depleted
Cn7	NC_026745.1	242	0.3617437980559989	0.40633391028458726	0.1893496675234841	0.2558344706570482	0.524734095926149	199.5	2291499	0.10560772664530947	220.5	31.875899999999998	0.09622522200533364	0.6744907594765952	baseline
Cn7	NC_026746.1	125	0.375609756097561	0.45450362330346156	0.23252332862146097	0.25	0.7049180327868853	96	1621675	0.07708079609046202	113	6.6716999999999995	0.06968103966577767	1.7986420252709205	baseline
Cn7	NC_026747.1	106	0.42820324005891014	0.4487749566784884	0.15832662559183922	0.3347826086956522	0.5437748090833988	189	1575141	0.06729556274644619	104	10.3782	0.06602583514745664	0.1927116455647415	baseline
Cn7	NC_026748.1	385	0.4827586206896552	0.4667766152454745	0.16722401061234599	0.32663316582914576	0.5903083700440529	209	1084805	0.3549024939966169	360.5	18.5325	0.3323177898331958	1.3220018885741267	baseline
Cn7	NC_026749.1	328	0.4088319088319088	0.41511047136359686	0.16785149947399228	0.2737106643356644	0.50449500327654	200	1814975	0.1807187426824061	297	33.3585	0.16363861761181284	0.9292983797233089	baseline
Cn7	NC_026750.1	280	0.45813138307079804	0.42489564543438096	0.14455183891236298	0.31177794448612156	0.5161830357142857	214	1422463	0.19684167531949864	278	11.8608	0.1954356633529308	0.1686226898691488	baseline
Cn7	NC_026751.1	362	0.41920798595875386	0.42713907459838935	0.16797167348946024	0.2914746543778802	0.5288054309915297	203	1399503	0.258663254026608	343	22.238999999999997	0.24508700588708993	0.8543549620036873	baseline
Cn7	NC_026752.1	300	0.4237491190979563	0.4368762483117172	0.17645893948221225	0.29310893610249067	0.5384615384615384	117	1398693	0.21448595224255787	298	14.0847	0.21305604589427415	0.1419980546266516	baseline
Cn7	NC_026753.1	337	0.3870967741935484	0.42226800484197236	0.1823872085344093	0.27403846153846156	0.5342465753424658	202	1186808	0.2839549446919805	318	17.7912	0.26794561546602313	1.067943702504609	baseline
Cn7	NC_026754.1	162	0.3356807511737089	0.37960753116350965	0.18519985598833252	0.21739130434782608	0.5086363636363637	202	1059964	0.15283537931476918	171.5	24.462899999999998	0.1617979478548328	-0.3883431645471306	baseline
Cn7	NC_026755.1	360	0.3656841161121983	0.41161671895133384	0.18757181866606354	0.2630463871543265	0.5212418300653594	180	1561994	0.2304746369064158	337.5	20.0151	0.2160699720997648	1.1241512657943253	baseline
Cn7	NC_026756.1	370	0.3666789551295555	0.386927763022142	0.15482366755179117	0.26024800163968026	0.47990041292203056	207	774062	0.47799788647421004	369	25.9455	0.47670600029455	0.0385423291129483	baseline
Cn7	NC_026757.1	232	0.32623839009287925	0.3858713257877769	0.18923352533199653	0.237245599559956	0.501984126984127	208	756744	0.3065765965769137	208	21.4977	0.2748617762413709	1.1163984984440196	baseline
Cn7	NC_026758.1	133	0.4008810572687225	0.4084778794023678	0.16393209710688497	0.2777777777777778	0.4873096446700508	205	942867	0.14105913135150558	147	14.0847	0.15590746096745353	-0.9939863823865613	baseline
Cn70	NC_026745.1	14	0.2377507469056765	0.2707160251960758	0.06991348153368804	0.21927083333333333	0.32768645357686454	222	2291499	0.006109537905100548	220.5	31.875899999999998	0.09622522200533364	-6.478248457298461	het_depleted
Cn70	NC_026746.1	6	0.18522091452826547	0.19359956808128242	0.02521518526464539	0.17413432267884324	0.20871306268986467	216	1621675	0.003699878212342177	113	6.6716999999999995	0.06968103966577767	-16.037891391999043	het_depleted
Cn70	NC_026747.1	7	0.3256880733944954	0.31734791915762334	0.03742263267436698	0.32425925925925925	0.3357369894207505	214	1575141	0.004444046596463427	104	10.3782	0.06602583514745664	-9.346514809889962	het_depleted
Cn70	NC_026748.1	11	0.41350210970464135	0.3642266828451545	0.11490446894780473	0.28309409888357256	0.4642443813932652	227	1084805	0.010140071257046197	360.5	18.5325	0.3323177898331958	-18.858761634965603	het_depleted
Cn70	NC_026749.1	16	0.2230527638190955	0.24257232772477594	0.058055608311306225	0.20747337308260716	0.276572617946346	205.5	1814975	0.008815548423532006	297	33.3585	0.16363861761181284	-8.423640151685477	het_depleted
Cn70	NC_026750.1	51	0.3436123348017621	0.3628294763391116	0.10746729163748589	0.27823027226580527	0.41573613302585266	223	1422463	0.03585330514748011	278	11.8608	0.1954356633529308	-19.13867530014839	het_depleted
Cn70	NC_026751.1	10	0.44750453720508165	0.38958588916476744	0.18736610148852567	0.18441289559301982	0.5659815834440858	220	1399503	0.007145393757641106	343	22.238999999999997	0.24508700588708993	-14.973694860380414	het_depleted
Cn70	NC_026752.1	13	0.21585903083700442	0.21961922858755792	0.028861150956409936	0.2	0.21875	224	1398693	0.009294391263844175	298	14.0847	0.21305604589427415	-20.234722784297855	het_depleted
Cn70	NC_026753.1	74	0.34169335895793296	0.3153011072318327	0.08580891582859532	0.23348637440758294	0.38679961441137484	216	1186808	0.06235212435372866	318	17.7912	0.26794561546602313	-13.714645442690768	het_depleted
Cn70	NC_026754.1	10	0.26087449668235696	0.2578753289448905	0.022397448977891914	0.25792442350417527	0.2682231020027946	228	1059964	0.009434282673751184	171.5	24.462899999999998	0.1617979478548328	-6.60183379730122	het_depleted
Cn70	NC_026755.1	20	0.26553051126992855	0.2723866736883952	0.043824040484242106	0.2549426020408163	0.2754530281354316	222.5	1561994	0.012804146494800876	337.5	20.0151	0.2160699720997648	-15.863023417319923	het_depleted
Cn70	NC_026756.1	1	0.27461139896373055	0.27461139896373055	NA	0.27461139896373055	0.27461139896373055	193	774062	0.0012918861796600272	369	25.9455	0.47670600029455	-14.183577113564974	het_depleted
Cn70	NC_026757.1	14	0.3755926042983565	0.37470986198628914	0.10087644974554826	0.2975836769342712	0.44757169287696574	220.5	756744	0.018500311862399966	208	21.4977	0.2748617762413709	-9.024221195755826	het_depleted
Cn70	NC_026758.1	27	0.35555555555555557	0.33925276039428404	0.07006179093693085	0.265224358974359	0.40176794286383327	225	942867	0.0286360642593282	147	14.0847	0.15590746096745353	-8.519883277599098	het_depleted
Cn71	NC_018792.1	1	0.18691588785046728	0.18691588785046728	NA	0.18691588785046728	0.18691588785046728	107	NA	NA	1	0	NA	NA	NA
Cn71	NC_026745.1	213	0.37681159420289856	0.40621419550588206	0.18204702719600943	0.2579185520361991	0.5	216	2291499	0.09295225527045835	220.5	31.875899999999998	0.09622522200533364	-0.2352874742360216	baseline
Cn71	NC_026746.1	110	0.38366571699905033	0.43387710121872874	0.19039363161333364	0.2696517891496729	0.6070119920053297	90.5	1621675	0.06783110055960657	113	6.6716999999999995	0.06968103966577767	-0.44966050631773014	baseline
Cn71	NC_026747.1	99	0.3695652173913043	0.40632464672537083	0.16508521026559475	0.26721724524076146	0.5	206	1575141	0.06285151614998276	104	10.3782	0.06602583514745664	-0.4817791139118537	baseline
Cn71	NC_026748.1	326	0.49364395367627256	0.4780922722959854	0.16433077117252579	0.35992678027603187	0.5850452433357789	227	1084805	0.30051483907246	360.5	18.5325	0.3323177898331958	-1.8615944961554027	baseline
Cn71	NC_026749.1	293	0.42857142857142855	0.44593392817387434	0.1797463240882319	0.29955947136563876	0.5606060606060606	210	1814975	0.16143473050592985	297	33.3585	0.16363861761181284	-0.1199094683513947	baseline
Cn71	NC_026750.1	274	0.4789915966386555	0.4464669941603009	0.13448944121880385	0.35060572687224667	0.5130153673163418	229	1422463	0.1926236394197951	278	11.8608	0.1954356633529308	-0.3372453797382976	baseline
Cn71	NC_026751.1	350	0.40491259795057266	0.42892897653344025	0.16436109946600125	0.2945271114173737	0.5323293727549047	218	1399503	0.2500887815174387	343	22.238999999999997	0.24508700588708993	0.31476235442241113	baseline
Cn71	NC_026752.1	296	0.45757906215921484	0.4598835087428174	0.1687616695797863	0.3125	0.5909090909090909	100	1398693	0.21162613954599044	298	14.0847	0.21305604589427415	-0.1419980546266516	baseline
Cn71	NC_026753.1	314	0.391535455053043	0.42086276265054157	0.17526726618394206	0.28695652173913044	0.5236842105263158	215.5	1186808	0.2645752303658216	318	17.7912	0.26794561546602313	-0.22483025315886507	baseline
Cn71	NC_026754.1	148	0.3405129232618714	0.39208577018949886	0.18164640202864277	0.23952380952380953	0.5	222	1059964	0.13962738357151752	171.5	24.462899999999998	0.1617979478548328	-0.9606383544060599	baseline
Cn71	NC_026755.1	298	0.38595815931792377	0.43302542892134654	0.19565105848911651	0.26403508771929823	0.554216288897426	195.5	1561994	0.19078178277253308	337.5	20.0151	0.2160699720997648	-1.9735099999500376	baseline
Cn71	NC_026756.1	339	0.4	0.4042134333910629	0.15624650674435153	0.27151962886437175	0.5085470085470085	224	774062	0.4379494149047492	369	25.9455	0.47670600029455	-1.1562698733884489	baseline
Cn71	NC_026757.1	175	0.34710743801652894	0.408418065874293	0.17211281510339405	0.27058029689608637	0.5173913043478261	219	756744	0.23125389827999956	208	21.4977	0.2748617762413709	-1.535047935360527	baseline
Cn71	NC_026758.1	123	0.37083333333333335	0.3982481015050933	0.16414829491079458	0.27675070028011206	0.4818394024276377	204	942867	0.13045318162582847	147	14.0847	0.15590746096745353	-1.7039766555198195	baseline
Cn72	NC_026745.1	187	0.4083333333333333	0.4361722989497195	0.1777963668211194	0.3017094017094017	0.5714285714285714	206	2291499	0.08160597058955732	220.5	31.875899999999998	0.09622522200533364	-1.0509507182542297	baseline
Cn72	NC_026746.1	115	0.3333333333333333	0.4117259845106607	0.19375963013973904	0.2492024165082813	0.593103448275862	87	1621675	0.07091433240322506	113	6.6716999999999995	0.06968103966577767	0.2997736708784868	baseline
Cn72	NC_026747.1	103	0.3521739130434783	0.39483153734199317	0.1618366721647247	0.2717436974789916	0.5050607287449393	201	1575141	0.06539097134796186	104	10.3782	0.06602583514745664	-0.09635582278237075	baseline
Cn72	NC_026748.1	357	0.5	0.48318993910356234	0.17792060721568217	0.3	0.6333333333333333	223	1084805	0.32909140352413563	360.5	18.5325	0.3323177898331958	-0.18885741265344666	baseline
Cn72	NC_026749.1	249	0.46153846153846156	0.44479040503863915	0.1888740147706681	0.27074235807860264	0.574468085106383	121	1814975	0.13719197234121683	297	33.3585	0.16363861761181284	-1.4389136202167363	baseline
Cn72	NC_026750.1	258	0.5084745762711864	0.4685111995117492	0.14577556386067106	0.35489706939949656	0.5618857089060441	229	1422463	0.18137554368725234	278	11.8608	0.1954356633529308	-1.6862268986914881	baseline
Cn72	NC_026751.1	324	0.43855821887063473	0.44464146192897036	0.15857786675223015	0.3119612068965517	0.5566666666666666	221.5	1399503	0.23151075774757182	343	22.238999999999997	0.24508700588708993	-0.8543549620036873	baseline
Cn72	NC_026752.1	291	0.46226415094339623	0.46021691359021766	0.18144113550833516	0.30761164569454724	0.5778225806451613	89	1398693	0.20805137367528115	298	14.0847	0.21305604589427415	-0.49699319119328067	baseline
Cn72	NC_026753.1	318	0.3772492466637968	0.42166460973629843	0.17219895671192229	0.28846153846153844	0.5168785310734463	209	1186808	0.26794561546602313	318	17.7912	0.26794561546602313	0	baseline
Cn72	NC_026754.1	176	0.3629589890319504	0.39071086705775654	0.17034462988524174	0.2404234149577138	0.46932109119802246	215.5	1059964	0.16604337505802086	171.5	24.462899999999998	0.1617979478548328	0.1839520253117987	baseline
Cn72	NC_026755.1	291	0.35714285714285715	0.4128494889725368	0.19097654852025214	0.25845489555374024	0.5389097744360902	199	1561994	0.18630033149935277	337.5	20.0151	0.2160699720997648	-2.323245949308272	baseline
Cn72	NC_026756.1	346	0.36803009839861084	0.38196905823649746	0.163113106527249	0.22848038913859986	0.5022779396268517	218.5	774062	0.4469926181623694	369	25.9455	0.47670600029455	-0.8864735695978109	baseline
Cn72	NC_026757.1	197	0.41841004184100417	0.4435656779004828	0.18077311251216938	0.2864864864864865	0.5806451612903226	212	756744	0.2603258169209138	208	21.4977	0.2748617762413709	-0.5116826451201757	baseline
Cn72	NC_026758.1	134	0.39824054621848737	0.4180957464051794	0.15984175148355168	0.2905354091513196	0.505971263295391	132	942867	0.1421197263240733	147	14.0847	0.15590746096745353	-0.9229873550732355	baseline
Cn73	NC_026745.1	15	0.26180257510729615	0.3114954686073355	0.08201537051680191	0.248601602938721	0.39955156950672643	223	2291499	0.006545933469750588	220.5	31.875899999999998	0.09622522200533364	-6.446876794066991	het_depleted
Cn73	NC_026746.1	1	0.16129032258064516	0.16129032258064516	NA	0.16129032258064516	0.16129032258064516	217	1621675	6.166463687236962e-4	113	6.6716999999999995	0.06968103966577767	-16.787325569195257	het_depleted
Cn73	NC_026747.1	6	0.2514919825846873	0.26412137323740403	0.05739171639485669	0.2143672537508154	0.3163590783016855	220	1575141	0.003809182796968652	104	10.3782	0.06602583514745664	-9.442870632672333	het_depleted
Cn73	NC_026748.1	8	0.4477888487644401	0.4091890194135004	0.10158254482305736	0.3955337389380531	0.46126343236409606	226	1084805	0.007374597277851779	360.5	18.5325	0.3323177898331958	-19.020639417239984	het_depleted
Cn73	NC_026749.1	13	0.2626728110599078	0.28919653264618495	0.06759263279764664	0.23557692307692307	0.33617021276595743	217	1814975	0.007162633094119754	297	33.3585	0.16363861761181284	-8.513572252949023	het_depleted
Cn73	NC_026750.1	44	0.32195121951219513	0.3551732769019193	0.11819999733015685	0.2734745039470877	0.3937617998741347	225.5	1422463	0.030932263264492645	278	11.8608	0.1954356633529308	-19.72885471469041	het_depleted
Cn73	NC_026751.1	9	0.5066666666666667	0.4535131064504559	0.16822480617001756	0.3191489361702128	0.6017699115044248	225	1399503	0.006430854381876995	343	22.238999999999997	0.24508700588708993	-15.018660911012187	het_depleted
Cn73	NC_026752.1	16	0.24154273574113416	0.2386167770227823	0.02364317117819479	0.22664594140982608	0.24819049512825608	217	1398693	0.011439250786269754	298	14.0847	0.21305604589427415	-20.021725702357877	het_depleted
Cn73	NC_026753.1	65	0.3145539906103286	0.3136872728658985	0.07978829628850713	0.24	0.3783783783783784	222	1186808	0.05476875787827517	318	17.7912	0.26794561546602313	-14.220513512298215	het_depleted
Cn73	NC_026754.1	11	0.28634361233480177	0.2853228400768097	0.05732483708925013	0.2637503117984535	0.30000000000000004	220	1059964	0.010377710941126304	171.5	24.462899999999998	0.1617979478548328	-6.560955569454154	het_depleted
Cn73	NC_026755.1	19	0.21333333333333335	0.22751730111041202	0.04950730505740497	0.20177521483491634	0.22192911255411257	224	1561994	0.012163939170060834	337.5	20.0151	0.2160699720997648	-15.912985695799671	het_depleted
Cn73	NC_026756.1	1	0.38461538461538464	0.38461538461538464	NA	0.38461538461538464	0.38461538461538464	169	774062	0.0012918861796600272	369	25.9455	0.47670600029455	-14.183577113564974	het_depleted
Cn73	NC_026757.1	13	0.4189189189189189	0.40580264926824355	0.1099140451884048	0.32589285714285715	0.44166666666666665	222	756744	0.017178861015085683	208	21.4977	0.2748617762413709	-9.07073779985766	het_depleted
Cn73	NC_026758.1	21	0.40869565217391307	0.3853606683301557	0.07860486272654214	0.3615023474178404	0.4380952380952381	229	942867	0.022272494423921933	147	14.0847	0.15590746096745353	-8.945877441479052	het_depleted
Cn74	NC_026745.1	13	0.2653061224489796	0.3077503841985304	0.0806960545904922	0.2374429223744292	0.3411214953271028	219	2291499	0.005673142340450509	220.5	31.875899999999998	0.09622522200533364	-6.509620120529931	het_depleted
Cn74	NC_026746.1	1	0.19724770642201836	0.19724770642201836	NA	0.19724770642201836	0.19724770642201836	219	1621675	6.166463687236962e-4	113	6.6716999999999995	0.06968103966577767	-16.787325569195257	het_depleted
Cn74	NC_026747.1	8	0.31725646879756464	0.3055629721445831	0.061792645112895755	0.28326807948828847	0.3341121495327103	215	1575141	0.005078910395958203	104	10.3782	0.06602583514745664	-9.250158987107591	het_depleted
Cn74	NC_026748.1	18	0.26117160278745644	0.31798903021851355	0.12698718637254006	0.2300832222356886	0.44768115942028985	222.5	1084805	0.016592843875166505	360.5	18.5325	0.3323177898331958	-18.481046809658707	het_depleted
Cn74	NC_026749.1	12	0.24104127193343766	0.27739575889424056	0.07821499922320457	0.2146601463551928	0.3459386772119872	209.5	1814975	0.006611661317649004	297	33.3585	0.16363861761181284	-8.543549620036872	het_depleted
Cn74	NC_026750.1	51	0.31390134529147984	0.33108693198681943	0.10428801762483303	0.2586109365179132	0.3834590246354952	223	1422463	0.03585330514748011	278	11.8608	0.1954356633529308	-19.13867530014839	het_depleted
Cn74	NC_026751.1	9	0.4759036144578313	0.3992657913791179	0.18139906165886666	0.17703349282296652	0.5458333333333333	217	1399503	0.006430854381876995	343	22.238999999999997	0.24508700588708993	-15.018660911012187	het_depleted
Cn74	NC_026752.1	9	0.2072072072072072	0.2090238601733559	0.010354900220861565	0.2037914691943128	0.2169811320754717	212	1398693	0.006434578567276737	298	14.0847	0.21305604589427415	-20.51871889355116	het_depleted
Cn74	NC_026753.1	54	0.3455860395670026	0.3535902794296793	0.10202905790457811	0.29257257760462485	0.4196707522230233	218	1186808	0.04550019885272091	318	17.7912	0.26794561546602313	-14.838796708485093	het_depleted
Cn74	NC_026754.1	12	0.2841263068060593	0.26709140941333187	0.05187108776290709	0.23698625101095505	0.3051264524948736	210	1059964	0.011321139208501422	171.5	24.462899999999998	0.1617979478548328	-6.520077341607087	het_depleted
Cn74	NC_026755.1	20	0.26286054118346713	0.2667191887761361	0.04461480919959186	0.23438292064729968	0.281557881773399	226	1561994	0.012804146494800876	337.5	20.0151	0.2160699720997648	-15.863023417319923	het_depleted
Cn74	NC_026757.1	12	0.45674126637554585	0.4394800658300993	0.12676612988371605	0.33548144723153395	0.5094958669251964	210.5	756744	0.0158574101677714	208	21.4977	0.2748617762413709	-9.117254403959494	het_depleted
Cn74	NC_026758.1	21	0.44396551724137934	0.39731679727769664	0.0987378713640753	0.3452914798206278	0.4765957446808511	229	942867	0.022272494423921933	147	14.0847	0.15590746096745353	-8.945877441479052	het_depleted
Cn75	NC_018792.1	1	0.3445378151260504	0.3445378151260504	NA	0.3445378151260504	0.3445378151260504	119	NA	NA	1	0	NA	NA	NA
Cn75	NC_026745.1	14	0.28196320447135537	0.31667702802356396	0.08659408366306161	0.24536263527624833	0.40956409856519027	226.5	2291499	0.006109537905100548	220.5	31.875899999999998	0.09622522200533364	-6.478248457298461	het_depleted
Cn75	NC_026746.1	11	0.27927927927927926	0.26576654135161093	0.06435271970520433	0.21144278606965172	0.28838537947153153	211	1621675	0.006783110055960658	113	6.6716999999999995	0.06968103966577767	-15.288457214802825	het_depleted
Cn75	NC_026747.1	14	0.27000418935902804	0.29384722028548094	0.042273715687775784	0.2636363636363636	0.31342110532639167	220	1575141	0.008888093192926855	104	10.3782	0.06602583514745664	-8.672024050413366	het_depleted
Cn75	NC_026748.1	17	0.22613065326633167	0.29960317952369375	0.138784507548976	0.1894273127753304	0.461864406779661	221	1084805	0.015671019215435032	360.5	18.5325	0.3323177898331958	-18.535006070416838	het_depleted
Cn75	NC_026749.1	7	0.3458333333333333	0.402863975518878	0.20334420696167926	0.30126024431730325	0.41072816791915	223	1814975	0.003856802435295252	297	33.3585	0.16363861761181284	-8.693436455476116	het_depleted
Cn75	NC_026750.1	46	0.3374964316300314	0.35097107903464275	0.11384272646873791	0.2738503398648514	0.3816629129129129	225.5	1422463	0.03233827523106049	278	11.8608	0.1954356633529308	-19.56023202482126	het_depleted
Cn75	NC_026751.1	8	0.510287610619469	0.4583335194150583	0.10551535833794777	0.37	0.5312072359171431	225.5	1399503	0.005716315006112885	343	22.238999999999997	0.24508700588708993	-15.06362696164396	het_depleted
Cn75	NC_026752.1	9	0.26976744186046514	0.2708960320385911	0.014498194807809655	0.26732673267326734	0.28019323671497587	203	1398693	0.006434578567276737	298	14.0847	0.21305604589427415	-20.51871889355116	het_depleted
Cn75	NC_026753.1	65	0.3209302325581395	0.31929236511833564	0.09508765981346888	0.23580786026200873	0.3964757709251101	222	1186808	0.05476875787827517	318	17.7912	0.26794561546602313	-14.220513512298215	het_depleted
Cn75	NC_026754.1	19	0.2549019607843137	0.274690722320993	0.0590978837821596	0.2246592205608599	0.3206040862290862	204	1059964	0.01792513708012725	171.5	24.462899999999998	0.1617979478548328	-6.233929746677623	het_depleted
Cn75	NC_026755.1	20	0.30176211453744495	0.29930070956921356	0.05668196517416091	0.25500222115277826	0.32525345622119817	227	1561994	0.012804146494800876	337.5	20.0151	0.2160699720997648	-15.863023417319923	het_depleted
Cn75	NC_026756.1	2	0.3410268487988695	0.3410268487988695	0.09659018678478513	0.3068770607630711	0.3751766368346679	107.5	774062	0.0025837723593200544	369	25.9455	0.47670600029455	-14.145034784452024	het_depleted
Cn75	NC_026757.1	12	0.4343017143347566	0.4376475999921953	0.12538072335336178	0.3119406737053796	0.547862095531587	221.5	756744	0.0158574101677714	208	21.4977	0.2748617762413709	-9.117254403959494	het_depleted
Cn75	NC_026758.1	21	0.3584070796460177	0.3458340464288969	0.09125740182352135	0.3087557603686636	0.4069264069264069	228	942867	0.022272494423921933	147	14.0847	0.15590746096745353	-8.945877441479052	het_depleted
Cn76	NC_026745.1	14	0.29392926200451175	0.3236913388857203	0.10912385529312837	0.2277584259084918	0.4407157370387363	221.5	2291499	0.006109537905100548	220.5	31.875899999999998	0.09622522200533364	-6.478248457298461	het_depleted
Cn76	NC_026746.1	5	0.16666666666666666	0.16883816465648685	0.006805544320689864	0.16417910447761194	0.1712962962962963	203	1621675	0.003083231843618481	113	6.6716999999999995	0.06968103966577767	-16.187778227438287	het_depleted
Cn76	NC_026747.1	16	0.2355666721338363	0.27594688531708744	0.06961744450936275	0.21723067037909616	0.35011446049670086	210	1575141	0.010157820791916405	104	10.3782	0.06602583514745664	-8.479312404848626	het_depleted
Cn76	NC_026748.1	27	0.2535885167464115	0.29384233141985683	0.0914331043431853	0.23975752508361203	0.2949043168669337	215	1084805	0.024889265812749757	360.5	18.5325	0.3323177898331958	-17.99541346283556	het_depleted
Cn76	NC_026749.1	8	0.3240343347639485	0.32205872279889064	0.0746173852401196	0.2729352458722825	0.3820687328862256	226.5	1814975	0.004407774211766003	297	33.3585	0.16363861761181284	-8.663459088388267	het_depleted
Cn76	NC_026750.1	45	0.3333333333333333	0.3600016939733093	0.11944948941053586	0.2645739910313901	0.41150442477876104	224	1422463	0.03163526924777657	278	11.8608	0.1954356633529308	-19.644543369755837	het_depleted
Cn76	NC_026751.1	17	0.16822429906542055	0.2854455086897738	0.16973429187918992	0.15492957746478872	0.44148936170212766	215	1399503	0.01214716938798988	343	22.238999999999997	0.24508700588708993	-14.658932505958003	het_depleted
Cn76	NC_026752.1	14	0.23170731707317074	0.23034973584766796	0.024558851485171253	0.21862335359675786	0.2472792944929168	168	1398693	0.010009344437986034	298	14.0847	0.21305604589427415	-20.16372375698453	het_depleted
Cn76	NC_026753.1	70	0.3292642299638302	0.3241280868595652	0.11477045347326059	0.2362158167036216	0.38380820444959063	221	1186808	0.05898173925352711	318	17.7912	0.26794561546602313	-13.939475695849634	het_depleted
Cn76	NC_026754.1	15	0.2857142857142857	0.2592452193185358	0.06669575881926777	0.20945273631840797	0.2921212121212121	213	1059964	0.014151424010626776	171.5	24.462899999999998	0.1617979478548328	-6.397442658065888	het_depleted
Cn76	NC_026755.1	23	0.32286995515695066	0.32299194074089976	0.08099344875968269	0.3072335204071369	0.3670863159067488	220	1561994	0.014724768469021009	337.5	20.0151	0.2160699720997648	-15.71313658188068	het_depleted
Cn76	NC_026756.1	3	0.44	0.517719298245614	0.30104174314746923	0.35157894736842105	0.645	76	774062	0.0038756585389800816	369	25.9455	0.47670600029455	-14.106492455339076	het_depleted
Cn76	NC_026757.1	12	0.40989207883661816	0.3839666793926795	0.09625536574241642	0.29629266805990945	0.45443342259006814	224	756744	0.0158574101677714	208	21.4977	0.2748617762413709	-9.117254403959494	het_depleted
Cn76	NC_026758.1	21	0.34782608695652173	0.32886935826708724	0.05386991812084999	0.3185840707964602	0.3584070796460177	227	942867	0.022272494423921933	147	14.0847	0.15590746096745353	-8.945877441479052	het_depleted
Cn77	NC_026745.1	254	0.3459355206347119	0.4105350108439959	0.18149253230679935	0.2674273858921162	0.5331967213114754	233	2291499	0.11084447342110995	220.5	31.875899999999998	0.09622522200533364	1.0509507182542297	baseline
Cn77	NC_026746.1	157	0.3697478991596639	0.4298001773205154	0.2074375601204383	0.24074074074074073	0.6111111111111112	212	1621675	0.0968134798896203	113	6.6716999999999995	0.06968103966577767	6.595020759326709	het_enriched
Cn77	NC_026747.1	129	0.4074074074074074	0.4302191708045761	0.18290391482394422	0.2785388127853881	0.5234042553191489	197	1575141	0.08189743013482602	104	10.3782	0.06602583514745664	2.4088955695592684	baseline
Cn77	NC_026748.1	262	0.5	0.4760378844123131	0.17148520660028616	0.3384154831523252	0.6057367061904416	228	1084805	0.24151806084964578	360.5	18.5325	0.3323177898331958	-5.31498718467557	het_depleted
Cn77	NC_026749.1	190	0.4517543859649123	0.4579410497340751	0.16961034624302943	0.3266664262011254	0.5646165610662006	221	1814975	0.10468463752944256	297	33.3585	0.16363861761181284	-3.2075782783998084	het_depleted
Cn77	NC_026750.1	409	0.44776119402985076	0.4484966994457335	0.1541265139674031	0.33617021276595743	0.5238095238095238	226	1422463	0.2875294471631248	278	11.8608	0.1954356633529308	11.044786186429247	het_enriched
Cn77	NC_026751.1	246	0.39074554666949135	0.4266041813813951	0.1784049316620079	0.27783540802213	0.5403530895334174	228.5	1399503	0.1757766864379712	343	22.238999999999997	0.24508700588708993	-4.361706911281983	het_depleted
Cn77	NC_026752.1	388	0.41561031192137876	0.4447277256790202	0.18758796903035194	0.2901785714285714	0.5779523524891127	181	1398693	0.2774018315670415	298	14.0847	0.21305604589427415	6.389912458199323	het_enriched
Cn77	NC_026753.1	287	0.4148471615720524	0.4271538669822075	0.15586372566915835	0.3033367037411527	0.5122519841269841	223	1186808	0.24182513093946115	318	17.7912	0.26794561546602313	-1.7424344619812042	baseline
Cn77	NC_026754.1	205	0.39195979899497485	0.43494330155851546	0.20177334416887885	0.2692307692307692	0.5720524017467249	226	1059964	0.1934027948118993	171.5	24.462899999999998	0.1617979478548328	1.3694206328767236	baseline
Cn77	NC_026755.1	363	0.3939393939393939	0.42082385786590826	0.16836716076559788	0.2768520892078954	0.5375234521575984	133	1561994	0.23239525888063592	337.5	20.0151	0.2160699720997648	1.2740381012335686	baseline
Cn77	NC_026756.1	308	0.3555015466195316	0.4033859242725112	0.17401594426799513	0.26748674360573926	0.5211449038582381	226	774062	0.39790094333528836	369	25.9455	0.47670600029455	-2.3510820758898463	baseline
Cn77	NC_026757.1	271	0.5206611570247934	0.5097089355422065	0.1946514672737478	0.350383631713555	0.6367302052785924	222	756744	0.35811317962217076	208	21.4977	0.2748617762413709	2.9305460584155516	baseline
Cn77	NC_026758.1	141	0.36752136752136755	0.39888663912718125	0.16361123217458468	0.2754237288135593	0.47685185185185186	225	942867	0.14954389113204727	147	14.0847	0.15590746096745353	-0.42599416387995487	baseline
Cn78	NC_026745.1	235	0.3698630136986301	0.39922511363152874	0.1809319570420906	0.25223374551256483	0.5112107623318386	203	2291499	0.1025529576927592	220.5	31.875899999999998	0.09622522200533364	0.4548891168563084	baseline
Cn78	NC_026746.1	115	0.3577981651376147	0.428968049702071	0.18423064346126652	0.27887979600308366	0.5614791987673343	88	1621675	0.07091433240322506	113	6.6716999999999995	0.06968103966577767	0.2997736708784868	baseline
Cn78	NC_026747.1	93	0.3630952380952381	0.3995344410846386	0.16362036383126968	0.25757575757575757	0.4918032786885246	203	1575141	0.059042333353014106	104	10.3782	0.06602583514745664	-1.0599140506060782	baseline
Cn78	NC_026748.1	365	0.47619047619047616	0.46498700889978367	0.17970718424906099	0.3055555555555556	0.6090909090909091	220	1084805	0.3364660008019874	360.5	18.5325	0.3323177898331958	0.24281667341157429	baseline
Cn78	NC_026749.1	269	0.43859649122807015	0.4486038771019578	0.18281292463442583	0.2857142857142857	0.5833333333333334	202	1814975	0.14821140787063183	297	33.3585	0.16363861761181284	-0.8393662784597629	baseline
Cn78	NC_026750.1	288	0.4656248769151995	0.4319132888111244	0.14381753541614362	0.30272317772317775	0.5137230466032925	223	1422463	0.20246572318577005	278	11.8608	0.1954356633529308	0.8431134493457441	baseline
Cn78	NC_026751.1	353	0.4430379746835443	0.4430264476750542	0.16862732014483953	0.2922374429223744	0.5633187772925764	213	1399503	0.25223239964473104	343	22.238999999999997	0.24508700588708993	0.4496605063177302	baseline
Cn78	NC_026752.1	305	0.43356643356643354	0.4517556650767009	0.1825901860147407	0.2857142857142857	0.5929203539823009	92	1398693	0.2180607181132672	298	14.0847	0.21305604589427415	0.49699319119328067	baseline
Cn78	NC_026753.1	316	0.3667393109173931	0.40647604829668194	0.17119376385854176	0.271704377766847	0.5	213	1186808	0.2662604229159224	318	17.7912	0.26794561546602313	-0.11241512657943253	baseline
Cn78	NC_026754.1	157	0.36403508771929827	0.39704591072294876	0.178291757301224	0.25688073394495414	0.5	210	1059964	0.14811823797789359	171.5	24.462899999999998	0.1617979478548328	-0.5927343037824625	baseline
Cn78	NC_026755.1	341	0.36486486486486486	0.4171602256805588	0.19467917236168825	0.27235772357723576	0.5245901639344263	187	1561994	0.21831069773635495	337.5	20.0151	0.2160699720997648	0.17486797467911727	baseline
Cn78	NC_026756.1	352	0.37611373293908	0.39745037841296044	0.16372005082652796	0.2529370536012282	0.5032833910198662	212.5	774062	0.4547439352403296	369	25.9455	0.47670600029455	-0.655219594920121	baseline
Cn78	NC_026757.1	199	0.38666666666666666	0.4132255885277488	0.16742448393994966	0.2715669014084507	0.5395010395010396	212	756744	0.2629687186155424	208	21.4977	0.2748617762413709	-0.41864943691650736	baseline
Cn78	NC_026758.1	139	0.37339055793991416	0.41178756970740765	0.16218793110230958	0.28150943396226413	0.49397546897546896	215	942867	0.14742270118691184	147	14.0847	0.15590746096745353	-0.5679922185066064	baseline
Cn79	NC_026745.1	29	0.36363636363636365	0.3757358456744591	0.11277010183882799	0.314410480349345	0.42342342342342343	225	2291499	0.012655471374851136	220.5	31.875899999999998	0.09622522200533364	-6.007673508826418	het_depleted
Cn79	NC_026746.1	6	0.1724842425559661	0.17564402133422966	0.012503217572616203	0.1664800378999957	0.18150999017359976	214.5	1621675	0.003699878212342177	113	6.6716999999999995	0.06968103966577767	-16.037891391999043	het_depleted
Cn79	NC_026747.1	15	0.22527472527472528	0.2834578901323518	0.07588917086700157	0.2204739597685313	0.3553549190535492	190	1575141	0.00952295699242163	104	10.3782	0.06602583514745664	-8.575668227630995	het_depleted
Cn79	NC_026748.1	22	0.3333333333333333	0.37006269886236803	0.13552485908410908	0.2511363636363636	0.49220387455681575	220	1084805	0.020280142514092395	360.5	18.5325	0.3323177898331958	-18.2652097666262	het_depleted
Cn79	NC_026749.1	75	0.4311111111111111	0.3935686792643144	0.10518995357052366	0.28788613116343137	0.4794948853878892	228	1814975	0.04132288323530627	297	33.3585	0.16363861761181284	-6.6549754935024055	het_depleted
Cn79	NC_026750.1	55	0.30493273542600896	0.33249173062416304	0.1199524957537929	0.22906577885391444	0.399207951545271	219	1422463	0.038665329080615804	278	11.8608	0.1954356633529308	-18.80142992041009	het_depleted
Cn79	NC_026751.1	18	0.39863013698630134	0.36706222855143533	0.10254500139584195	0.2694605667463298	0.4197614363010329	210	1399503	0.01286170876375399	343	22.238999999999997	0.24508700588708993	-14.613966455326231	het_depleted
Cn79	NC_026752.1	17	0.20689655172413793	0.2114872805947265	0.02648078407161581	0.19823788546255505	0.21608040201005024	206	1398693	0.012154203960411614	298	14.0847	0.21305604589427415	-19.950726675044553	het_depleted
Cn79	NC_026753.1	81	0.3113207547169811	0.3205848910092638	0.09047646519166518	0.26455026455026454	0.3648068669527897	211	1186808	0.06825029827908137	318	17.7912	0.26794561546602313	-13.321192499662756	het_depleted
Cn79	NC_026754.1	22	0.3029684269634243	0.3387931427857112	0.14965496042541382	0.24565568475452199	0.3986577114029468	216.5	1059964	0.020755421882252607	171.5	24.462899999999998	0.1617979478548328	-6.111295063136423	het_depleted
Cn79	NC_026755.1	28	0.294011853668506	0.34021068664159215	0.12162265236825771	0.250421448156799	0.40723212345142357	214	1561994	0.01792580509272123	337.5	20.0151	0.2160699720997648	-15.46332518948194	het_depleted
Cn79	NC_026756.1	2	0.3419892209701127	0.3419892209701127	0.060282498739078545	0.3206761391474767	0.36330230279274867	91.5	774062	0.0025837723593200544	369	25.9455	0.47670600029455	-14.145034784452024	het_depleted
Cn79	NC_026757.1	26	0.28770061973621486	0.33274013064829683	0.14283558301175187	0.2429574474108887	0.41561185680075663	210.5	756744	0.034357722030171366	208	21.4977	0.2748617762413709	-8.466021946533816	het_depleted
Cn79	NC_026758.1	36	0.3405452035886819	0.3365755045770438	0.07319504910648107	0.27549751243781095	0.3936723453311131	223	942867	0.0381814190124376	147	14.0847	0.15590746096745353	-7.880892031779164	het_depleted
Cn8	NC_026745.1	403	0.3452914798206278	0.39143196101071553	0.17774789782678102	0.2465926611162504	0.5241256819046813	200	2291499	0.1758674125539658	220.5	31.875899999999998	0.09622522200533364	5.725328539743192	het_enriched
Cn8	NC_026746.1	111	0.3613861386138614	0.4297131011636817	0.1972734941812978	0.28718703976435933	0.5410135841170324	104	1621675	0.06844774692833028	113	6.6716999999999995	0.06968103966577767	-0.2997736708784868	baseline
Cn8	NC_026747.1	184	0.34975052309673266	0.3946575478244888	0.17293041356001215	0.2701630201630202	0.4753791708796764	170.5	1575141	0.11681493910703866	104	10.3782	0.06602583514745664	7.708465822589659	het_enriched
Cn8	NC_026748.1	308	0.4025474826650588	0.41663004278498994	0.17044175304768755	0.2919760726072607	0.5	196	1084805	0.2839219951972935	360.5	18.5325	0.3323177898331958	-2.8328611898017	baseline
Cn8	NC_026749.1	309	0.3508771929824561	0.4212957572379506	0.1939010742344858	0.2660098522167488	0.5620915032679739	165	1814975	0.17025027892946185	297	33.3585	0.16363861761181284	0.3597284050541841	baseline
Cn8	NC_026750.1	387	0.44871794871794873	0.4216851736367205	0.1597807340458639	0.27948497854077253	0.5239283751602858	210	1422463	0.2720633155308785	278	11.8608	0.1954356633529308	9.18993659786861	het_enriched
Cn8	NC_026751.1	516	0.34922236233711645	0.38452365140971256	0.1688296596720985	0.24349383957757104	0.48963314875409014	188	1399503	0.36870231789428104	343	22.238999999999997	0.24508700588708993	7.779126759296732	het_enriched
Cn8	NC_026752.1	712	0.35377358490566035	0.3763547164015604	0.1639806016673073	0.2431120440829179	0.4523809523809524	198	1398693	0.509046659989004	298	14.0847	0.21305604589427415	29.393597307716885	het_enriched
Cn8	NC_026753.1	307	0.421875	0.4358453129272562	0.18748848385078162	0.27059182428309947	0.5754985754985755	153	1186808	0.2586770564404689	318	17.7912	0.26794561546602313	-0.6182831961868789	baseline
Cn8	NC_026754.1	208	0.38566189952328567	0.4133421691276915	0.19927911379000193	0.2384759435321233	0.5653176229508197	166.5	1059964	0.19623307961402464	171.5	24.462899999999998	0.1617979478548328	1.4920553164179229	baseline
Cn8	NC_026755.1	474	0.3613861386138614	0.4152324904478339	0.19700249427379948	0.24182649585308058	0.5790295327652072	176	1561994	0.30345827192678076	337.5	20.0151	0.2160699720997648	6.819851012485573	het_enriched
Cn8	NC_026756.1	351	0.34375	0.38442638731239503	0.1717688545179383	0.2546440073613987	0.4599555282018702	208	774062	0.45345204906066955	369	25.9455	0.47670600029455	-0.6937619240330694	baseline
Cn8	NC_026757.1	254	0.38461538461538464	0.4168369963259702	0.18464693449153627	0.25231718677224035	0.5541666666666667	140	756744	0.33564851521782796	208	21.4977	0.2748617762413709	2.139763788684371	baseline
Cn8	NC_026758.1	238	0.44471026049973417	0.41507857267068704	0.15945082248484635	0.26756822023665783	0.5155577299412916	207	942867	0.25242160347111525	147	14.0847	0.15590746096745353	6.460911485512648	het_enriched
Cn80	NC_026745.1	343	0.37668161434977576	0.3999016970228881	0.16861523503642578	0.2578532187632061	0.515625	205	2291499	0.14968367867496343	220.5	31.875899999999998	0.09622522200533364	3.8430287458550194	het_enriched
Cn80	NC_026746.1	173	0.42613636363636365	0.4450857398714091	0.2072424257358036	0.25663716814159293	0.6037735849056604	123	1621675	0.10667982178919944	113	6.6716999999999995	0.06968103966577767	8.993210126354603	het_enriched
Cn80	NC_026747.1	145	0.3023255813953488	0.35737469620246765	0.1729617596231214	0.21348314606741572	0.4405940594059406	202	1575141	0.09205525092674242	104	10.3782	0.06602583514745664	3.9505887340772006	het_enriched
Cn80	NC_026748.1	276	0.4188731527093596	0.41670317451053823	0.15076871538158573	0.2951752629471155	0.5005458515283843	219	1084805	0.2544236060858864	360.5	18.5325	0.3323177898331958	-4.559557534061784	het_depleted
Cn80	NC_026749.1	316	0.2965794451450189	0.3692625402290962	0.1835706833534344	0.2222222222222222	0.4795890410958904	210	1814975	0.1741070813647571	297	33.3585	0.16363861761181284	0.5695699746691248	baseline
Cn80	NC_026750.1	417	0.4472573839662447	0.4314715949641693	0.15009975017572416	0.30256410256410254	0.5132743362831859	219	1422463	0.2931534950293962	278	11.8608	0.1954356633529308	11.719276945905841	het_enriched
Cn80	NC_026751.1	300	0.4603610675039247	0.4638146798891971	0.17167167861379526	0.3169281376518218	0.5866400970369086	143.5	1399503	0.2143618127292332	343	22.238999999999997	0.24508700588708993	-1.9335401771662397	baseline
Cn80	NC_026752.1	554	0.37302036199095023	0.40272518600427126	0.16493614130493903	0.27602399132730016	0.5152507608839486	203	1398693	0.3960840584745902	298	14.0847	0.21305604589427415	18.175750992211405	het_enriched
Cn80	NC_026753.1	369	0.40540540540540543	0.4313591283254547	0.16961295730473647	0.2903225806451613	0.5375722543352601	173	1186808	0.3109180254935929	318	17.7912	0.26794561546602313	2.8665857277755293	baseline
Cn80	NC_026754.1	244	0.36128024980483997	0.4210407677549106	0.18521379451500183	0.27003940710223456	0.5721198156682028	163	1059964	0.2301964972395289	171.5	24.462899999999998	0.1617979478548328	2.9636715189123124	baseline
Cn80	NC_026755.1	350	0.3890639269406393	0.43707791999243395	0.19366834095796262	0.2727272727272727	0.5952460106382979	185	1561994	0.22407256365901534	337.5	20.0151	0.2160699720997648	0.6245284809968473	baseline
Cn80	NC_026756.1	334	0.3642498719918075	0.38952101395847194	0.16898330256472718	0.24133624107850912	0.47806502154328245	215	774062	0.4314899840064491	369	25.9455	0.47670600029455	-1.3489815189531904	baseline
Cn80	NC_026757.1	132	0.3870098039215686	0.4192474327305621	0.16552183355437036	0.28363806844819506	0.5	97.5	756744	0.1744315118454854	208	21.4977	0.2748617762413709	-3.5352619117393957	het_depleted
Cn80	NC_026758.1	111	0.3	0.32784774989642074	0.13784288504570608	0.23434379742790956	0.3607936507936508	230	942867	0.11772604195501593	147	14.0847	0.15590746096745353	-2.555964983279729	baseline
Cn81	NC_018792.1	2	0.28629032258064513	0.28629032258064513	0.05132226637644296	0.26814516129032256	0.30443548387096775	81	NA	NA	1	0	NA	NA	NA
Cn81	NC_026745.1	243	0.38095238095238093	0.40872041922094465	0.18104731361898965	0.26229790161678707	0.532371169393751	201	2291499	0.10604412220995951	220.5	31.875899999999998	0.09622522200533364	0.7058624227080648	baseline
Cn81	NC_026746.1	121	0.3684210526315789	0.4105067527580935	0.17624365164245992	0.2727272727272727	0.5274261603375527	96	1621675	0.07461421061556724	113	6.6716999999999995	0.06968103966577767	1.199094683513947	baseline
Cn81	NC_026747.1	98	0.38485409761486966	0.3999925790162478	0.16109651961318128	0.25258631837579204	0.510217755443886	196.5	1575141	0.06221665235048798	104	10.3782	0.06602583514745664	-0.5781349366942244	baseline
Cn81	NC_026748.1	389	0.48484848484848486	0.478174919125103	0.1843337385785583	0.3103448275862069	0.6349206349206349	208	1084805	0.35858979263554275	360.5	18.5325	0.3323177898331958	1.537838931606637	baseline
Cn81	NC_026749.1	364	0.4305086109769838	0.43563537513955136	0.1663391234227464	0.3071581196581197	0.5333333333333333	189.5	1814975	0.20055372663535312	297	33.3585	0.16363861761181284	2.008483594885861	baseline
Cn81	NC_026750.1	293	0.47413793103448276	0.4396432879498826	0.15863133307752866	0.3080568720379147	0.5427350427350427	218	1422463	0.20598075310218966	278	11.8608	0.1954356633529308	1.264670174018616	baseline
Cn81	NC_026751.1	367	0.42574257425742573	0.4346067709041973	0.16028373679918861	0.30128205128205127	0.5405166788223101	202	1399503	0.26223595090542856	343	22.238999999999997	0.24508700588708993	1.0791852151625525	baseline
Cn81	NC_026752.1	333	0.42857142857142855	0.4558664616968529	0.19302483677474963	0.29914529914529914	0.6	91	1398693	0.23807940698923924	298	14.0847	0.21305604589427415	2.4849659559664032	baseline
Cn81	NC_026753.1	355	0.3719806763285024	0.41207059627597253	0.1817458690311306	0.26418764302059494	0.4989270386266095	204	1186808	0.2991216776428875	318	17.7912	0.26794561546602313	2.0796798417195017	baseline
Cn81	NC_026754.1	193	0.4020100502512563	0.41907329526217796	0.180504599565124	0.28440366972477066	0.5409836065573771	198	1059964	0.18208165560339787	171.5	24.462899999999998	0.1617979478548328	0.8788818987119271	baseline
Cn81	NC_026755.1	340	0.3636414754835807	0.4024861256045621	0.18258097990027095	0.26202743392438943	0.5	194	1561994	0.2176704904116149	337.5	20.0151	0.2160699720997648	0.12490569619936948	baseline
Cn81	NC_026756.1	255	0.34051724137931033	0.40131079229973304	0.18364242481476073	0.2694372852233677	0.49220852812013033	225	774062	0.32943097581330694	369	25.9455	0.47670600029455	-4.393825518876106	het_depleted
Cn81	NC_026757.1	204	0.3960298742138365	0.4186863849111097	0.1568775183774051	0.31839622641509435	0.5156739811912225	212	756744	0.26957597285211377	208	21.4977	0.2748617762413709	-0.18606641640733662	baseline
Cn81	NC_026758.1	146	0.38529373135448525	0.4037789023347314	0.16291592840037705	0.26455245772007246	0.5	193	942867	0.1548468659948858	147	14.0847	0.15590746096745353	-0.0709990273133258	baseline
Cn82	NC_026745.1	202	0.4309852127370044	0.43143674742088717	0.1740535433543686	0.28990746096009257	0.5312204491725768	215.5	2291499	0.08815190405930791	220.5	31.875899999999998	0.09622522200533364	-0.5803757697821866	baseline
Cn82	NC_026746.1	123	0.36160714285714285	0.41884735383026045	0.19214891297429734	0.24608624279308133	0.597029702970297	78	1621675	0.07584750335301463	113	6.6716999999999995	0.06968103966577767	1.4988683543924337	baseline
Cn82	NC_026747.1	95	0.38990825688073394	0.40504783705107644	0.16250472697695612	0.27316814159292035	0.4989177489177489	198	1575141	0.06031206095200366	104	10.3782	0.06602583514745664	-0.8672024050413367	baseline
Cn82	NC_026748.1	351	0.4794520547945205	0.4610106835087989	0.16726724398799814	0.30949340144742443	0.5894224009997657	225	1084805	0.3235604555657468	360.5	18.5325	0.3323177898331958	-0.5126129772022123	baseline
Cn82	NC_026749.1	314	0.4	0.4361856596683157	0.18961207703348332	0.27791722159614796	0.5807124518613607	197	1814975	0.1730051378118156	297	33.3585	0.16363861761181284	0.5096152404934274	baseline
Cn82	NC_026750.1	277	0.4585152838427948	0.43587620663164917	0.1465471932351017	0.3103448275862069	0.5191489361702127	228	1422463	0.19473265736964687	278	11.8608	0.1954356633529308	-0.0843113449345744	baseline
Cn82	NC_026751.1	338	0.43652242953553	0.4441977455301095	0.1698393530930082	0.2901241994595195	0.5423728813559322	219	1399503	0.24151430900826937	343	22.238999999999997	0.24508700588708993	-0.2248302531588651	baseline
Cn82	NC_026752.1	304	0.45454545454545453	0.46978022091706717	0.1884234772683433	0.3212121523355655	0.6112088323353293	90	1398693	0.2173457649391253	298	14.0847	0.21305604589427415	0.42599416387995487	baseline
Cn82	NC_026753.1	317	0.37815126050420167	0.40794077511039256	0.17066612163385902	0.2703862660944206	0.47715736040609136	214	1186808	0.26710301919097273	318	17.7912	0.26794561546602313	-0.05620756328971627	baseline
Cn82	NC_026754.1	137	0.3592233009708738	0.4154176504163925	0.18578768960073708	0.27403846153846156	0.5106382978723404	217	1059964	0.12924967263039122	171.5	24.462899999999998	0.1617979478548328	-1.41029886072379	baseline
Cn82	NC_026755.1	314	0.37662532600333976	0.4165051457182381	0.1888830491736635	0.2558848553601815	0.528112939066703	204.5	1561994	0.20102509996837378	337.5	20.0151	0.2160699720997648	-1.174113544274073	baseline
Cn82	NC_026756.1	367	0.39473684210526316	0.4004226148001826	0.1573077535596084	0.25	0.5054999808363037	222	774062	0.47412222793523	369	25.9455	0.47670600029455	-0.0770846582258966	baseline
Cn82	NC_026757.1	219	0.3888888888888889	0.4322210452819148	0.18436654755966037	0.28	0.5487033523086654	198	756744	0.289397735561828	208	21.4977	0.2748617762413709	0.5116826451201757	baseline
Cn82	NC_026758.1	162	0.38366571699905033	0.41242887780288456	0.15729199686256	0.2966903073286052	0.474012474012474	203.5	942867	0.1718163855559692	147	14.0847	0.15590746096745353	1.0649854096998872	baseline
Cn83	NC_018792.1	1	0.3103448275862069	0.3103448275862069	NA	0.3103448275862069	0.3103448275862069	58	NA	NA	1	0	NA	NA	NA
Cn83	NC_026745.1	221	0.35135135135135137	0.40088685167872357	0.17531558736229058	0.26666666666666666	0.502262443438914	207	2291499	0.09644341978765865	220.5	31.875899999999998	0.09622522200533364	0.015685831615734773	baseline
Cn83	NC_026746.1	110	0.36199095022624433	0.42145449417625913	0.1746838621179021	0.2743058868428585	0.5377747252747253	80.5	1621675	0.06783110055960657	113	6.6716999999999995	0.06968103966577767	-0.44966050631773014	baseline
Cn83	NC_026747.1	98	0.3725038402457757	0.4169186795769364	0.15948815788456344	0.2880244755244755	0.5311299410910953	196.5	1575141	0.06221665235048798	104	10.3782	0.06602583514745664	-0.5781349366942244	baseline
Cn83	NC_026748.1	368	0.47176291644178403	0.4713947763866084	0.16898116038239352	0.32339240043843626	0.6176797385620916	219	1084805	0.3392314747811819	360.5	18.5325	0.3323177898331958	0.40469445568595713	baseline
Cn83	NC_026749.1	302	0.4555266726943942	0.43758145718051744	0.16808241918414316	0.3085722190299858	0.5276069847515986	204.5	1814975	0.16639347649416658	297	33.3585	0.16363861761181284	0.1498868354392434	baseline
Cn83	NC_026750.1	276	0.4707058608579143	0.4469773040879526	0.13916765293275268	0.3612256371814093	0.5118721907367598	221	1422463	0.19402965138636297	278	11.8608	0.1954356633529308	-0.1686226898691488	baseline
Cn83	NC_026751.1	347	0.4375	0.44211030776490606	0.1602243408969508	0.31530214424951264	0.5502100840336135	216	1399503	0.24794516339014638	343	22.238999999999997	0.24508700588708993	0.17986420252709207	baseline
Cn83	NC_026752.1	303	0.4533898305084746	0.4520434919240965	0.1727481782381812	0.30952380952380953	0.563301282051282	99	1398693	0.21663081176498344	298	14.0847	0.21305604589427415	0.35499513656662907	baseline
Cn83	NC_026753.1	306	0.4099357156362261	0.42392215181294385	0.17045472804512443	0.2900169923534409	0.5026842549275251	211	1186808	0.2578344601654185	318	17.7912	0.26794561546602313	-0.6744907594765952	baseline
Cn83	NC_026754.1	217	0.34977578475336324	0.38424496100239186	0.19232735201956633	0.2222222222222222	0.48623853211009177	202	1059964	0.2047239340204007	171.5	24.462899999999998	0.1617979478548328	1.8599593670415202	baseline
Cn83	NC_026755.1	334	0.382286866359447	0.4239131542392383	0.19032103582767	0.27613694105691056	0.5423315602836879	194.5	1561994	0.21382924646317464	337.5	20.0151	0.2160699720997648	-0.17486797467911727	baseline
Cn83	NC_026756.1	359	0.3832599118942731	0.39802711549152286	0.14739615325428468	0.2801678662696645	0.4943260622872273	217	774062	0.4637871384979498	369	25.9455	0.47670600029455	-0.385423291129483	baseline
Cn83	NC_026757.1	210	0.3951219512195122	0.4149801147837309	0.1716824050570237	0.2662530535198756	0.533835942572686	208	756744	0.2775046779359995	208	21.4977	0.2748617762413709	0.09303320820366831	baseline
Cn83	NC_026758.1	147	0.3793103448275862	0.4098917183180263	0.16868053683415016	0.2797979797979798	0.5064496775161242	216	942867	0.15590746096745353	147	14.0847	0.15590746096745353	0	baseline
Cn84	NC_026745.1	191	0.40816326530612246	0.41712938986559317	0.18776412784599944	0.2458324503779049	0.5313725490196078	208	2291499	0.08335155284815748	220.5	31.875899999999998	0.09622522200533364	-0.9254640653283516	baseline
Cn84	NC_026746.1	122	0.35533910533910534	0.42084862664302225	0.18397369595220975	0.2614300903774588	0.5877976190476191	83.5	1621675	0.07523085698429094	113	6.6716999999999995	0.06968103966577767	1.3489815189531904	baseline
Cn84	NC_026747.1	100	0.3846220728031533	0.42115050546316685	0.17025939647060803	0.29106404958677684	0.5312820512820512	193.5	1575141	0.06348637994947753	104	10.3782	0.06602583514745664	-0.385423291129483	baseline
Cn84	NC_026748.1	366	0.5090155945419104	0.49142678262885803	0.184806594035694	0.3134983777975243	0.6563532488986784	219	1084805	0.3373878254617189	360.5	18.5325	0.3323177898331958	0.2967759341697019	baseline
Cn84	NC_026749.1	335	0.4029126213592233	0.42431650938857535	0.18212312452177398	0.27326839826839827	0.5633104500381387	194	1814975	0.18457554511770136	297	33.3585	0.16363861761181284	1.1391399493382497	baseline
Cn84	NC_026750.1	282	0.5305873968046564	0.4833613947713644	0.17893399575187766	0.32244774477447746	0.637770061728395	225	1422463	0.1982476872860665	278	11.8608	0.1954356633529308	0.3372453797382976	baseline
Cn84	NC_026751.1	354	0.39614820249449745	0.43639742205660814	0.17442050051746408	0.2946729957805907	0.5827899394503959	210.5	1399503	0.25294693902049514	343	22.238999999999997	0.24508700588708993	0.4946265569495032	baseline
Cn84	NC_026752.1	303	0.44776119402985076	0.4622822297474513	0.18114377157941502	0.3069477201257862	0.584349593495935	91	1398693	0.21663081176498344	298	14.0847	0.21305604589427415	0.35499513656662907	baseline
Cn84	NC_026753.1	327	0.3782608695652174	0.41948779002999476	0.17345620166062234	0.28788162752778457	0.534804071636308	206	1186808	0.2755289819414766	318	17.7912	0.26794561546602313	0.5058680696074463	baseline
Cn84	NC_026754.1	188	0.36591860022822364	0.39311583126145977	0.1710980620260713	0.2683378074439527	0.5007225433526011	204	1059964	0.17736451426652228	171.5	24.462899999999998	0.1617979478548328	0.6744907594765952	baseline
Cn84	NC_026755.1	336	0.36809366002064436	0.41253941402520955	0.1853424107234914	0.26060179699842023	0.5177593606630162	191.5	1561994	0.21510966111265473	337.5	20.0151	0.2160699720997648	-0.07494341771962168	baseline
Cn84	NC_026756.1	359	0.3425925925925926	0.3811628446034267	0.1525898086807421	0.25652371227592463	0.49137931034482757	208	774062	0.4637871384979498	369	25.9455	0.47670600029455	-0.385423291129483	baseline
Cn84	NC_026757.1	175	0.4297872340425532	0.43383694969350256	0.16927326855070585	0.2703971419076105	0.5807878889260623	221	756744	0.23125389827999956	208	21.4977	0.2748617762413709	-1.535047935360527	baseline
Cn84	NC_026758.1	137	0.3925925925925926	0.4089411516715553	0.16909713425182107	0.26495726495726496	0.5277777777777778	213	942867	0.14530151124177643	147	14.0847	0.15590746096745353	-0.7099902731332581	baseline
Cn85	NC_026745.1	283	0.39603960396039606	0.40833402055118195	0.16516282650408792	0.26433353621424227	0.5281672950174944	214	2291499	0.12349994479596109	220.5	31.875899999999998	0.09622522200533364	1.9607289519668465	baseline
Cn85	NC_026746.1	166	0.3248415879994827	0.3968551508263518	0.18615704117139498	0.2637264457439896	0.5200892857142857	159	1621675	0.10236329720813357	113	6.6716999999999995	0.06968103966577767	7.944002278279899	het_enriched
Cn85	NC_026747.1	119	0.41346153846153844	0.42023372191884356	0.15201233277027912	0.31098636728147555	0.5333333333333333	182	1575141	0.07554879213987827	104	10.3782	0.06602583514745664	1.445337341735561	baseline
Cn85	NC_026748.1	287	0.5289256198347108	0.4888343496012391	0.16874953611955087	0.33721160184574817	0.6203115252651279	213	1084805	0.26456367734293257	360.5	18.5325	0.3323177898331958	-3.96600566572238	het_depleted
Cn85	NC_026749.1	204	0.4480744544287548	0.45772122014965466	0.16168677678091034	0.3433980855855856	0.5498273604000476	200	1814975	0.11239824240003306	297	33.3585	0.16363861761181284	-2.787895139169927	baseline
Cn85	NC_026750.1	436	0.4429524152847873	0.4384347166819042	0.1544457121430669	0.3106943150046598	0.5311504217432053	207	1422463	0.30651060871179076	278	11.8608	0.1954356633529308	13.321192499662756	het_enriched
Cn85	NC_026751.1	276	0.3544528476616762	0.4056459331452778	0.17732313166011446	0.2676404299583911	0.5213782580763583	205	1399503	0.19721286771089452	343	22.238999999999997	0.24508700588708993	-3.012725392328792	het_depleted
Cn85	NC_026752.1	434	0.4059551886792453	0.4221863220293937	0.1679366737865217	0.2871856151132354	0.5	181	1398693	0.31028967757756704	298	14.0847	0.21305604589427415	9.65586771461231	het_enriched
Cn85	NC_026753.1	300	0.36865383113332817	0.394806830145744	0.16874050929236312	0.2835820895522388	0.4585407066052227	204	1186808	0.25277888251511615	318	17.7912	0.26794561546602313	-1.0117361392148927	baseline
Cn85	NC_026754.1	200	0.4102746212121212	0.4422200795281156	0.20814022065794033	0.24662517531556802	0.6122634643377002	207	1059964	0.1886856534750237	171.5	24.462899999999998	0.1617979478548328	1.1650294936413919	baseline
Cn85	NC_026755.1	326	0.38348416289592757	0.41387820545875886	0.17700170133844784	0.2780067638976961	0.5213963963963965	158	1561994	0.20870758786525428	337.5	20.0151	0.2160699720997648	-0.5745662025170996	baseline
Cn85	NC_026756.1	352	0.3333333333333333	0.3731015535719992	0.16679399749033264	0.23340974548874388	0.4779558982683983	206	774062	0.4547439352403296	369	25.9455	0.47670600029455	-0.655219594920121	baseline
Cn85	NC_026757.1	288	0.453318579699263	0.46704942980490116	0.19842230111601641	0.29586363636363633	0.6387093050103902	192.5	756744	0.38057784402651357	208	21.4977	0.2748617762413709	3.721328328146732	het_enriched
Cn85	NC_026758.1	149	0.3815789473684211	0.40785292676304263	0.15465235003953257	0.2777777777777778	0.509090909090909	210	942867	0.15802865091258894	147	14.0847	0.15590746096745353	0.1419980546266516	baseline
Cn86	NC_026745.1	327	0.3721973094170404	0.3992136199956394	0.16570027484108488	0.26116872756282405	0.5184894053315106	202	2291499	0.1427013496405628	220.5	31.875899999999998	0.09622522200533364	3.3410821341515065	het_enriched
Cn86	NC_026746.1	162	0.356921716054843	0.4301388455791543	0.2006326151240455	0.2747104510151247	0.6095775507091657	103.5	1621675	0.09989671173323879	113	6.6716999999999995	0.06968103966577767	7.344454936522926	het_enriched
Cn86	NC_026747.1	142	0.3394091201027617	0.38760463098811104	0.1757673151459204	0.25367673825991993	0.4679736842105263	194	1575141	0.0901506595282581	104	10.3782	0.06602583514745664	3.661521265730088	het_enriched
Cn86	NC_026748.1	284	0.40968461911693355	0.4113391705018317	0.15975557950545757	0.2930751661129568	0.4836361463064786	215	1084805	0.26179820336373816	360.5	18.5325	0.3323177898331958	-4.127883447996763	het_depleted
Cn86	NC_026749.1	336	0.2917560801144492	0.3723461044570365	0.19118049769367274	0.230685618729097	0.4743324125230202	201	1814975	0.18512651689417212	297	33.3585	0.16363861761181284	1.1691173164260984	baseline
Cn86	NC_026750.1	418	0.44396551724137934	0.427704171872913	0.14973941614349587	0.31351836378138176	0.5057307993730408	220	1422463	0.2938565010126801	278	11.8608	0.1954356633529308	11.803588290840416	het_enriched
Cn86	NC_026751.1	301	0.45454545454545453	0.47028251041054536	0.18221172067395086	0.32558139534883723	0.6111111111111112	139	1399503	0.2150763521049973	343	22.238999999999997	0.24508700588708993	-1.8885741265344667	baseline
Cn86	NC_026752.1	599	0.39215686274509803	0.4183423154070475	0.15186884324357647	0.29658173684722355	0.5120639534883721	191	1398693	0.4282569513109739	298	14.0847	0.21305604589427415	21.37070722131107	het_enriched
Cn86	NC_026753.1	357	0.41517857142857145	0.4295886334586131	0.1748319616472764	0.2866666666666667	0.5258620689655172	151	1186808	0.30080687019298824	318	17.7912	0.26794561546602313	2.1920949682989344	baseline
Cn86	NC_026754.1	267	0.36585365853658536	0.41403424104059094	0.18881604343019434	0.26024247491638797	0.5549043062200958	133	1059964	0.25189534738915664	171.5	24.462899999999998	0.1617979478548328	3.903870759394839	het_enriched
Cn86	NC_026755.1	366	0.40794429359726725	0.4287667389102619	0.17612093415458577	0.2897687112228069	0.5296502384737679	159	1561994	0.23431588085485605	337.5	20.0151	0.2160699720997648	1.423924936672812	baseline
Cn86	NC_026756.1	360	0.3375947402063738	0.37982155673926726	0.17075993178925175	0.23503781165071486	0.48961748633879776	201	774062	0.4650790246776098	369	25.9455	0.47670600029455	-0.3468809620165347	baseline
Cn86	NC_026757.1	141	0.36796536796536794	0.3921195830697744	0.17834532538550338	0.25	0.48863636363636365	76	756744	0.18632456947131393	208	21.4977	0.2748617762413709	-3.1166124748228885	het_depleted
Cn86	NC_026758.1	100	0.2875268240343347	0.3270243481908226	0.13728121749125113	0.2361671549389199	0.3407221863104216	233	942867	0.10605949725677111	147	14.0847	0.15590746096745353	-3.336954283726313	het_depleted
Cn87	NC_026745.1	38	0.4212092385292686	0.4103492883966974	0.14668704981533767	0.3304924242424242	0.4543350168350168	218.5	2291499	0.016583031456701487	220.5	31.875899999999998	0.09622522200533364	-5.725328539743192	het_depleted
Cn87	NC_026746.1	5	0.19680851063829788	0.19098037326621486	0.013275335704497536	0.193717277486911	0.19680851063829788	188	1621675	0.003083231843618481	113	6.6716999999999995	0.06968103966577767	-16.187778227438287	het_depleted
Cn87	NC_026747.1	9	0.32019704433497537	0.2953013705080806	0.050560035775961	0.23952095808383234	0.3259668508287293	181	1575141	0.005713774195452978	104	10.3782	0.06602583514745664	-9.15380316432522	het_depleted
Cn87	NC_026748.1	23	0.39622641509433965	0.3669087040002477	0.1698417954739609	0.20750830564784054	0.4534331022458383	189	1084805	0.021201967173823867	360.5	18.5325	0.3323177898331958	-18.211250505868072	het_depleted
Cn87	NC_026749.1	78	0.412456196240841	0.40508434963083984	0.09182459896297415	0.3360684510750329	0.4787130596541665	219	1814975	0.042975798564718524	297	33.3585	0.16363861761181284	-6.565043392238859	het_depleted
Cn87	NC_026750.1	49	0.28888888888888886	0.3256515269892243	0.1137601810542438	0.23809523809523808	0.3951219512195122	196	1422463	0.03444729318091226	278	11.8608	0.1954356633529308	-19.30729799001754	het_depleted
Cn87	NC_026751.1	21	0.3112244897959184	0.34601960981339763	0.09746072463268941	0.291005291005291	0.45604395604395603	189	1399503	0.015005326891046323	343	22.238999999999997	0.24508700588708993	-14.479068303430912	het_depleted
Cn87	NC_026752.1	10	0.229544948200958	0.2194681953445823	0.028215214858181868	0.21229888191982546	0.23646616541353382	190	1398693	0.0071495317414185956	298	14.0847	0.21305604589427415	-20.447719866237833	het_depleted
Cn87	NC_026753.1	85	0.28708133971291866	0.3072735435132306	0.10897446405624794	0.22598870056497175	0.35678391959798994	196	1186808	0.07162068337928292	318	17.7912	0.26794561546602313	-13.09636224650389	het_depleted
Cn87	NC_026754.1	19	0.2711864406779661	0.2917885660925225	0.14331147240916353	0.19146270396270396	0.3080568720379147	195	1059964	0.01792513708012725	171.5	24.462899999999998	0.1617979478548328	-6.233929746677623	het_depleted
Cn87	NC_026755.1	30	0.2840489539176808	0.33550924275863653	0.12015885657195735	0.25101351351351353	0.4191387913900283	204	1561994	0.019206219742201314	337.5	20.0151	0.2160699720997648	-15.363400632522445	het_depleted
Cn87	NC_026756.1	4	0.3671875	0.4266706730769231	0.18191012286084582	0.33953125	0.4543269230769231	76.5	774062	0.005167544718640109	369	25.9455	0.47670600029455	-14.067950126226128	het_depleted
Cn87	NC_026757.1	25	0.29901960784313725	0.3431252713432176	0.15108347980974723	0.24489795918367346	0.41875	181	756744	0.03303627118285708	208	21.4977	0.2748617762413709	-8.51253855063565	het_depleted
Cn87	NC_026758.1	45	0.3218390804597701	0.3260753458938383	0.08447265979278892	0.2761904761904762	0.3786407766990291	207	942867	0.047726773765547	147	14.0847	0.15590746096745353	-7.241900785959232	het_depleted
Cn88	NC_026745.1	205	0.3684210526315789	0.41144082007999455	0.18973497573286754	0.2535885167464115	0.5351351351351351	196	2291499	0.08946109075325803	220.5	31.875899999999998	0.09622522200533364	-0.48626078008777796	baseline
Cn88	NC_026746.1	119	0.35294117647058826	0.42423316930066096	0.20422018856841642	0.25	0.5714285714285714	92	1621675	0.07338091787811984	113	6.6716999999999995	0.06968103966577767	0.8993210126354603	baseline
Cn88	NC_026747.1	94	0.37915543575920935	0.39666477244740356	0.15475325945755167	0.2777777777777778	0.5	191.5	1575141	0.05967719715250888	104	10.3782	0.06602583514745664	-0.9635582278237074	baseline
Cn88	NC_026748.1	372	0.5031912531912532	0.4787518325624177	0.18214154532783408	0.30619773733398914	0.6205002847921017	213	1084805	0.34291877342010774	360.5	18.5325	0.3323177898331958	0.6205314987184676	baseline
Cn88	NC_026749.1	289	0.41203703703703703	0.4288719275306893	0.18017412698871302	0.2803738317757009	0.5485232067510548	158	1814975	0.15923084340004684	297	33.3585	0.16363861761181284	-0.2398189367027894	baseline
Cn88	NC_026750.1	289	0.44155844155844154	0.4217931627986586	0.14967593154104317	0.3153153153153153	0.5	216	1422463	0.20316872916905396	278	11.8608	0.1954356633529308	0.9274247942803184	baseline
Cn88	NC_026751.1	355	0.4166666666666667	0.4334106073042603	0.16114412875805428	0.31945945945945947	0.5416666666666666	194	1399503	0.25366147839625924	343	22.238999999999997	0.24508700588708993	0.5395926075812763	baseline
Cn88	NC_026752.1	304	0.4218954248366013	0.44622497621013274	0.17134825611419727	0.3152024446142093	0.5795593635250919	86	1398693	0.2173457649391253	298	14.0847	0.21305604589427415	0.42599416387995487	baseline
Cn88	NC_026753.1	327	0.38425925925925924	0.4152381766558102	0.16892299657031634	0.2852583209140586	0.5156402737047898	198	1186808	0.2755289819414766	318	17.7912	0.26794561546602313	0.5058680696074463	baseline
Cn88	NC_026754.1	212	0.32316365654323476	0.3661859278156073	0.17379904550813216	0.2198952879581152	0.49834801762114533	190.5	1059964	0.20000679268352511	171.5	24.462899999999998	0.1617979478548328	1.6555682278061883	baseline
Cn88	NC_026755.1	348	0.3817971508583953	0.405964202072892	0.1842927021149701	0.24941588785046728	0.5216500553709856	189.5	1561994	0.22279214900953526	337.5	20.0151	0.2160699720997648	0.5246039240373518	baseline
Cn88	NC_026756.1	374	0.37649521531100477	0.38987332889866905	0.16192064672611597	0.25173441889799897	0.49945414847161573	206	774062	0.48316543119285016	369	25.9455	0.47670600029455	0.1927116455647415	baseline
Cn88	NC_026757.1	213	0.35564853556485354	0.4154240461267988	0.19208445552083275	0.2631578947368421	0.5789473684210527	185	756744	0.2814690304779423	208	21.4977	0.2748617762413709	0.23258302050917076	baseline
Cn88	NC_026758.1	137	0.3648068669527897	0.3889898401077294	0.16238355433976878	0.2561576354679803	0.4700460829493088	203	942867	0.14530151124177643	147	14.0847	0.15590746096745353	-0.7099902731332581	baseline
Cn89	NC_018792.1	1	0.2727272727272727	0.2727272727272727	NA	0.2727272727272727	0.2727272727272727	121	NA	NA	1	0	NA	NA	NA
Cn89	NC_026745.1	253	0.36486486486486486	0.40179565776079296	0.17969128435207815	0.2559241706161137	0.5172413793103449	193	2291499	0.11040807785645991	220.5	31.875899999999998	0.09622522200533364	1.0195790550227601	baseline
Cn89	NC_026746.1	117	0.35064935064935066	0.4309440306638384	0.19799876609761832	0.2578616352201258	0.6111111111111112	77	1621675	0.07214762514067245	113	6.6716999999999995	0.06968103966577767	0.5995473417569736	baseline
Cn89	NC_026747.1	109	0.3805309734513274	0.40469742210476145	0.15809302554672588	0.27380952380952384	0.5064935064935064	156	1575141	0.06920015414493051	104	10.3782	0.06602583514745664	0.4817791139118537	baseline
Cn89	NC_026748.1	354	0.48059443484079634	0.46296722616556246	0.1729320730203216	0.31011315417256013	0.5946741473660936	213	1084805	0.3263259295449412	360.5	18.5325	0.3323177898331958	-0.3507351949278295	baseline
Cn89	NC_026749.1	320	0.4185022026431718	0.42980113758717703	0.18168343164246206	0.27528550280215713	0.5547979797979798	185	1814975	0.1763109684706401	297	33.3585	0.16363861761181284	0.6894794430205196	baseline
Cn89	NC_026750.1	283	0.44871794871794873	0.4294317238937479	0.13761732292799636	0.33564814814814814	0.49336166213014276	221	1422463	0.19895069326935041	278	11.8608	0.1954356633529308	0.42155672467287203	baseline
Cn89	NC_026751.1	343	0.41935483870967744	0.43255989757859736	0.16563111115460877	0.3035241874527589	0.5366220735785954	204	1399503	0.24508700588708993	343	22.238999999999997	0.24508700588708993	0	baseline
Cn89	NC_026752.1	294	0.44504830917874394	0.4480041966351296	0.17026751559481967	0.3075964095744681	0.5845125786163522	84	1398693	0.21019623319770672	298	14.0847	0.21305604589427415	-0.2839961092533032	baseline
Cn89	NC_026753.1	301	0.39705882352941174	0.4197017151355686	0.17567206102210142	0.2832369942196532	0.4854368932038835	201	1186808	0.25362147879016655	318	17.7912	0.26794561546602313	-0.9555285759251765	baseline
Cn89	NC_026754.1	155	0.3484848484848485	0.3899656069493908	0.172500598555506	0.2767085034830651	0.47957673523753147	204	1059964	0.14623138144314335	171.5	24.462899999999998	0.1617979478548328	-0.6744907594765952	baseline
Cn89	NC_026755.1	338	0.3495475113122172	0.4005059366934048	0.18809576026765729	0.25139041681945973	0.5051369863013699	196	1561994	0.21639007576213481	337.5	20.0151	0.2160699720997648	0.024981139239873894	baseline
Cn89	NC_026756.1	366	0.402073732718894	0.3939578732876723	0.15823443704328038	0.25835570040899797	0.4902777777777778	207	774062	0.47283034175557	369	25.9455	0.47670600029455	-0.1156269873388449	baseline
Cn89	NC_026757.1	201	0.4375	0.43981041274481486	0.18949951395272743	0.2647058823529412	0.5655737704918032	208	756744	0.26561162031017094	208	21.4977	0.2748617762413709	-0.3256162287128391	baseline
Cn89	NC_026758.1	160	0.3710826210826211	0.39966515500722255	0.159262737835975	0.27824716267339217	0.4771613190730838	200	942867	0.16969519561083377	147	14.0847	0.15590746096745353	0.9229873550732355	baseline
Cn9	NC_026745.1	240	0.38605677687380996	0.4097257138055592	0.18041121394813478	0.25998298355076577	0.5308402477503797	197	2291499	0.1047349355160094	220.5	31.875899999999998	0.09622522200533364	0.6117474330136561	baseline
Cn9	NC_026746.1	124	0.3798076923076923	0.4471681462011408	0.20855668227627036	0.2926143965747926	0.6306729264475743	129	1621675	0.07646414972173833	113	6.6716999999999995	0.06968103966577767	1.6487551898316772	baseline
Cn9	NC_026747.1	115	0.4097560975609756	0.4338893375791144	0.17603893331349443	0.2938478143550999	0.5562865497076024	189	1575141	0.07300933694189916	104	10.3782	0.06602583514745664	1.0599140506060782	baseline
Cn9	NC_026748.1	395	0.48	0.4601688009902036	0.16602184660669794	0.3211805555555556	0.5740325527321043	209	1084805	0.3641207405939316	360.5	18.5325	0.3323177898331958	1.8615944961554027	baseline
Cn9	NC_026749.1	268	0.38102439024390244	0.41095949666089254	0.18483087482716123	0.2599678760393046	0.5240788623141565	163	1814975	0.14766043609416107	297	33.3585	0.16363861761181284	-0.8693436455476116	baseline
Cn9	NC_026750.1	287	0.45108695652173914	0.42311339738175757	0.1435163425707566	0.3128010739951038	0.5113122171945701	211	1422463	0.20176271720248612	278	11.8608	0.1954356633529308	0.7588021044111696	baseline
Cn9	NC_026751.1	357	0.4260089686098655	0.4240533209539137	0.16791770193472172	0.28110599078341014	0.5205479452054794	200	1399503	0.2550905571477875	343	22.238999999999997	0.24508700588708993	0.6295247088448223	baseline
Cn9	NC_026752.1	326	0.4332773707773708	0.44191384905701536	0.1821686793179152	0.28132915845764145	0.5622258771929824	128	1398693	0.23307473477024623	298	14.0847	0.21305604589427415	1.9879727647731227	baseline
Cn9	NC_026753.1	362	0.40375793930839804	0.4271263699922689	0.18693757112211917	0.2692805898764448	0.5344045489394326	202	1186808	0.3050198515682402	318	17.7912	0.26794561546602313	2.4731327847475155	baseline
Cn9	NC_026754.1	186	0.32462975806780625	0.3791863619823939	0.18931250263080063	0.23194128432260486	0.4822775515653161	198	1059964	0.17547765773177204	171.5	24.462899999999998	0.1617979478548328	0.5927343037824625	baseline
Cn9	NC_026755.1	374	0.376459619056076	0.41537895398691715	0.18399615782545223	0.2709983031674208	0.5258322721484446	180.5	1561994	0.2394375394527764	337.5	20.0151	0.2160699720997648	1.8236231645107943	baseline
Cn9	NC_026756.1	365	0.3652694610778443	0.3889146997258763	0.15511150997761594	0.2653061224489796	0.4646017699115044	204	774062	0.47153845557590995	369	25.9455	0.47670600029455	-0.1541693164517932	baseline
Cn9	NC_026757.1	202	0.3463088939279415	0.3994200165656719	0.18056201778210165	0.25767195767195766	0.5411646586345381	184.5	756744	0.2669330711574852	208	21.4977	0.2748617762413709	-0.2790996246110049	baseline
Cn9	NC_026758.1	152	0.42141047998671316	0.4240211758903231	0.178786678392861	0.2713769188480568	0.5280373831775701	202	942867	0.16121043583029207	147	14.0847	0.15590746096745353	0.35499513656662907	baseline
Cn90	NC_026745.1	242	0.370138875873831	0.41233879724780154	0.18290543683224333	0.2701875947670933	0.5439593301435406	203	2291499	0.10560772664530947	220.5	31.875899999999998	0.09622522200533364	0.6744907594765952	baseline
Cn90	NC_026746.1	117	0.32272727272727275	0.4242013050959497	0.2016932618991688	0.2727272727272727	0.6022727272727273	110	1621675	0.07214762514067245	113	6.6716999999999995	0.06968103966577767	0.5995473417569736	baseline
Cn90	NC_026747.1	98	0.3893129770992366	0.41392853606496177	0.16901961558917583	0.27014202172096907	0.5554347826086957	196.5	1575141	0.06221665235048798	104	10.3782	0.06602583514745664	-0.5781349366942244	baseline
Cn90	NC_026748.1	385	0.4953271028037383	0.47192217979693646	0.18435180207077176	0.29347826086956524	0.6078431372549019	209	1084805	0.3549024939966169	360.5	18.5325	0.3323177898331958	1.3220018885741267	baseline
Cn90	NC_026749.1	257	0.42105263157894735	0.43685295170555344	0.18345286933083374	0.28502415458937197	0.5625	193	1814975	0.14159974655298282	297	33.3585	0.16363861761181284	-1.199094683513947	baseline
Cn90	NC_026750.1	293	0.4482758620689655	0.43360237095376963	0.14879822000066095	0.32098765432098764	0.5130434782608696	217	1422463	0.20598075310218966	278	11.8608	0.1954356633529308	1.264670174018616	baseline
Cn90	NC_026751.1	356	0.42889758643183296	0.43036953479646006	0.15547060333899418	0.3089686287738236	0.5265861571737563	205	1399503	0.25437601777202334	343	22.238999999999997	0.24508700588708993	0.5845586582130492	baseline
Cn90	NC_026752.1	285	0.4392523364485981	0.44763110800966494	0.1694681996718132	0.3167420814479638	0.5625	93	1398693	0.20376165463042997	298	14.0847	0.21305604589427415	-0.9229873550732355	baseline
Cn90	NC_026753.1	328	0.3918222346057397	0.4152694221800413	0.17882102209761197	0.25981910039113426	0.5201406649616369	205	1186808	0.276371578216527	318	17.7912	0.26794561546602313	0.5620756328971627	baseline
Cn90	NC_026754.1	221	0.3357664233576642	0.39410026584727564	0.19659643524226228	0.22580645161290322	0.5088495575221239	186	1059964	0.20849764708990118	171.5	24.462899999999998	0.1617979478548328	2.023472278429786	baseline
Cn90	NC_026755.1	375	0.38839285714285715	0.4188941585936135	0.19406501747639468	0.25908792650918633	0.5300120048019208	187	1561994	0.24007774677751645	337.5	20.0151	0.2160699720997648	1.873585442990542	baseline
Cn90	NC_026756.1	371	0.373134328358209	0.3853968940322133	0.16403718880985696	0.23389560063824938	0.48787287970364596	210	774062	0.47928977265387007	369	25.9455	0.47670600029455	0.0770846582258966	baseline
Cn90	NC_026757.1	234	0.3706896551724138	0.41256800693076134	0.18483760363572208	0.2541025641025641	0.533116036505867	194	756744	0.30921949827154227	208	21.4977	0.2748617762413709	1.209431706647688	baseline
Cn90	NC_026758.1	139	0.3940677966101695	0.40859780947489027	0.15365792034333609	0.3036732456140351	0.47786860298273837	190	942867	0.14742270118691184	147	14.0847	0.15590746096745353	-0.5679922185066064	baseline
Cn91	NC_026745.1	212	0.3986465921311608	0.4206348151940044	0.1838463854286049	0.26087364470391994	0.5429876060013046	194	2291499	0.0925158597058083	220.5	31.875899999999998	0.09622522200533364	-0.26665913746749115	baseline
Cn91	NC_026746.1	111	0.37962962962962965	0.43841384038076114	0.18146388990124704	0.27887914601601216	0.5381383322559793	112	1621675	0.06844774692833028	113	6.6716999999999995	0.06968103966577767	-0.2997736708784868	baseline
Cn91	NC_026747.1	101	0.3761467889908257	0.3961171070884859	0.16257412522352332	0.25	0.5	185	1575141	0.06412124374897231	104	10.3782	0.06602583514745664	-0.2890674683471122	baseline
Cn91	NC_026748.1	336	0.5208423795049935	0.48164394286574674	0.1815548319338976	0.32	0.6113009797220323	203	1084805	0.30973308566977475	360.5	18.5325	0.3323177898331958	-1.3220018885741267	baseline
Cn91	NC_026749.1	333	0.4230769230769231	0.43323119866610965	0.17785684815248318	0.29064039408866993	0.5555555555555556	189	1814975	0.18347360156475986	297	33.3585	0.16363861761181284	1.0791852151625523	baseline
Cn91	NC_026750.1	294	0.44496731165811065	0.4214389991608681	0.14393555025395816	0.31863636363636366	0.4970622796709753	211.5	1422463	0.2066837590854736	278	11.8608	0.1954356633529308	1.3489815189531904	baseline
Cn91	NC_026751.1	340	0.43260351048865514	0.4436669555967439	0.16564872460061356	0.3033851336665942	0.5561403508771929	200	1399503	0.2429433877597976	343	22.238999999999997	0.24508700588708993	-0.13489815189531906	baseline
Cn91	NC_026752.1	316	0.4244565217391304	0.4384651353837015	0.17014020912039352	0.3072998430141287	0.545995670995671	100	1398693	0.22592520302882763	298	14.0847	0.21305604589427415	1.2779824916398645	baseline
Cn91	NC_026753.1	333	0.3837837837837838	0.40658536133968975	0.16789062208361427	0.26865671641791045	0.502283105022831	196	1186808	0.28058455959177897	318	17.7912	0.26794561546602313	0.843113449345744	baseline
Cn91	NC_026754.1	198	0.3079159212880143	0.37145142746654075	0.19152506132740502	0.21192164809186084	0.48737622239990164	195	1059964	0.18679879694027346	171.5	24.462899999999998	0.1617979478548328	1.083273037947259	baseline
Cn91	NC_026755.1	316	0.38052143934496874	0.41556714919870374	0.18435802204860452	0.26689291101055806	0.5103717672413792	197	1561994	0.20230551461785384	337.5	20.0151	0.2160699720997648	-1.0741889873145776	baseline
Cn91	NC_026756.1	391	0.38626609442060084	0.3868852611296944	0.15920764885932104	0.24779541446208111	0.4965327130981608	206	774062	0.5051274962470707	369	25.9455	0.47670600029455	0.8479312404848626	baseline
Cn91	NC_026757.1	230	0.3949451628045918	0.4293367406456704	0.19772696350518265	0.2642730241044848	0.5786828881248347	192	756744	0.30393369488228517	208	21.4977	0.2748617762413709	1.0233652902403514	baseline
Cn91	NC_026758.1	145	0.39461883408071746	0.4118410299457477	0.17115083916602064	0.27717391304347827	0.4909090909090909	194	942867	0.1537862710223181	147	14.0847	0.15590746096745353	-0.1419980546266516	baseline
Cn92	NC_026745.1	248	0.3581168831168831	0.4002972815607294	0.18376634139302486	0.24860782821201072	0.5163109374699282	199.5	2291499	0.10822610003320972	220.5	31.875899999999998	0.09622522200533364	0.8627207388654125	baseline
Cn92	NC_026746.1	119	0.35874439461883406	0.42630441121290225	0.1756440802302853	0.29384546271338724	0.5164021164021164	87	1621675	0.07338091787811984	113	6.6716999999999995	0.06968103966577767	0.8993210126354603	baseline
Cn92	NC_026747.1	97	0.38009049773755654	0.4008603966624532	0.1636033484017028	0.25	0.5217391304347826	193	1575141	0.06158178855099321	104	10.3782	0.06602583514745664	-0.6744907594765952	baseline
Cn92	NC_026748.1	374	0.4774317121918721	0.4626620363508974	0.17788510295817442	0.2992699235807861	0.591724006116208	214	1084805	0.3447624227395707	360.5	18.5325	0.3323177898331958	0.7284500202347228	baseline
Cn92	NC_026749.1	326	0.4035360289490245	0.40716161897856123	0.1746569599125697	0.24374590144026426	0.5111858495266567	202	1814975	0.1796167991294646	297	33.3585	0.16363861761181284	0.8693436455476116	baseline
Cn92	NC_026750.1	281	0.4491525423728814	0.438333445145117	0.14141729602073458	0.3463414634146341	0.5142857142857142	221	1422463	0.19754468130278258	278	11.8608	0.1954356633529308	0.25293403480372323	baseline
Cn92	NC_026751.1	347	0.40969162995594716	0.4374043348003888	0.16034933974670806	0.3013101352059533	0.5403660498793241	206	1399503	0.24794516339014638	343	22.238999999999997	0.24508700588708993	0.17986420252709207	baseline
Cn92	NC_026752.1	300	0.4572989746357259	0.46198876385088994	0.18004615980718727	0.3106943150046598	0.6182755388940956	93	1398693	0.21448595224255787	298	14.0847	0.21305604589427415	0.1419980546266516	baseline
Cn92	NC_026753.1	291	0.38202247191011235	0.41573098232744404	0.17556205425846183	0.27219115848331293	0.5126205991875423	201	1186808	0.2451955160396627	318	17.7912	0.26794561546602313	-1.5176042088223392	baseline
Cn92	NC_026754.1	186	0.3317640021269054	0.36033210135401567	0.17904549600100572	0.20551282051282052	0.45748873873873874	204	1059964	0.17547765773177204	171.5	24.462899999999998	0.1617979478548328	0.5927343037824625	baseline
Cn92	NC_026755.1	308	0.3628466390475124	0.404517511371686	0.1860820184973479	0.24651162790697675	0.5141420616161212	183	1561994	0.19718385601993352	337.5	20.0151	0.2160699720997648	-1.4738872151525597	baseline
Cn92	NC_026756.1	360	0.4063926940639269	0.40132095235724485	0.1707580084290355	0.2305093555093555	0.5	213	774062	0.4650790246776098	369	25.9455	0.47670600029455	-0.3468809620165347	baseline
Cn92	NC_026757.1	212	0.37631801739398135	0.42491479259928966	0.18406310344717758	0.26634926971305123	0.5709059233449476	194	756744	0.28014757963062803	208	21.4977	0.2748617762413709	0.18606641640733662	baseline
Cn92	NC_026758.1	125	0.3508771929824561	0.3988928965368426	0.17108878010458128	0.2604166666666667	0.5	200	942867	0.13257437157096388	147	14.0847	0.15590746096745353	-1.5619786008931678	baseline
Cn93	NC_026745.1	237	0.37117903930131	0.4186465831888314	0.17286165843097892	0.27956989247311825	0.5342465753424658	198	2291499	0.10342574882205928	220.5	31.875899999999998	0.09622522200533364	0.5176324433192475	baseline
Cn93	NC_026746.1	118	0.3455696471437979	0.4218146212573997	0.17965190934133327	0.26682711393410086	0.5828804347826086	87.5	1621675	0.07276427150939616	113	6.6716999999999995	0.06968103966577767	0.7494341771962169	baseline
Cn93	NC_026747.1	89	0.40186915887850466	0.4206595015212279	0.1520915660245103	0.3008130081300813	0.5	191	1575141	0.056502878155035005	104	10.3782	0.06602583514745664	-1.445337341735561	baseline
Cn93	NC_026748.1	328	0.5011415525114156	0.47136158078331397	0.18635890912619088	0.2809652396938924	0.646875	200	1084805	0.302358488391923	360.5	18.5325	0.3323177898331958	-1.7536759746391475	baseline
Cn93	NC_026749.1	331	0.422680412371134	0.42917272255686206	0.1753286610398141	0.29234496124031006	0.5359422492401216	189	1814975	0.18237165801181834	297	33.3585	0.16363861761181284	1.0192304809868549	baseline
Cn93	NC_026750.1	283	0.4444444444444444	0.427927182196451	0.14649704558859852	0.3409386130316363	0.5091750841750842	217	1422463	0.19895069326935041	278	11.8608	0.1954356633529308	0.42155672467287203	baseline
Cn93	NC_026751.1	340	0.4255041346293341	0.427630806762638	0.16080643537854436	0.2908008658008658	0.526555023923445	202	1399503	0.2429433877597976	343	22.238999999999997	0.24508700588708993	-0.13489815189531906	baseline
Cn93	NC_026752.1	308	0.42936444621725833	0.44735549658394036	0.16903589339620737	0.31993006993006995	0.5694444444444444	82	1398693	0.22020557763569276	298	14.0847	0.21305604589427415	0.7099902731332581	baseline
Cn93	NC_026753.1	335	0.39565217391304347	0.42253059447230146	0.1670094655098079	0.28726851851851853	0.5209592513160459	199	1186808	0.2822697521418797	318	17.7912	0.26794561546602313	0.9555285759251765	baseline
Cn93	NC_026754.1	195	0.3313253012048193	0.3773732066673641	0.18534487443157086	0.21693061840120664	0.48060020440397655	190	1059964	0.1839685121381481	171.5	24.462899999999998	0.1617979478548328	0.9606383544060599	baseline
Cn93	NC_026755.1	350	0.38095238095238093	0.41575929023972	0.19126248428937748	0.25	0.5193434749492214	181	1561994	0.22407256365901534	337.5	20.0151	0.2160699720997648	0.6245284809968473	baseline
Cn93	NC_026756.1	365	0.3832599118942731	0.39590865999796304	0.16118646669341305	0.25118483412322273	0.5021834061135371	209	774062	0.47153845557590995	369	25.9455	0.47670600029455	-0.1541693164517932	baseline
Cn93	NC_026757.1	194	0.4358749240224218	0.43395019258379425	0.19264779619097425	0.26473494536154385	0.526092774308653	204	756744	0.25636146437897095	208	21.4977	0.2748617762413709	-0.6512324574256781	baseline
Cn93	NC_026758.1	153	0.3516483516483517	0.39326702260460944	0.1708953014185955	0.27314814814814814	0.5135135135135135	198	942867	0.1622710308028598	147	14.0847	0.15590746096745353	0.42599416387995487	baseline
Cn94	NC_026745.1	237	0.36363636363636365	0.40043284221791053	0.17040208486355723	0.2600896860986547	0.5287958115183246	197	2291499	0.10342574882205928	220.5	31.875899999999998	0.09622522200533364	0.5176324433192475	baseline
Cn94	NC_026746.1	121	0.3488372093023256	0.42203803884644336	0.19421193956996244	0.27230046948356806	0.5921052631578947	83	1621675	0.07461421061556724	113	6.6716999999999995	0.06968103966577767	1.199094683513947	baseline
Cn94	NC_026747.1	102	0.4138477801268499	0.41846676112299036	0.16721301640657982	0.2909090909090909	0.524831077653552	174	1575141	0.06475610754846708	104	10.3782	0.06602583514745664	-0.1927116455647415	baseline
Cn94	NC_026748.1	336	0.5166429287334494	0.47911762912556094	0.1814328939374699	0.30505952380952384	0.6363636363636364	199.5	1084805	0.30973308566977475	360.5	18.5325	0.3323177898331958	-1.3220018885741267	baseline
Cn94	NC_026749.1	337	0.42028985507246375	0.44275178367879925	0.18411113813237337	0.2897727272727273	0.5853658536585366	170	1814975	0.18567748867064285	297	33.3585	0.16363861761181284	1.199094683513947	baseline
Cn94	NC_026750.1	289	0.43043478260869567	0.42658040116191837	0.14665488340720895	0.3165829145728643	0.5	219	1422463	0.20316872916905396	278	11.8608	0.1954356633529308	0.9274247942803184	baseline
Cn94	NC_026751.1	346	0.40420019843457167	0.421912930179043	0.16422174622772773	0.3004189944134078	0.5307904411764706	201.5	1399503	0.24723062401438226	343	22.238999999999997	0.24508700588708993	0.13489815189531906	baseline
Cn94	NC_026752.1	304	0.4503284072249589	0.44791393592559714	0.18232599137590585	0.28742857142857137	0.5772706209453197	87.5	1398693	0.2173457649391253	298	14.0847	0.21305604589427415	0.42599416387995487	baseline
Cn94	NC_026753.1	342	0.39260871420646093	0.4064894373414517	0.1659534672320465	0.2775784157363105	0.47897315878007757	199	1186808	0.28816792606723246	318	17.7912	0.26794561546602313	1.3489815189531904	baseline
Cn94	NC_026754.1	167	0.34782608695652173	0.3896041080078647	0.18484613552812312	0.23900684784013093	0.5	204	1059964	0.1575525206516448	171.5	24.462899999999998	0.1617979478548328	-0.1839520253117987	baseline
Cn94	NC_026755.1	333	0.3709677419354839	0.40049767015054766	0.17802981302538073	0.2543859649122807	0.5117370892018779	193	1561994	0.2131890391384346	337.5	20.0151	0.2160699720997648	-0.22483025315886504	baseline
Cn94	NC_026756.1	386	0.3798076923076923	0.384427098541816	0.16763867938078342	0.2261904761904762	0.5	202	774062	0.4986680653487705	369	25.9455	0.47670600029455	0.655219594920121	baseline
Cn94	NC_026757.1	223	0.3870967741935484	0.4169628474981537	0.1790899030721194	0.26048692058789136	0.552593537414966	188	756744	0.2946835389510852	208	21.4977	0.2748617762413709	0.6977490615275123	baseline
Cn94	NC_026758.1	135	0.3953488372093023	0.41685074606806555	0.16167994455909293	0.3046129374337222	0.4830615572768039	197	942867	0.143180321296641	147	14.0847	0.15590746096745353	-0.8519883277599097	baseline
Cn95	NC_026745.1	255	0.35377358490566035	0.397108736153479	0.18470654487829014	0.25152857613590596	0.4981481481481481	191	2291499	0.11128086898575999	220.5	31.875899999999998	0.09622522200533364	1.0823223814856993	baseline
Cn95	NC_026746.1	137	0.3424657534246575	0.42353317337920304	0.20517010497697732	0.25	0.5769230769230769	83	1621675	0.08448055251514638	113	6.6716999999999995	0.06968103966577767	3.597284050541841	het_enriched
Cn95	NC_026747.1	108	0.3590062111801242	0.40677445220203656	0.1795457223645757	0.27321428571428574	0.5489078204460818	168	1575141	0.06856529034543574	104	10.3782	0.06602583514745664	0.385423291129483	baseline
Cn95	NC_026748.1	389	0.470873786407767	0.46568595622887277	0.18037474480737697	0.308411214953271	0.6052631578947368	204	1084805	0.35858979263554275	360.5	18.5325	0.3323177898331958	1.537838931606637	baseline
Cn95	NC_026749.1	324	0.39869487618056076	0.41099934896133744	0.17615904404881433	0.26950980392156865	0.5112860892388451	186	1814975	0.1785148555765231	297	33.3585	0.16363861761181284	0.8093889113719143	baseline
Cn95	NC_026750.1	306	0.43844230482161517	0.41385887667064974	0.15556606610741577	0.2858024017467249	0.49100999344692003	217	1422463	0.21511983088488065	278	11.8608	0.1954356633529308	2.3607176581680833	baseline
Cn95	NC_026751.1	379	0.39664804469273746	0.4267313122754048	0.1694871374901928	0.28365384615384615	0.537416018387553	195	1399503	0.27081042341459793	343	22.238999999999997	0.24508700588708993	1.6187778227438285	baseline
Cn95	NC_026752.1	332	0.4328828828828829	0.450005674713238	0.18630527405994968	0.29128086419753085	0.5869565217391305	87	1398693	0.23736445381509738	298	14.0847	0.21305604589427415	2.4139669286530774	baseline
Cn95	NC_026753.1	350	0.3851739194426728	0.41267990238064495	0.18049177826845084	0.2665887259858443	0.5243950039032006	192.5	1186808	0.29490869626763555	318	17.7912	0.26794561546602313	1.7986420252709205	baseline
Cn95	NC_026754.1	207	0.34101382488479265	0.36356378639938297	0.17640760127320404	0.20427993059572008	0.45194233079695634	186	1059964	0.19528965134664952	171.5	24.462899999999998	0.1617979478548328	1.4511770885708564	baseline
Cn95	NC_026755.1	385	0.3333333333333333	0.3973940765759706	0.19453768597816898	0.24	0.5039370078740157	181	1561994	0.2464798200249169	337.5	20.0151	0.2160699720997648	2.37320822778802	baseline
Cn95	NC_026756.1	384	0.3806779371584699	0.3959718904164731	0.16720974710454148	0.2530080889787665	0.5106382978723404	195	774062	0.49608429298945045	369	25.9455	0.47670600029455	0.5781349366942244	baseline
Cn95	NC_026757.1	192	0.41724981509927744	0.4317122919038819	0.1861047559408166	0.2738961038961039	0.6006546644844517	197.5	756744	0.2537185626843424	208	21.4977	0.2748617762413709	-0.7442656656293465	baseline
Cn95	NC_026758.1	154	0.3504894991266198	0.39627002789919696	0.18362303297976684	0.25486257928118394	0.4906742354031511	176	942867	0.1633316257754275	147	14.0847	0.15590746096745353	0.49699319119328067	baseline
Cn96	NC_026745.1	218	0.3588046572897633	0.41254065144711627	0.19379774810987366	0.25171455050973124	0.5302461782807226	207	2291499	0.09513423309370854	220.5	31.875899999999998	0.09622522200533364	-0.07842915807867386	baseline
Cn96	NC_026746.1	101	0.39520958083832336	0.4329872184165731	0.1880057495711772	0.27184466019417475	0.569620253164557	113	1621675	0.06228128324109332	113	6.6716999999999995	0.06968103966577767	-1.7986420252709205	baseline
Cn96	NC_026747.1	105	0.4	0.42831047960166124	0.16071784165428069	0.3125	0.5211267605633803	174	1575141	0.06666069894695141	104	10.3782	0.06602583514745664	0.09635582278237075	baseline
Cn96	NC_026748.1	353	0.4890829694323144	0.475183346355542	0.1687376295630061	0.33047210300429186	0.5966386554621849	223	1084805	0.32540410488520977	360.5	18.5325	0.3323177898331958	-0.40469445568595713	baseline
Cn96	NC_026749.1	320	0.4373647186147186	0.4433169404811033	0.1677469731424775	0.3059360730593607	0.5630040322580645	201.5	1814975	0.1763109684706401	297	33.3585	0.16363861761181284	0.6894794430205196	baseline
Cn96	NC_026750.1	276	0.42515533797778193	0.41436196287127525	0.13550921074489583	0.3303431413007593	0.48663677307206066	225	1422463	0.19402965138636297	278	11.8608	0.1954356633529308	-0.1686226898691488	baseline
Cn96	NC_026751.1	336	0.4127789046653144	0.4282065844999262	0.1673978020273886	0.281351461038961	0.5506578947368421	218	1399503	0.24008523025674117	343	22.238999999999997	0.24508700588708993	-0.31476235442241113	baseline
Cn96	NC_026752.1	312	0.41523947750362844	0.44179814214150853	0.18526074873614348	0.28	0.5662575410859163	100	1398693	0.2230653903322602	298	14.0847	0.21305604589427415	0.9939863823865613	baseline
Cn96	NC_026753.1	302	0.37413049972261336	0.41509338378503474	0.18180177510157403	0.2753794967768767	0.5046864899806076	209	1186808	0.25446407506521695	318	17.7912	0.26794561546602313	-0.8993210126354603	baseline
Cn96	NC_026754.1	156	0.3793103448275862	0.3978673876495523	0.17671837468347726	0.2496306741874832	0.49283394741772313	216	1059964	0.14717480971051847	171.5	24.462899999999998	0.1617979478548328	-0.6336125316295289	baseline
Cn96	NC_026755.1	315	0.34408602150537637	0.40879822430637014	0.19099551005832419	0.25324894514767937	0.530107047279215	189	1561994	0.20166530729311383	337.5	20.0151	0.2160699720997648	-1.1241512657943253	baseline
Cn96	NC_026756.1	341	0.3974358974358974	0.4095825730200922	0.15403855728176663	0.27071823204419887	0.5135135135135135	215	774062	0.44053318726406926	369	25.9455	0.47670600029455	-1.0791852151625523	baseline
Cn96	NC_026757.1	213	0.38509316770186336	0.4358349185694264	0.2055687157043024	0.2532188841201717	0.6122448979591837	215	756744	0.2814690304779423	208	21.4977	0.2748617762413709	0.23258302050917076	baseline
Cn96	NC_026758.1	154	0.3832474757881723	0.39986436229334377	0.1386975651162903	0.2874321278557525	0.4988839285714286	210.5	942867	0.1633316257754275	147	14.0847	0.15590746096745353	0.49699319119328067	baseline
Cn97	NC_018792.1	2	0.3269230769230769	0.3269230769230769	0.027196414661021042	0.3173076923076923	0.3365384615384615	58.5	NA	NA	1	0	NA	NA	NA
Cn97	NC_026745.1	184	0.3823853836588985	0.4207379419313872	0.1724284851213197	0.27776256333013827	0.5439723320158103	201	2291499	0.08029678389560721	220.5	31.875899999999998	0.09622522200533364	-1.1450657079486384	baseline
Cn97	NC_026746.1	111	0.3698630136986301	0.44925808217221075	0.20110562711880892	0.27391822151647477	0.6493243243243243	82	1621675	0.06844774692833028	113	6.6716999999999995	0.06968103966577767	-0.2997736708784868	baseline
Cn97	NC_026747.1	108	0.3834770114942529	0.4063169259951995	0.17540468886465066	0.26131961259079906	0.4962393162393163	192.5	1575141	0.06856529034543574	104	10.3782	0.06602583514745664	0.385423291129483	baseline
Cn97	NC_026748.1	360	0.4793617021276596	0.45829276984895956	0.16488509332940995	0.3159609997845292	0.5834227467811159	222	1084805	0.3318568775033301	360.5	18.5325	0.3323177898331958	-0.02697963037906381	baseline
Cn97	NC_026749.1	283	0.45021645021645024	0.4376317374594252	0.16352377581794908	0.3086080586080586	0.5323517104299613	210	1814975	0.15592501274122234	297	33.3585	0.16363861761181284	-0.41968313922988143	baseline
Cn97	NC_026750.1	269	0.48034934497816595	0.44031930394058005	0.14172488348381898	0.32432432432432434	0.5162790697674419	225	1422463	0.1891086095033755	278	11.8608	0.1954356633529308	-0.7588021044111696	baseline
Cn97	NC_026751.1	333	0.42857142857142855	0.43707132231425283	0.1627985667400019	0.3130434782608696	0.5368421052631579	214	1399503	0.23794161212944884	343	22.238999999999997	0.24508700588708993	-0.4496605063177302	baseline
Cn97	NC_026752.1	310	0.4305710048201705	0.4501047883988852	0.1697145770459096	0.32619787045252885	0.5625	105	1398693	0.22163548398397648	298	14.0847	0.21305604589427415	0.8519883277599097	baseline
Cn97	NC_026753.1	284	0.3905764966740577	0.42357255174447234	0.17119646000539496	0.29171020712819556	0.5138116057233704	214.5	1186808	0.23929734211430997	318	17.7912	0.26794561546602313	-1.911057151850353	baseline
Cn97	NC_026754.1	139	0.3894736842105263	0.4184092133189711	0.19275486258968066	0.24292460205772898	0.5076042378673957	215	1059964	0.13113652916514146	171.5	24.462899999999998	0.1617979478548328	-1.3285424050296573	baseline
Cn97	NC_026755.1	271	0.38288288288288286	0.42379127864176896	0.1951806645953554	0.2544251253132832	0.5505050505050505	180	1561994	0.17349618500455188	337.5	20.0151	0.2160699720997648	-3.322491518903228	het_depleted
Cn97	NC_026756.1	305	0.40186915887850466	0.39918489419023634	0.15160386416610913	0.26282051282051283	0.5086206896551724	218	774062	0.3940252847963083	369	25.9455	0.47670600029455	-2.466709063228691	baseline
Cn97	NC_026757.1	222	0.4185221837374237	0.4634207424931099	0.1934751882785142	0.29418130888719124	0.6374859708193041	213.5	756744	0.2933620881037709	208	21.4977	0.2748617762413709	0.6512324574256781	baseline
Cn97	NC_026758.1	154	0.37745633187772926	0.4033952972674954	0.14894394576084216	0.2925061425061425	0.5	205	942867	0.1633316257754275	147	14.0847	0.15590746096745353	0.49699319119328067	baseline
Cn99	NC_018792.1	1	0.4857142857142857	0.4857142857142857	NA	0.4857142857142857	0.4857142857142857	35	NA	NA	1	0	NA	NA	NA
Cn99	NC_026745.1	222	0.3724169584151652	0.40480377942354334	0.18469541058575673	0.2511363636363636	0.4963806035234607	220	2291499	0.09687981535230869	220.5	31.875899999999998	0.09622522200533364	0.04705749484720432	baseline
Cn99	NC_026746.1	116	0.33964285714285714	0.4225838392453768	0.20699050562909355	0.25353447392685174	0.6394094898110962	107.5	1621675	0.07153097877194876	113	6.6716999999999995	0.06968103966577767	0.44966050631773014	baseline
Cn99	NC_026747.1	103	0.37668161434977576	0.42087653411764947	0.1676660604943158	0.2849025974025974	0.5472074468085106	191	1575141	0.06539097134796186	104	10.3782	0.06602583514745664	-0.09635582278237075	baseline
Cn99	NC_026748.1	373	0.47863247863247865	0.4568627100827078	0.16303910428249918	0.3065326633165829	0.5683760683760684	224	1084805	0.3438405980798392	360.5	18.5325	0.3323177898331958	0.6744907594765952	baseline
Cn99	NC_026749.1	303	0.48034934497816595	0.4650379782979521	0.16782057734363004	0.3296112988894254	0.5729460320969911	204	1814975	0.16694444827063734	297	33.3585	0.16363861761181284	0.17986420252709204	baseline
Cn99	NC_026750.1	257	0.44813278008298757	0.4315988129754059	0.13872480417704494	0.33505154639175255	0.4957627118644068	227	1422463	0.1806725377039684	278	11.8608	0.1954356633529308	-1.7705382436260624	baseline
Cn99	NC_026751.1	351	0.41379310344827586	0.4335693602635104	0.16359965705819515	0.2989842449393201	0.5375	219	1399503	0.25080332089320284	343	22.238999999999997	0.24508700588708993	0.35972840505418413	baseline
Cn99	NC_026752.1	306	0.4408275667278633	0.45557255543913966	0.16847374477324412	0.3184235976789168	0.5833333333333334	104	1398693	0.21877567128740905	298	14.0847	0.21305604589427415	0.5679922185066064	baseline
Cn99	NC_026753.1	320	0.3932553629863047	0.41911960865617	0.1711767231576321	0.27429052201697834	0.5236244019138756	218	1186808	0.26963080801612394	318	17.7912	0.26794561546602313	0.11241512657943253	baseline
Cn99	NC_026754.1	149	0.3521739130434783	0.385485109338989	0.1835082123246848	0.23333333333333334	0.4732142857142857	217	1059964	0.14057081183889264	171.5	24.462899999999998	0.1617979478548328	-0.9197601265589935	baseline
Cn99	NC_026755.1	295	0.36363636363636365	0.41980343077572363	0.18108944124500684	0.2765467202666928	0.5434243176178659	201	1561994	0.18886116079831294	337.5	20.0151	0.2160699720997648	-2.123396835389281	baseline
Cn99	NC_026756.1	337	0.4279661016949153	0.40870520568932744	0.1620571233023117	0.2670807453416149	0.5089285714285714	220	774062	0.43536564254542914	369	25.9455	0.47670600029455	-1.2333545316143455	baseline
Cn99	NC_026757.1	196	0.39139685476410735	0.4290086189035869	0.19477721112534352	0.27443181818181817	0.5549242424242424	216.5	756744	0.2590043660735995	208	21.4977	0.2748617762413709	-0.5581992492220098	baseline
Cn99	NC_026758.1	138	0.38	0.40589847963337927	0.14808693103773332	0.3127648305084746	0.4678862596937761	214.5	942867	0.14636210621434412	147	14.0847	0.15590746096745353	-0.6389912458199323	baseline
CnH99	NC_026745.1	19	0.23318385650224216	0.2821390461338152	0.10935106743047228	0.19382239382239383	0.394864134300754	218	2291499	0.008291515728350744	220.5	31.875899999999998	0.09622522200533364	-6.321390141141113	het_depleted
CnH99	NC_026746.1	11	0.22279792746113988	0.23347434801779626	0.022246625308955145	0.22137750608713672	0.23588573360378634	199	1621675	0.006783110055960658	113	6.6716999999999995	0.06968103966577767	-15.288457214802825	het_depleted
CnH99	NC_026747.1	11	0.30660377358490565	0.26691544765284536	0.09155905375504153	0.17734420500873616	0.3374461979913917	204	1575141	0.006983501794442529	104	10.3782	0.06602583514745664	-8.96109151876048	het_depleted
CnH99	NC_026748.1	22	0.23077529981064593	0.2956816422804103	0.1414479489953457	0.1996511684636776	0.43034134007585334	208	1084805	0.020280142514092395	360.5	18.5325	0.3323177898331958	-18.2652097666262	het_depleted
CnH99	NC_026749.1	14	0.25583721696558864	0.2645255870393992	0.06638493810965126	0.20821668533034715	0.29237222906403937	208	1814975	0.007713604870590504	297	33.3585	0.16363861761181284	-8.483594885861175	het_depleted
CnH99	NC_026750.1	43	0.336322869955157	0.34020754076437537	0.1122562499208364	0.2511261261261261	0.3792286321294329	216	1422463	0.030229257281208722	278	11.8608	0.1954356633529308	-19.813166059624983	het_depleted
CnH99	NC_026751.1	15	0.23267326732673269	0.3260465064375963	0.18374402246949995	0.1639453477868112	0.5355273203184644	210	1399503	0.010718090636461659	343	22.238999999999997	0.24508700588708993	-14.748864607221549	het_depleted
CnH99	NC_026752.1	14	0.22037914691943128	0.22027187816863872	0.018390029906528986	0.20924539170506912	0.2246755426269859	213.5	1398693	0.010009344437986034	298	14.0847	0.21305604589427415	-20.16372375698453	het_depleted
CnH99	NC_026753.1	77	0.32882882882882886	0.3263573192594699	0.11722982749465712	0.20657276995305165	0.4170403587443946	206	1186808	0.064879913178879825	318	17.7912	0.26794561546602313	-13.546022752821619	het_depleted
CnH99	NC_026754.1	24	0.22952430711051403	0.24450609810548882	0.058479005987203	0.19927703875072297	0.31154486468026976	195	1059964	0.022642278417002844	171.5	24.462899999999998	0.1617979478548328	-6.029538607442291	het_depleted
CnH99	NC_026755.1	19	0.33962264150943394	0.33452198107676867	0.04069387490345583	0.31968586387434555	0.35392028527579666	212	1561994	0.012163939170060834	337.5	20.0151	0.2160699720997648	-15.912985695799671	het_depleted
CnH99	NC_026756.1	2	0.3271144278606965	0.3271144278606965	0.008794860462519247	0.3240049751243781	0.3302238805970149	79	774062	0.0025837723593200544	369	25.9455	0.47670600029455	-14.145034784452024	het_depleted
CnH99	NC_026757.1	14	0.3869702238643773	0.3972702485243338	0.11544315454418518	0.30105755041810134	0.48482142857142857	214	756744	0.018500311862399966	208	21.4977	0.2748617762413709	-9.024221195755826	het_depleted
CnH99	NC_026758.1	23	0.41203703703703703	0.3661935907446896	0.0980105193034911	0.2900900900900901	0.45087719298245615	212	942867	0.024393684369057356	147	14.0847	0.15590746096745353	-8.803879386852401	het_depleted
CnH9901	NC_026745.1	12	0.20043464028515312	0.2053111585116818	0.02467180285907117	0.1927221258332572	0.20846230158730158	232.5	2291499	0.00523674677580047	220.5	31.875899999999998	0.09622522200533364	-6.5409917837614	het_depleted
CnH9901	NC_026746.1	6	0.19564852150537634	0.22022557245547603	0.0656467257411854	0.18649024693359267	0.20542042525773196	193	1621675	0.003699878212342177	113	6.6716999999999995	0.06968103966577767	-16.037891391999043	het_depleted
CnH9901	NC_026747.1	11	0.3165829145728643	0.2967621701405493	0.07041336076305786	0.26024442846872753	0.3524507750314202	198	1575141	0.006983501794442529	104	10.3782	0.06602583514745664	-8.96109151876048	het_depleted
CnH9901	NC_026748.1	18	0.2051136363636364	0.28355443027613053	0.11761824799787851	0.1913353500432152	0.4144496058558559	184.5	1084805	0.016592843875166505	360.5	18.5325	0.3323177898331958	-18.481046809658707	het_depleted
CnH9901	NC_026749.1	13	0.2894736842105263	0.2908984939800325	0.11371745721807514	0.21578947368421053	0.323943661971831	199	1814975	0.007162633094119754	297	33.3585	0.16363861761181284	-8.513572252949023	het_depleted
CnH9901	NC_026750.1	50	0.34308510638297873	0.33877018587846247	0.10260835458566392	0.27207175330245326	0.3971562046444122	203	1422463	0.03515029916419619	278	11.8608	0.1954356633529308	-19.222986645082962	het_depleted
CnH9901	NC_026751.1	10	0.4950565812983919	0.4129723920826225	0.1656148107660059	0.24690119070221594	0.5467534472113604	220.5	1399503	0.007145393757641106	343	22.238999999999997	0.24508700588708993	-14.973694860380414	het_depleted
CnH9901	NC_026752.1	18	0.2340476719224221	0.23193806779418424	0.021793536196098227	0.21927722392638038	0.24715796430931924	164.5	1398693	0.012869157134553473	298	14.0847	0.21305604589427415	-19.879727647731226	het_depleted
CnH9901	NC_026753.1	72	0.31096330275229356	0.3239335067603156	0.10271330635699571	0.25724099736048267	0.3666137356093688	197	1186808	0.06066693180362788	318	17.7912	0.26794561546602313	-13.8270605692702	het_depleted
CnH9901	NC_026754.1	17	0.25257731958762886	0.23713015994626885	0.05156918907670815	0.2011173184357542	0.2890995260663507	208	1059964	0.016038280545377013	171.5	24.462899999999998	0.1617979478548328	-6.315686202371755	het_depleted
CnH9901	NC_026755.1	20	0.2958960328317374	0.2968289488847647	0.03743938724162425	0.27344497607655505	0.31065244631770805	199.5	1561994	0.012804146494800876	337.5	20.0151	0.2160699720997648	-15.863023417319923	het_depleted
CnH9901	NC_026756.1	3	0.3188405797101449	0.28627833519137863	0.056399461914984336	0.2699972129319955	0.3188405797101449	138	774062	0.0038756585389800816	369	25.9455	0.47670600029455	-14.106492455339076	het_depleted
CnH9901	NC_026757.1	13	0.4052631578947368	0.4117628532278272	0.10714358581887821	0.3046875	0.5	190	756744	0.017178861015085683	208	21.4977	0.2748617762413709	-9.07073779985766	het_depleted
CnH9901	NC_026758.1	23	0.3894230769230769	0.37424988722122327	0.07032061209095375	0.3363432884948761	0.4251552795031056	218	942867	0.024393684369057356	147	14.0847	0.15590746096745353	-8.803879386852401	het_depleted
CnH9902	NC_026745.1	14	0.28879706152433426	0.2901277948926107	0.09268160965911204	0.19734234234234235	0.36053215077605316	226	2291499	0.006109537905100548	220.5	31.875899999999998	0.09622522200533364	-6.478248457298461	het_depleted
CnH9902	NC_026746.1	12	0.2063723157040065	0.2261658617284897	0.09905236966130006	0.1714320231958763	0.21385836385836385	193	1621675	0.007399756424684354	113	6.6716999999999995	0.06968103966577767	-15.138570379363582	het_depleted
CnH9902	NC_026747.1	7	0.3157894736842105	0.310396641584757	0.03476856475867038	0.2768488105902259	0.3380681818181818	197	1575141	0.004444046596463427	104	10.3782	0.06602583514745664	-9.346514809889962	het_depleted
CnH9902	NC_026748.1	13	0.3125	0.326265766814027	0.10863007572685356	0.23963133640552994	0.42342342342342343	219	1084805	0.011983720576509142	360.5	18.5325	0.3323177898331958	-18.750843113449346	het_depleted
CnH9902	NC_026749.1	9	0.2818181818181818	0.2817137220910872	0.05281934046531775	0.2570093457943925	0.32894736842105265	220	1814975	0.0049587459882367525	297	33.3585	0.16363861761181284	-8.633481721300418	het_depleted
CnH9902	NC_026750.1	49	0.3209302325581395	0.3497616535572147	0.12169115968058611	0.2513089005235602	0.40588235294117647	224	1422463	0.03444729318091226	278	11.8608	0.1954356633529308	-19.30729799001754	het_depleted
CnH9902	NC_026751.1	9	0.5064377682403434	0.4045754718961929	0.1712814828177225	0.21333333333333335	0.5265486725663717	221	1399503	0.006430854381876995	343	22.238999999999997	0.24508700588708993	-15.018660911012187	het_depleted
CnH9902	NC_026752.1	17	0.21164021164021163	0.21023324919452208	0.01730803428396623	0.1989247311827957	0.2153846153846154	215	1398693	0.012154203960411614	298	14.0847	0.21305604589427415	-19.950726675044553	het_depleted
CnH9902	NC_026753.1	63	0.34080717488789236	0.3358254688591753	0.08342398724275409	0.2864145163190762	0.40588997695852536	217	1186808	0.0530835653281744	318	17.7912	0.26794561546602313	-14.332928638877647	het_depleted
CnH9902	NC_026754.1	13	0.21363636363636362	0.2224076482128634	0.046578928501391094	0.18617021276595744	0.24324324324324326	216	1059964	0.01226456747587654	171.5	24.462899999999998	0.1617979478548328	-6.479199113760021	het_depleted
CnH9902	NC_026755.1	23	0.31016042780748665	0.30789906726082417	0.044451835561813986	0.2811042944785276	0.3424222811449569	211	1561994	0.014724768469021009	337.5	20.0151	0.2160699720997648	-15.71313658188068	het_depleted
CnH9902	NC_026756.1	1	0.2787878787878788	0.2787878787878788	NA	0.2787878787878788	0.2787878787878788	165	774062	0.0012918861796600272	369	25.9455	0.47670600029455	-14.183577113564974	het_depleted
CnH9902	NC_026757.1	13	0.3630573248407643	0.38907867773119165	0.08721611794897036	0.3147208121827411	0.4649122807017544	197	756744	0.017178861015085683	208	21.4977	0.2748617762413709	-9.07073779985766	het_depleted
CnH9902	NC_026758.1	20	0.3508839428274628	0.34361811379138313	0.04158536590293212	0.33586052955665024	0.36069463613847347	227	942867	0.02121189945135422	147	14.0847	0.15590746096745353	-9.016876468792377	het_depleted
CnH9903	NC_026745.1	14	0.318941917233198	0.3229585924305768	0.0759768374357578	0.2503089911178147	0.3857596453390846	215	2291499	0.006109537905100548	220.5	31.875899999999998	0.09622522200533364	-6.478248457298461	het_depleted
CnH9903	NC_026746.1	12	0.26026291813093844	0.2784438915628466	0.08953732786973345	0.22483775087260036	0.28943850267379684	192.5	1621675	0.007399756424684354	113	6.6716999999999995	0.06968103966577767	-15.138570379363582	het_depleted
CnH9903	NC_026747.1	7	0.33653846153846156	0.33622228048174885	0.022537235661701203	0.31764328107006823	0.35603632478632474	212	1575141	0.004444046596463427	104	10.3782	0.06602583514745664	-9.346514809889962	het_depleted
CnH9903	NC_026748.1	16	0.2541120480921767	0.3008408454689849	0.1114551777078207	0.19740657216494845	0.42276062753036436	200.5	1084805	0.014749194555703558	360.5	18.5325	0.3323177898331958	-18.588965331174965	het_depleted
CnH9903	NC_026749.1	13	0.3023255813953488	0.3100405537858409	0.05453662412955425	0.267515923566879	0.3482142857142857	180	1814975	0.007162633094119754	297	33.3585	0.16363861761181284	-8.513572252949023	het_depleted
CnH9903	NC_026750.1	45	0.32727272727272727	0.34163068190121326	0.11904145726892647	0.26905829596412556	0.36548223350253806	213	1422463	0.03163526924777657	278	11.8608	0.1954356633529308	-19.644543369755837	het_depleted
CnH9903	NC_026751.1	19	0.16923076923076924	0.294114564689566	0.19342550875640183	0.16014382079674175	0.4692727731835111	195	1399503	0.013576248139518101	343	22.238999999999997	0.24508700588708993	-14.569000404694458	het_depleted
CnH9903	NC_026752.1	17	0.20833333333333334	0.20755768613644995	0.013473605301719399	0.19886363636363635	0.2186046511627907	180	1398693	0.012154203960411614	298	14.0847	0.21305604589427415	-19.950726675044553	het_depleted
CnH9903	NC_026753.1	72	0.34242448913131973	0.32956406207867106	0.09462862721842247	0.24827981651376146	0.3918055914534333	208	1186808	0.06066693180362788	318	17.7912	0.26794561546602313	-13.8270605692702	het_depleted
CnH9903	NC_026754.1	16	0.26562256506155524	0.2584275239859729	0.06305768992730248	0.200507614213198	0.30087064676616915	199	1059964	0.015094852278001895	171.5	24.462899999999998	0.1617979478548328	-6.356564430218822	het_depleted
CnH9903	NC_026755.1	23	0.29577464788732394	0.2926525480410251	0.04810336728925255	0.2709866707135089	0.32524918244658974	207	1561994	0.014724768469021009	337.5	20.0151	0.2160699720997648	-15.71313658188068	het_depleted
CnH9903	NC_026757.1	13	0.3728813559322034	0.38647496131914666	0.08435013008498385	0.3167420814479638	0.4642857142857143	212	756744	0.017178861015085683	208	21.4977	0.2748617762413709	-9.07073779985766	het_depleted
CnH9903	NC_026758.1	21	0.4	0.35055332102106496	0.07482514862250615	0.3113207547169811	0.40789473684210525	220	942867	0.022272494423921933	147	14.0847	0.15590746096745353	-8.945877441479052	het_depleted
