sample	chrom	chr_length	chr_bases	chr_mean_depth	chr_min_depth	chr_max_depth	sample_mean_depth_nuclear	chr_depth_norm	chr_log2_norm
Cn1	NC_026745.1	2291499	686840976	299.73	0	2260	305.0869317782101	0.9824412938732348	-0.02555689369260127
Cn1	NC_026746.1	1621675	601053015	370.64	0	16586	305.0869317782101	1.2148668507028848	0.28079820324916765
Cn1	NC_026747.1	1575141	471568669	299.38	0	1972	305.0869317782101	0.98129407987111394	-0.02724253847154054
Cn1	NC_026748.1	1084805	322267421	297.07	0	1948	305.0869317782101	0.9737224674571174	-0.03841746413887527
Cn1	NC_026749.1	1814975	543672914	299.55	0	1259	305.0869317782101	0.9818512981007155	-0.026423550731612518
Cn1	NC_026750.1	1422463	429031512	301.61	0	1190	305.0869317782101	0.9886034719417687	-0.016536121704865406
Cn1	NC_026751.1	1399503	420480747	300.45	0	1882	305.0869317782101	0.9848012769633114	-0.02209546236287752
Cn1	NC_026752.1	1398693	409975048	293.11	0	5887	305.0869317782101	0.9607425604616949	-0.057778195107558786
Cn1	NC_026753.1	1186808	354546021	298.74	0	1638	305.0869317782101	0.979196317124379	-0.03032996299689818
Cn1	NC_026754.1	1059964	319651051	301.57	0	2108	305.0869317782101	0.9884723617700977	-0.016727466914322555
Cn1	NC_026755.1	1561994	463788958	296.92	0	1986	305.0869317782101	0.9732308043133515	-0.03914611028016863
Cn1	NC_026756.1	774062	231323153	298.84	0	2304	305.0869317782101	0.9795240925535562	-0.02984711716726703
Cn1	NC_026757.1	756744	228870347	302.44	0	2102	305.0869317782101	0.9913240080039405	-0.012571424618398368
Cn1	NC_026758.1	942867	280386278	297.38	0	1000	305.0869317782101	0.9747385712875672	-0.036912760620605105
Cn2	NC_026745.1	2291499	544342853	237.55	0	1389	243.2658164045013	0.9765038241336915	-0.03430240095664751
Cn2	NC_026746.1	1621675	477579233	294.5	0	12896	243.2658164045013	1.2106098766885798	0.27573402635033156
Cn2	NC_026747.1	1575141	375306737	238.27	0	2150	243.2658164045013	0.9794635494688894	-0.02993629098966708
Cn2	NC_026748.1	1084805	260355989	240	0	1560	243.2658164045013	0.9865751117326287	-0.019499201871610618
Cn2	NC_026749.1	1814975	433574997	238.89	0	939	243.2658164045013	0.9820122018408652	-0.026187144251731517
Cn2	NC_026750.1	1422463	341613765	240.16	0	963	243.2658164045013	0.9872328284737838	-0.01853772563416539
Cn2	NC_026751.1	1399503	338751183	242.05	0	1533	243.2658164045013	0.9950021074786782	-0.007228513506635727
Cn2	NC_026752.1	1398693	327565622	234.19	0	8930	243.2658164045013	0.9626917725694346	-0.054854134165262664
Cn2	NC_026753.1	1186808	282054848	237.66	0	1376	243.2658164045013	0.9769560043932355	-0.03363450062907812
Cn2	NC_026754.1	1059964	254913777	240.49	0	1718	243.2658164045013	0.9885893692524161	-0.01655670227704688
Cn2	NC_026755.1	1561994	368620198	235.99	0	1861	243.2658164045013	0.9700910859074294	-0.043807880559276126
Cn2	NC_026756.1	774062	185602508	239.78	0	2468	243.2658164045013	0.9856707512135404	-0.020822278828719377
Cn2	NC_026757.1	756744	181496937	239.84	0	1806	243.2658164045013	0.9859173949914736	-0.020461319306994293
Cn2	NC_026758.1	942867	223802841	237.36	0	748	243.2658164045013	0.9757227855035698	-0.03545677577458676
Cn3	NC_026745.1	2291499	495325539	216.16	0	1154	221.6832550490591	0.9750849244439468	-0.03640021988299017
Cn3	NC_026746.1	1621675	449506775	277.19	0	14305	221.6832550490591	1.2503876304895338	0.322375411601466
Cn3	NC_026747.1	1575141	340498497	216.17	0	1656	221.6832550490591	0.975130033850148	-0.03633347942819189
Cn3	NC_026748.1	1084805	234630518	216.29	0	1528	221.6832550490591	0.9756713467245617	-0.03553283470104965
Cn3	NC_026749.1	1814975	393428086	216.77	0	884	221.6832550490591	0.9778365982222167	-0.0323346917037266
Cn3	NC_026750.1	1422463	311342274	218.88	0	1052	221.6832550490591	0.9873546829306582	-0.018359664322776817
Cn3	NC_026751.1	1399503	305220069	218.09	0	1648	221.6832550490591	0.9837910398407678	-0.023576179525406533
Cn3	NC_026752.1	1398693	297982250	213.04	0	6555	221.6832550490591	0.9610107897091896	-0.05737546599806045
Cn3	NC_026753.1	1186808	256467891	216.1	0	1180	221.6832550490591	0.97481426800674	-0.036800727461804975
Cn3	NC_026754.1	1059964	230894712	217.83	0	1670	221.6832550490591	0.9826181952795381	-0.025297140963792458
Cn3	NC_026755.1	1561994	336215952	215.25	0	1889	221.6832550490591	0.9709799684796426	-0.04248656203710599
Cn3	NC_026756.1	774062	168054119	217.11	0	1936	221.6832550490591	0.9793703180330556	-0.03007362221766486
Cn3	NC_026757.1	756744	165585198	218.81	0	1668	221.6832550490591	0.9870389170872502	-0.018821126333438416
Cn3	NC_026758.1	942867	202709276	214.99	0	673	221.6832550490591	0.969807123918413	-0.04423024349997685
Cn4	NC_026745.1	2291499	469304139	204.8	0	1196	203.89718298891975	1.0044278052195028	0.006373871891151815
Cn4	NC_026746.1	1621675	426679329	263.11	0	15418	203.89718298891975	1.290405272613786	0.3678242384901214
Cn4	NC_026747.1	1575141	302532480	192.07	0	1100	203.89718298891975	0.941994377678271	-0.08620964579227938
Cn4	NC_026748.1	1084805	208706998	192.39	0	1304	203.89718298891975	0.9435637961239264	-0.08380803043726084
Cn4	NC_026749.1	1814975	348297958	191.9	0	1666	203.89718298891975	0.9411606241290166	-0.08748713191346792
Cn4	NC_026750.1	1422463	279023720	196.16	0	1114	203.89718298891975	0.9620535071868049	-0.05581095930542918
Cn4	NC_026751.1	1399503	271617066	194.08	0	1430	203.89718298891975	0.9518522872900445	-0.07119038787570028
Cn4	NC_026752.1	1398693	271866732	194.37	0	1348	203.89718298891975	0.9532745727564197	-0.06903627980729646
Cn4	NC_026753.1	1186808	229854005	193.67	0	1617	203.89718298891975	0.9498414699065483	-0.07424134951185839
Cn4	NC_026754.1	1059964	205899419	194.25	0	1088	203.89718298891975	0.9526860408392989	-0.06992724481377587
Cn4	NC_026755.1	1561994	296286193	189.68	0	1798	203.89718298891975	0.9302727836622817	-0.10427427551420262
Cn4	NC_026756.1	774062	194285631	250.99	0	1712	203.89718298891975	1.230963548984585	0.29978804169420253
Cn4	NC_026757.1	756744	153511321	202.86	0	1251	203.89718298891975	0.9949132058927165	-0.007357421381677122
Cn4	NC_026758.1	942867	193996045	205.75	0	2125	203.89718298891975	1.0090870162300425	0.013050587200139829
Cn5	NC_026745.1	2291499	458741348	200.19	0	1476	204.75246618887437	0.977717161244516	-0.03251091916339896
Cn5	NC_026746.1	1621675	412484660	254.36	0	11382	204.75246618887437	1.242280519177557	0.31299098509612666
Cn5	NC_026747.1	1575141	319288838	202.7	0	1488	204.75246618887437	0.9899758658487606	-0.01453474004331112
Cn5	NC_026748.1	1084805	216497822	199.57	0	1487	204.75246618887437	0.9746891146888859	-0.03698596240201557
Cn5	NC_026749.1	1814975	364240565	200.69	0	878	204.75246618887437	0.9801591342732501	-0.028912097099444485
Cn5	NC_026750.1	1422463	287530229	202.14	0	979	204.75246618887437	0.9872408560565785	-0.01852599455465891
Cn5	NC_026751.1	1399503	279347819	199.61	0	1363	204.75246618887437	0.9748844725311847	-0.036696830672826995
Cn5	NC_026752.1	1398693	274883960	196.53	0	3047	204.75246618887437	0.9598419186741832	-0.05913127439130917
Cn5	NC_026753.1	1186808	238197251	200.7	0	1122	204.75246618887437	0.9802079737338246	-0.028840212147592997
Cn5	NC_026754.1	1059964	214393366	202.26	0	1446	204.75246618887437	0.9878269295834747	-0.01766979569220594
Cn5	NC_026755.1	1561994	306219913	196.04	0	1496	204.75246618887437	0.9574487851060238	-0.06273277698781599
Cn5	NC_026756.1	774062	154306925	199.35	0	1401	204.75246618887437	0.973614646556243	-0.03857722351287923
Cn5	NC_026757.1	756744	154285705	203.88	0	1419	204.75246618887437	0.9957389221965729	-0.006160570492195609
Cn5	NC_026758.1	942867	187599955	198.97	0	589	204.75246618887437	0.9717587470544051	-0.041329906189401265
Cn6	NC_026745.1	2291499	691343527	301.7	0	1766	306.9431587512763	0.9829181442824566	-0.02485681845875472
Cn6	NC_026746.1	1621675	589305376	363.39	0	14676	306.9431587512763	1.1838999816069005	0.24354720416384823
Cn6	NC_026747.1	1575141	480930373	305.33	0	2690	306.9431587512763	0.9947444381629514	-0.007602167374140169
Cn6	NC_026748.1	1084805	326190450	300.69	0	1895	306.9431587512763	0.9796276327619883	-0.029694625715536757
Cn6	NC_026749.1	1814975	549820653	302.94	0	1303	306.9431587512763	0.9869579802085761	-0.018939431720557964
Cn6	NC_026750.1	1422463	433076451	304.46	0	1214	306.9431587512763	0.9919100371502709	-0.011718815850512057
Cn6	NC_026751.1	1399503	423480957	302.59	0	1965	306.9431587512763	0.9858177039391068	-0.020607204813694508
Cn6	NC_026752.1	1398693	414656124	296.46	0	4076	306.9431587512763	0.9658465795624033	-0.050134053324152224
Cn6	NC_026753.1	1186808	357645491	301.35	0	1678	306.9431587512763	0.9817778680129875	-0.026531450151008735
Cn6	NC_026754.1	1059964	321236591	303.06	0	1949	306.9431587512763	0.9873489320723942	-0.01836806734046046
Cn6	NC_026755.1	1561994	465369401	297.93	0	2204	306.9431587512763	0.9706357398941741	-0.04299811216131345
Cn6	NC_026756.1	774062	233145658	301.2	0	1966	306.9431587512763	0.9812891781832148	-0.027249744933528892
Cn6	NC_026757.1	756744	230962053	305.21	0	2176	306.9431587512763	0.9943534862991334	-0.008169283065613181
Cn6	NC_026758.1	942867	281359347	298.41	0	869	306.9431587512763	0.9721995473494461	-0.04067563247127858
Cn7	NC_026745.1	2291499	616031108	268.83	0	2200	271.78761044895367	0.989117934978463	-0.01578554754825904
Cn7	NC_026746.1	1621675	526412784	324.61	0	13576	271.78761044895367	1.1943517199470257	0.25622775276794274
Cn7	NC_026747.1	1575141	418891856	265.94	0	1893	271.78761044895367	0.978484632028317	-0.0313789026664989
Cn7	NC_026748.1	1084805	287758558	265.26	0	1652	271.78761044895367	0.9759826783929885	-0.035072551626139495
Cn7	NC_026749.1	1814975	491341446	270.72	0	2173	271.78761044895367	0.9960718943472437	-0.005678218181412004
Cn7	NC_026750.1	1422463	382491145	268.89	0	1187	271.78761044895367	0.9893386955933449	-0.015463589269554292
Cn7	NC_026751.1	1399503	374682831	267.73	0	1879	271.78761044895367	0.9850706570389611	-0.02170088513684734
Cn7	NC_026752.1	1398693	364638281	260.7	0	6150	271.78761044895367	0.9592048716619622	-0.06008910887844321
Cn7	NC_026753.1	1186808	318410080	268.29	0	1458	271.78761044895367	0.9871310894445258	-0.01868640986788061
Cn7	NC_026754.1	1059964	283689231	267.64	0	1736	271.78761044895367	0.9847395161166381	-0.02218594240529041
Cn7	NC_026755.1	1561994	413110779	264.48	0	1914	271.78761044895367	0.9731127903995236	-0.03932106200904795
Cn7	NC_026756.1	774062	205798683	265.87	0	2007	271.78761044895367	0.9782270779776214	-0.03175869489848198
Cn7	NC_026757.1	756744	203241884	268.57	0	1692	271.78761044895367	0.988161305647308	-0.017181530949443007
Cn7	NC_026758.1	942867	247893538	262.91	0	796	271.78761044895367	0.96733622097678	-0.04791067464937723
Cn8	NC_026745.1	2291499	620997316	271	0	2382	280.10059354112786	0.9675095528143121	-0.04765218894835445
Cn8	NC_026746.1	1621675	582941348	359.47	0	21901	280.10059354112786	1.2833603651297445	0.3599263333159199
Cn8	NC_026747.1	1575141	421709400	267.73	0	2232	280.10059354112786	0.9558351755534161	-0.06516623391243623
Cn8	NC_026748.1	1084805	288913264	266.33	0	2996	280.10059354112786	0.950836971221534	-0.07273009446673334
Cn8	NC_026749.1	1814975	484454388	266.92	0	8604	280.10059354112786	0.9529433573328272	-0.06953763156393353
Cn8	NC_026750.1	1422463	386064999	271.41	0	1244	280.10059354112786	0.9689733126543633	-0.04547116323194336
Cn8	NC_026751.1	1399503	376168508	268.79	0	1882	280.10059354112786	0.9596195302618411	-0.05946557509971942
Cn8	NC_026752.1	1398693	369630989	264.27	0	1515	280.10059354112786	0.9434824705617647	-0.08393238137382464
Cn8	NC_026753.1	1186808	328733724	276.99	0	8347	280.10059354112786	0.9888947270628646	-0.01611114804664561
Cn8	NC_026754.1	1059964	281939973	265.99	0	1443	280.10059354112786	0.949623121598077	-0.0745730324762204
Cn8	NC_026755.1	1561994	421852225	270.07	0	3262	280.10059354112786	0.9641893170795618	-0.0526116496810145
Cn8	NC_026756.1	774062	273308942	353.08	0	3878	280.10059354112786	1.260547132500654	0.3340500623088731
Cn8	NC_026757.1	756744	199765452	263.98	0	2545	280.10059354112786	0.942447128235875	-0.08551641016280193
Cn8	NC_026758.1	942867	254953844	270.4	0	1888	280.10059354112786	0.9653674652435054	-0.05084988890740419
Cn9	NC_026745.1	2291499	722297052	315.21	0	1981	336.40889561606826	0.9369847352661511	-0.09390255024218529
Cn9	NC_026746.1	1621675	669677939	412.95	0	18262	336.40889561606826	1.2275240202663529	0.2957512555624457
Cn9	NC_026747.1	1575141	508031750	322.53	0	3696	336.40889561606826	0.9587439696246683	-0.060782496608111
Cn9	NC_026748.1	1084805	341372922	314.69	0	2055	336.40889561606826	0.9354389973062565	-0.0962845206872786
Cn9	NC_026749.1	1814975	574951599	316.78	0	1604	336.40889561606826	0.941651674875833	-0.08673460178213828
Cn9	NC_026750.1	1422463	453709219	318.96	0	1532	336.40889561606826	0.9481318840153915	-0.07684034464430334
Cn9	NC_026751.1	1399503	444629905	317.71	0	2264	336.40889561606826	0.9444161677656447	-0.08250535514666309
Cn9	NC_026752.1	1398693	433333530	309.81	0	4738	336.40889561606826	0.9209328410672449	-0.118832143122318
Cn9	NC_026753.1	1186808	376818027	317.51	0	1794	336.40889561606826	0.9438216531656852	-0.08341382470905798
Cn9	NC_026754.1	1059964	336655597	317.61	0	2120	336.40889561606826	0.9441189104656651	-0.08295951841959728
Cn9	NC_026755.1	1561994	488664883	312.85	0	2519	336.40889561606826	0.9299694629866293	-0.10474475105493315
Cn9	NC_026756.1	774062	244998205	316.51	0	2116	336.40889561606826	0.9408490801658878	-0.08796477337695735
Cn9	NC_026757.1	756744	464344489	613.61	0	3188	336.40889561606826	1.8240005184057073	0.8671061395362274
Cn9	NC_026758.1	942867	295680257	313.6	0	914	336.40889561606826	0.9321988927364774	-0.1012902956390632
Cn10	NC_026745.1	2291499	677244423	295.55	0	2857	300.26224886908943	0.9843062226875418	-0.022820879704285472
Cn10	NC_026746.1	1621675	599117486	369.44	0	17565	300.26224886908943	1.230391104414432	0.29911697793157627
Cn10	NC_026747.1	1575141	466663801	296.27	0	2385	300.26224886908943	0.986704126528973	-0.01931055243614966
Cn10	NC_026748.1	1084805	316745075	291.98	0	2295	300.26224886908943	0.9724166161404447	-0.04035354930084549
Cn10	NC_026749.1	1814975	534233144	294.35	0	1416	300.26224886908943	0.9803097162851562	-0.028690472642428144
Cn10	NC_026750.1	1422463	421485734	296.31	0	1712	300.26224886908943	0.9868373434090525	-0.019115784466514508
Cn10	NC_026751.1	1399503	413386024	295.38	0	1883	300.26224886908943	0.9837400509472037	-0.023650954886513788
Cn10	NC_026752.1	1398693	403887110	288.76	0	7189	300.26224886908943	0.9616926572940434	-0.056352191164923064
Cn10	NC_026753.1	1186808	347998659	293.22	0	1772	300.26224886908943	0.9765463394229098	-0.034239589874708716
Cn10	NC_026754.1	1059964	314701840	296.9	0	2235	300.26224886908943	0.9888022923902253	-0.016246006968521225
Cn10	NC_026755.1	1561994	451858763	289.28	0	2379	300.26224886908943	0.963424476735077	-0.053756517427351415
Cn10	NC_026756.1	774062	226667107	292.83	0	2242	300.26224886908943	0.9752474748421344	-0.036159737128369895
Cn10	NC_026757.1	756744	226039097	298.7	0	2456	300.26224886908943	0.9947970519938037	-0.007525862644386066
Cn10	NC_026758.1	942867	272283831	288.78	0	1064	300.26224886908943	0.9617592657340831	-0.05625227115651054
Cn11	NC_026745.1	2291499	756299114	330.05	0	1656	336.74815237978885	0.9801093121596861	-0.028985432071816884
Cn11	NC_026746.1	1621675	682662662	420.96	0	19644	336.74815237978885	1.2500736738274245	0.32201312347400934
Cn11	NC_026747.1	1575141	520432482	330.4	0	2542	336.74815237978885	0.9811486645585829	-0.02745634338507228
Cn11	NC_026748.1	1084805	349432262	322.12	0	2272	336.74815237978885	0.9565605563789671	-0.06407179163514833
Cn11	NC_026749.1	1814975	600614491	330.92	0	1622	336.74815237978885	0.9826928452655154	-0.025187542877380877
Cn11	NC_026750.1	1422463	473297688	332.73	0	1700	336.74815237978885	0.9880677819569531	-0.017318080062324343
Cn11	NC_026751.1	1399503	462642449	330.58	0	2420	336.74815237978885	0.981683188649444	-0.026670585529223703
Cn11	NC_026752.1	1398693	451078983	322.5	0	4766	336.74815237978885	0.9576889961263407	-0.0623708696065388
Cn11	NC_026753.1	1186808	390055821	328.66	0	1884	336.74815237978885	0.9759815983469246	-0.03507414814828789
Cn11	NC_026754.1	1059964	351311819	331.44	0	2139	336.74815237978885	0.9842370259724477	-0.022922304712672887
Cn11	NC_026755.1	1561994	510135494	326.59	0	2136	336.74815237978885	0.9698345713020204	-0.04418941306792734
Cn11	NC_026756.1	774062	253398762	327.36	0	2239	336.74815237978885	0.9721211465795936	-0.04079197994655118
Cn11	NC_026757.1	756744	251235431	332	0	2900	336.74815237978885	0.9858999898106825	-0.020486788570230584
Cn11	NC_026758.1	942867	308976881	327.7	0	977	336.74815237978885	0.9731308031956646	-0.039294357261757916
Cn12	NC_026745.1	2291499	400358707	174.71	0	837	178.49117718505124	0.9788158874590698	-0.030890576456988228
Cn12	NC_026746.1	1621675	347716783	214.42	0	9250	178.49117718505124	1.2012918698928152	0.26458671564753916
Cn12	NC_026747.1	1575141	275755832	175.07	0	1164	178.49117718505124	0.9808327938724706	-0.027920878943647868
Cn12	NC_026748.1	1084805	188383516	173.66	0	1029	178.49117718505124	0.9729332437533172	-0.039587274680566664
Cn12	NC_026749.1	1814975	319484211	176.03	0	906	178.49117718505124	0.986211210974873	-0.02003144179896763
Cn12	NC_026750.1	1422463	250108739	175.83	0	863	178.49117718505124	0.9850907074118725	-0.021671520462369177
Cn12	NC_026751.1	1399503	245658707	175.53	0	1229	178.49117718505124	0.9834099520673718	-0.02413513964179605
Cn12	NC_026752.1	1398693	239801918	171.45	0	3830	178.49117718505124	0.9605516793821619	-0.05806485935922517
Cn12	NC_026753.1	1186808	207713816	175.02	0	1023	178.49117718505124	0.9805526679817206	-0.028332971562887926
Cn12	NC_026754.1	1059964	185291507	174.81	0	980	178.49117718505124	0.97937613924057	-0.030065047113743894
Cn12	NC_026755.1	1561994	270594916	173.24	0	1201	178.49117718505124	0.9705801862710163	-0.04308068611465347
Cn12	NC_026756.1	774062	143511881	185.4	0	940	178.49117718505124	1.0387068029014455	0.05478848033067124
Cn12	NC_026757.1	756744	133316640	176.17	0	1283	178.49117718505124	0.9869955634689732	-0.018884495084814296
Cn12	NC_026758.1	942867	164214104	174.16	0	518	178.49117718505124	0.9757345026608184	-0.03543945099401528
Cn13	NC_026745.1	2291499	661978852	288.88	0	1553	293.92688698908535	0.9828294476875374	-0.02498701028830922
Cn13	NC_026746.1	1621675	564146442	347.88	0	13831	293.92688698908535	1.1835596381249673	0.24313240354560414
Cn13	NC_026747.1	1575141	457389900	290.38	0	2099	293.92688698908535	0.9879327576139129	-0.017515244938047455
Cn13	NC_026748.1	1084805	310397345	286.13	0	1870	293.92688698908535	0.9734733794891827	-0.03878656720429967
Cn13	NC_026749.1	1814975	527929559	290.87	0	1326	293.92688698908535	0.9895998388565288	-0.015082829497196184
Cn13	NC_026750.1	1422463	415537490	292.13	0	1298	293.92688698908535	0.993886619194684	-0.008846813779194053
Cn13	NC_026751.1	1399503	406842184	290.7	0	1934	293.92688698908535	0.9890214637315395	-0.01592626421334944
Cn13	NC_026752.1	1398693	397613819	284.28	0	3942	293.92688698908535	0.9671792972466531	-0.04814473127556167
Cn13	NC_026753.1	1186808	342603965	288.68	0	1622	293.92688698908535	0.9821490063640208	-0.025986175811236502
Cn13	NC_026754.1	1059964	307966801	290.54	0	2019	293.92688698908535	0.9884771106727263	-0.016720535813282863
Cn13	NC_026755.1	1561994	447683277	286.61	0	2006	293.92688698908535	0.9751064386656229	-0.036368388687847954
Cn13	NC_026756.1	774062	222315591	287.21	0	1813	293.92688698908535	0.9771477626361729	-0.03335135428681001
Cn13	NC_026757.1	756744	218679938	288.97	0	1912	293.92688698908535	0.9831356462831201	-0.024537611466019776
Cn13	NC_026758.1	942867	271544387	288	0	932	293.92688698908535	0.979835505864064	-0.029388524019911936
Cn14	NC_026745.1	2291499	671518060	293.05	0	1248	298.114611554707	0.9830111931505324	-0.024720250843553615
Cn14	NC_026746.1	1621675	577264957	355.97	0	15223	298.114611554707	1.194070958627521	0.2558885724638684
Cn14	NC_026747.1	1575141	462318770	293.51	0	1941	298.114611554707	0.9845542238580882	-0.022457430825618564
Cn14	NC_026748.1	1084805	312665718	288.22	0	1688	298.114611554707	0.966809370721196	-0.04869663851175005
Cn14	NC_026749.1	1814975	534479789	294.48	0	1369	298.114611554707	0.9878080060022821	-0.017697433345551204
Cn14	NC_026750.1	1422463	420796219	295.82	0	1320	298.114611554707	0.992302921541684	-0.011147493737067707
Cn14	NC_026751.1	1399503	412245643	294.57	0	1965	298.114611554707	0.98810990331463	-0.01725657924253666
Cn14	NC_026752.1	1398693	402447086	287.73	0	4128	298.114611554707	0.9651657075761908	-0.05115143750677958
Cn14	NC_026753.1	1186808	347063511	292.43	0	1704	298.114611554707	0.9809314561099136	-0.027775765155583516
Cn14	NC_026754.1	1059964	313706094	295.96	0	1751	298.114611554707	0.992772539583114	-0.01046488428932538
Cn14	NC_026755.1	1561994	454009360	290.66	0	2197	298.114611554707	0.9749941423004053	-0.0365345436143883
Cn14	NC_026756.1	774062	226791876	292.99	0	1662	298.114611554707	0.9828099282756338	-0.025015663111507276
Cn14	NC_026757.1	756744	221317599	292.46	0	1778	298.114611554707	0.9810320885473628	-0.027627768604900228
Cn14	NC_026758.1	942867	275115981	291.79	0	871	298.114611554707	0.9787846307776621	-0.03093664699982397
Cn15	NC_026745.1	2291499	441443655	192.64	0	1482	194.16979187074105	0.9921213703944255	-0.011411472505733902
Cn15	NC_026746.1	1621675	373166467	230.11	0	9521	194.16979187074105	1.185096805136323	0.24500491109471204
Cn15	NC_026747.1	1575141	301328258	191.3	0	1492	194.16979187074105	0.9852201939184677	-0.02148189603196107
Cn15	NC_026748.1	1084805	205759816	189.67	0	1198	194.16979187074105	0.9768254792499517	-0.03382726320645284
Cn15	NC_026749.1	1814975	346942009	191.16	0	816	194.16979187074105	0.984499175480681	-0.022538097018969885
Cn15	NC_026750.1	1422463	273644188	192.37	0	855	194.16979187074105	0.990730834835837	-0.013434940596930775
Cn15	NC_026751.1	1399503	268225068	191.66	0	1271	194.16979187074105	0.98707424132991906	-0.01876949594993215
Cn15	NC_026752.1	1398693	263124661	188.12	0	3532	194.16979187074105	0.9688427751173139	-0.04566553240745416
Cn15	NC_026753.1	1186808	225341872	189.87	0	1098	194.16979187074105	0.977855505589647	-0.032306796141663846
Cn15	NC_026754.1	1059964	203741561	192.22	0	1131	194.16979187074105	0.9899583150810656	-0.014560317060731182
Cn15	NC_026755.1	1561994	294719530	188.68	0	1236	194.16979187074105	0.9717268488684604	-0.04137726373583896
Cn15	NC_026756.1	774062	147523625	190.58	0	1136	194.16979187074105	0.9815120990955649	-0.026922042990531806
Cn15	NC_026757.1	756744	144065570	190.38	0	1581	194.16979187074105	0.9804820727558696	-0.028436842626642055
Cn15	NC_026758.1	942867	179072733	189.92	0	597	194.16979187074105	0.9781130121745706	-0.03192692962352935
Cn16	NC_026745.1	2291499	732789534	319.79	0	2336	324.08163327747485	0.9867575547738604	-0.019232435222431666
Cn16	NC_026746.1	1621675	635134636	391.65	0	17392	324.08163327747485	1.2084918112735932	0.2732076974518585
Cn16	NC_026747.1	1575141	501117877	318.14	0	2774	324.08163327747485	0.9816662449599922	-0.026695486421880566
Cn16	NC_026748.1	1084805	342777772	315.98	0	2071	324.08163327747485	0.9750012575672923	-0.03652401522006159
Cn16	NC_026749.1	1814975	580312003	319.74	0	1322	324.08163327747485	0.9866032726582886	-0.019458021988311085
Cn16	NC_026750.1	1422463	456232370	320.73	0	1478	324.08163327747485	0.9896580585466095	-0.014997956011738908
Cn16	NC_026751.1	1399503	446662790	319.16	0	2058	324.08163327747485	0.9848136001176562	-0.022077409540604116
Cn16	NC_026752.1	1398693	435973258	311.7	0	6029	324.08163327747485	0.9617947084743496	-0.05619910595677159
Cn16	NC_026753.1	1186808	375783223	316.63	0	1734	324.08163327747485	0.9770069250697251	-0.033559306769093196
Cn16	NC_026754.1	1059964	338987996	319.81	0	1893	324.08163327747485	0.986819267620089	-0.019142210391827775
Cn16	NC_026755.1	1561994	490419568	313.97	0	2021	324.08163327747485	0.9687991165213076	-0.04573054549396198
Cn16	NC_026756.1	774062	246339357	318.24	0	1913	324.08163327747485	0.9819748091911358	-0.026242079635757875
Cn16	NC_026757.1	756744	240976358	318.44	0	2780	324.08163327747485	0.9825919376534228	-0.025335693326564757
Cn16	NC_026758.1	942867	298781940	316.89	0	906	324.08163327747485	0.9778091920706982	-0.0323751271640584
Cn17	NC_026745.1	2291499	584912152	255.25	0	1570	273.48750780323934	0.9333150243324447	-0.09956397486934754
Cn17	NC_026746.1	1621675	562916057	347.12	0	14208	273.48750780323934	1.2692353036093174	0.3439595552948689
Cn17	NC_026747.1	1575141	410247054	260.45	0	3709	273.48750780323934	0.9523286898624299	-0.07046849888380899
Cn17	NC_026748.1	1084805	273477994	252.1	0	1618	273.48750780323934	0.9217971307902422	-0.1174788177759716
Cn17	NC_026749.1	1814975	462435853	254.79	0	1288	273.48750780323934	0.9316330462278691	-0.10216628017381427
Cn17	NC_026750.1	1422463	363832423	255.78	0	1077	273.48750780323934	0.9352529556268471	-0.09657147483678101
Cn17	NC_026751.1	1399503	357538958	255.48	0	1878	273.48750780323934	0.9341560133847325	-0.09826458034842359
Cn17	NC_026752.1	1398693	348013056	248.81	0	4613	273.48750780323934	0.9097673308683862	-0.13643046553410978
Cn17	NC_026753.1	1186808	464603356	391.47	0	1574	273.48750780323934	1.4313999317352484	0.5174268159638622
Cn17	NC_026754.1	1059964	270858520	255.54	0	1653	273.48750780323934	0.9343754018331555	-0.09792580025037996
Cn17	NC_026755.1	1561994	392884769	251.53	0	1983	273.48750780323934	0.9197129405302246	-0.12074445534492599
Cn17	NC_026756.1	774062	199556399	257.8	0	1846	273.48750780323934	0.9426390333904183	-0.08522267227286025
Cn17	NC_026757.1	756744	234854358	310.35	0	1901	273.48750780323934	1.13478674946748	0.1824212099466545
Cn17	NC_026758.1	942867	240374344	254.94	0	838	273.48750780323934	0.9321815173489264	-0.10131718648743132
Cn18	NC_026745.1	2291499	612751408	267.4	0	2914	272.2069819518545	0.982340710302924	-0.025704606179686885
Cn18	NC_026746.1	1621675	533828896	329.18	0	15688	272.2069819518545	1.2093003553385062	0.2741726129416034
Cn18	NC_026747.1	1575141	422640164	268.32	0	3048	272.2069819518545	0.9857204913555744	-0.020749477596055672
Cn18	NC_026748.1	1084805	283930783	261.73	0	1665	272.2069819518545	0.9615109727284381	-0.056624773244628814
Cn18	NC_026749.1	1814975	482176802	265.67	0	7303	272.2069819518545	0.9759852524539187	-0.03506874666102686
Cn18	NC_026750.1	1422463	379516949	266.8	0	1144	272.2069819518545	0.980136505268587	-0.028945405088454536
Cn18	NC_026751.1	1399503	372615179	266.25	0	2423	272.2069819518545	0.9781159839871112	-0.03192254627247668
Cn18	NC_026752.1	1398693	365115085	261.04	0	10568	272.2069819518545	0.9589761369389503	-0.0604331790685377
Cn18	NC_026753.1	1186808	330866720	278.79	0	7006	272.2069819518545	1.0241838692047578	0.034474742073331836
Cn18	NC_026754.1	1059964	288356702	272.04	0	3570	272.2069819518545	0.9993865625684648	-8.852746984597579e-4
Cn18	NC_026755.1	1561994	418916884	268.19	0	6951	272.2069819518545	0.9852429135981347	-0.02144862713282513
Cn18	NC_026756.1	774062	204065131	263.63	0	3129	272.2069819518545	0.9684909553371723	-0.04618951921437091
Cn18	NC_026757.1	756744	199819180	264.05	0	2124	272.2069819518545	0.9700338988612084	-0.043892930201601024
Cn18	NC_026758.1	942867	247714749	262.73	0	724	272.2069819518545	0.9651846477856666	-0.05112312663957446
Cn19	NC_026745.1	2291499	557412825	243.25	0	2635	247.14894453727723	0.9842243124097616	-0.02294094037849149
Cn19	NC_026746.1	1621675	480697102	296.42	0	13173	247.14894453727723	1.1993577417656796	0.2622620468181909
Cn19	NC_026747.1	1575141	384214426	243.92	0	2219	247.14894453727723	0.9869352282959467	-0.01897268992457947
Cn19	NC_026748.1	1084805	257096961	237	0	1407	247.14894453727723	0.9589359179490792	-0.06049368626134387
Cn19	NC_026749.1	1814975	438988179	241.87	0	6879	247.14894453727723	0.978640634912843	-0.031148907589384135
Cn19	NC_026750.1	1422463	344653138	242.29	0	1040	247.14894453727723	0.9803400150206008	-0.028645883509880263
Cn19	NC_026751.1	1399503	338817135	242.1	0	2194	247.14894453727723	0.9795712478289961	-0.029777666048028808
Cn19	NC_026752.1	1398693	331385503	236.93	0	7286	247.14894453727723	0.9586526879311196	-0.06091986166107206
Cn19	NC_026753.1	1186808	300786759	253.44	0	6234	247.14894453727723	1.0254545107384583	0.03626349514528187
Cn19	NC_026754.1	1059964	261040130	246.27	0	3127	247.14894453727723	0.9964436646131635	-0.0051398523726187625
Cn19	NC_026755.1	1561994	381750178	244.4	0	6036	247.14894453727723	0.9888773769905272	-0.016136460228235745
Cn19	NC_026756.1	774062	184547780	238.41	0	2732	247.14894453727723	0.9646409797394091	-0.051935995122393185
Cn19	NC_026757.1	756744	181645260	240.04	0	2068	247.14894453727723	0.9712361930147551	-0.04210591041280808
Cn19	NC_026758.1	942867	225903035	239.59	0	705	247.14894453727723	0.969415428613586	-0.04481305116252234
Cn20	NC_026745.1	2291499	539502766	235.44	0	1314	241.4949607470529	0.974927175588583	-0.03663363740058599
Cn20	NC_026746.1	1621675	485499257	299.38	0	15515	241.4949607470529	1.2396946051125977	0.30998476097158234
Cn20	NC_026747.1	1575141	373785382	237.3	0	3015	241.4949607470529	0.9826291996566886	-0.025280984259670434
Cn20	NC_026748.1	1084805	252666015	232.91	0	1430	241.4949607470529	0.9644507665066976	-0.052220501744711906
Cn20	NC_026749.1	1814975	430968425	237.45	0	1916	241.4949607470529	0.9832503306299228	-0.024369328595281216
Cn20	NC_026750.1	1422463	337801412	237.48	0	1943	241.4949607470529	0.9833745568245698	-0.024187066572312566
Cn20	NC_026751.1	1399503	331920670	237.17	0	2791	241.4949607470529	0.9820908861465522	-0.026071552093290026
Cn20	NC_026752.1	1398693	322992406	230.92	0	3013	241.4949607470529	0.9562104289284556	-0.06459995433319596
Cn20	NC_026753.1	1186808	283719124	239.06	0	2132	241.4949607470529	0.9899171364093046	-0.014620329184730043
Cn20	NC_026754.1	1059964	248517941	234.46	0	1213	241.4949607470529	0.9708691198967856	-0.042651271747977323
Cn20	NC_026755.1	1561994	371560381	237.88	0	2320	241.4949607470529	0.9850309060865279	-0.021759103964777066
Cn20	NC_026756.1	774062	181160653	234.04	0	1344	241.4949607470529	0.9691299531717293	-0.045237961521711424
Cn20	NC_026757.1	756744	179882163	237.71	0	1880	241.4949607470529	0.9843269576501957	-0.02279048884417624
Cn20	NC_026758.1	942867	222151317	235.61	0	776	241.4949607470529	0.9756311240249154	-0.035592311988849976
Cn21	NC_026745.1	2291499	497024923	216.9	0	1397	221.14606991734192	0.9807997043812311	-0.027969550695327923
Cn21	NC_026746.1	1621675	449468112	277.16	0	14881	221.14606991734192	1.2532892856906501	0.3257194576453038
Cn21	NC_026747.1	1575141	341621018	216.88	0	1720	221.14606991734192	0.9807092664186324	-0.02810258541725269
Cn21	NC_026748.1	1084805	230297641	212.29	0	1324	221.14606991734192	0.9599537540022661	-0.05896318955217735
Cn21	NC_026749.1	1814975	398950718	219.81	0	1041	221.14606991734192	0.9939584279393194	-0.008742582194370676
Cn21	NC_026750.1	1422463	310489366	218.28	0	1027	221.14606991734192	0.9870399238005307	-0.01881965488232176
Cn21	NC_026751.1	1399503	304272718	217.41	0	1546	221.14606991734192	0.9831058724274939	-0.02458130354906713
Cn21	NC_026752.1	1398693	296454595	211.95	0	3363	221.14606991734192	0.9584163086380908	-0.06127563731250662
Cn21	NC_026753.1	1186808	256301919	215.96	0	1209	221.14606991734192	0.9765491201390994	-0.0342354818057075
Cn21	NC_026754.1	1059964	223974896	211.3	0	1087	221.14606991734192	0.9554770748536382	-0.06570683643266136
Cn21	NC_026755.1	1561994	334580786	214.2	0	1371	221.14606991734192	0.9685905794304273	-0.04604112361734622
Cn21	NC_026756.1	774062	165532859	213.85	0	1615	221.14606991734192	0.9670079150849528	-0.04840039649126838
Cn21	NC_026757.1	756744	165258233	218.38	0	1950	221.14606991734192	0.9874921136135234	-0.018158868427821693
Cn21	NC_026758.1	942867	203485304	215.82	0	650	221.14606991734192	0.9759160544009096	-0.035171038398428354
Cn22	NC_026745.1	2291499	468729125	204.55	0	1574	206.1205013891923	0.9923806638417452	-0.011034469745083335
Cn22	NC_026746.1	1621675	405212183	249.87	0	11694	206.1205013891923	1.2122520482724852	0.27768969137504335
Cn22	NC_026747.1	1575141	318173960	202	0	2069	206.1205013891923	0.9800092598192741	-0.02913271399397259
Cn22	NC_026748.1	1084805	217387679	200.39	0	1283	206.1205013891923	0.9721982949266551	-0.04067749100466144
Cn22	NC_026749.1	1814975	367612759	202.54	0	880	206.1205013891923	0.9826290865534444	-0.02528115031773077
Cn22	NC_026750.1	1422463	290024865	203.89	0	939	206.1205013891923	0.9891786533888702	-0.015696988380611725
Cn22	NC_026751.1	1399503	284106439	203.01	0	1318	206.1205013891923	0.9849093061183704	-0.021937212589768867
Cn22	NC_026752.1	1398693	276930587	197.99	0	3888	206.1205013891923	0.9605546205525648	-0.058060441892107593
Cn22	NC_026753.1	1186808	240084157	202.29	0	1196	206.1205013891923	0.9814162038061433	-0.027063003471257258
Cn22	NC_026754.1	1059964	214831236	202.68	0	1100	206.1205013891923	0.9833083008919331	-0.024284272997950006
Cn22	NC_026755.1	1561994	312806288	200.26	0	1193	206.1205013891923	0.9715675958980585	-0.041613721439692004
Cn22	NC_026756.1	774062	155450261	200.82	0	1160	206.1205013891923	0.974284453252013	-0.03758505011280629
Cn22	NC_026757.1	756744	153185211	202.43	0	2257	206.1205013891923	0.982095418144632	-0.02606489458718605
Cn22	NC_026758.1	942867	189327423	200.8	0	604	206.1205013891923	0.9741874226322289	-0.03772873768235771
Cn23	NC_026745.1	2291499	390593447	170.45	0	2022	169.9175641792448	1.003133494899877	0.004513609553852073
Cn23	NC_026746.1	1621675	350606006	216.2	0	12090	169.9175641792448	1.2723817048832702	0.34753153314855617
Cn23	NC_026747.1	1575141	263404787	167.23	0	1543	169.9175641792448	0.9841831290824665	-0.02300130895952017
Cn23	NC_026748.1	1084805	178038446	164.12	0	1331	169.9175641792448	0.9658801360103715	-0.05008393058092133
Cn23	NC_026749.1	1814975	299013029	164.75	0	752	169.9175641792448	0.9695878162789953	-0.04455652469067992
Cn23	NC_026750.1	1422463	234013894	164.51	0	1159	169.9175641792448	0.9681753666528529	-0.046659706802897306
Cn23	NC_026751.1	1399503	228874091	163.54	0	1182	169.9175641792448	0.9624667160805274	-0.055191444453075035
Cn23	NC_026752.1	1398693	228325990	163.24	0	748	169.9175641792448	0.9607011540478494	-0.05784037421535581
Cn23	NC_026753.1	1186808	192684863	162.36	0	844	169.9175641792448	0.9555221720853274	-0.06563874477576286
Cn23	NC_026754.1	1059964	178574519	168.47	0	2039	169.9175641792448	0.9914807854842023	-0.01234328103662885
Cn23	NC_026755.1	1561994	257199727	164.66	0	818	169.9175641792448	0.9690581476691918	-0.04534485872371346
Cn23	NC_026756.1	774062	128935593	166.57	0	1363	169.9175641792448	0.980298892610575	-0.028706401636692216
Cn23	NC_026757.1	756744	128262340	169.49	0	1249	169.9175641792448	0.9974836963953075	-0.0036348338249209394
Cn23	NC_026758.1	942867	151418767	160.59	0	598	169.9175641792448	0.9451053560925272	-0.08145293143730617
Cn24	NC_026745.1	2291499	403041629	175.89	0	972	179.8920653131859	0.9777529636661937	-0.03245809097077769
Cn24	NC_026746.1	1621675	352210624	217.19	0	9904	179.8920653131859	1.2073350740727762	0.27182612565059494
Cn24	NC_026747.1	1575141	284856402	180.85	0	2459	179.8920653131859	1.0053250524704709	0.007662044454729539
Cn24	NC_026748.1	1084805	188954643	174.18	0	1150	179.8920653131859	0.9682472636953643	-0.046552575740589054
Cn24	NC_026749.1	1814975	320778936	176.74	0	828	179.8920653131859	0.9824780192072493	-0.025502964295184036
Cn24	NC_026750.1	1422463	253377046	178.13	0	816	179.8920653131859	0.9902048747390931	-0.014201043239677831
Cn24	NC_026751.1	1399503	247836293	177.09	0	1118	179.8920653131859	0.9844236303123899	-0.022648805919684045
Cn24	NC_026752.1	1398693	242360231	173.28	0	3275	179.8920653131859	0.9632442637107173	-0.054026405480079684
Cn24	NC_026753.1	1186808	208444727	175.63	0	999	179.8920653131859	0.9763076525595179	-0.03459225562163024
Cn24	NC_026754.1	1059964	187306217	176.71	0	968	179.8920653131859	0.9823112525410944	-0.02574786938122507
Cn24	NC_026755.1	1561994	272877080	174.7	0	1131	179.8920653131859	0.9711378859087159	-0.04225194528428515
Cn24	NC_026756.1	774062	136057722	175.77	0	971	179.8920653131859	0.9770858970015742	-0.033442697759302725
Cn24	NC_026757.1	756744	134816146	178.15	0	1490	179.8920653131859	0.9903160525165298	-0.014039070067745105
Cn24	NC_026758.1	942867	165458029	175.48	0	583	179.8920653131859	0.9754738192287433	-0.03582494206917639
Cn25	NC_026745.1	2291499	478210005	208.69	0	1505	211.66166625898111	0.9859603001738392	-0.020398537427581763
Cn25	NC_026746.1	1621675	389798547	240.37	0	7430	211.66166625898111	1.1356331273792981	0.1834968394239273
Cn25	NC_026747.1	1575141	329722059	209.33	0	1388	211.66166625898111	0.9889839936527375	-0.015980923210041395
Cn25	NC_026748.1	1084805	225832614	208.18	0	1582	211.66166625898111	0.9835507944328423	-0.0239285340113378
Cn25	NC_026749.1	1814975	380074759	209.41	0	843	211.66166625898111	0.9893619553375996	-0.015429671336920615
Cn25	NC_026750.1	1422463	299995603	210.9	0	1003	211.66166625898111	0.9964014917181595	-0.005200913440306774
Cn25	NC_026751.1	1399503	294238371	210.24	0	1360	211.66166625898111	0.9932833078180457	-0.00972282779903103
Cn25	NC_026752.1	1398693	287566862	205.6	0	3865	211.66166625898111	0.971361530096034	-0.04191974404012031
Cn25	NC_026753.1	1186808	247643804	208.66	0	1201	211.66166625898111	0.9858185645420159	-0.020605945364810446
Cn25	NC_026754.1	1059964	222511689	209.92	0	1185	211.66166625898111	0.9917714610785966	-0.011920383503277033
Cn25	NC_026755.1	1561994	324470495	207.73	0	1316	211.66166625898111	0.9814247599554919	-0.027050425871275964
Cn25	NC_026756.1	774062	160977476	207.96	0	1150	211.66166625898111	0.9825113997994711	-0.025453948240034687
Cn25	NC_026757.1	756744	160283958	211.81	0	1752	211.66166625898111	1.0007008058834679	0.0010106950635321034
Cn25	NC_026758.1	942867	197215146	209.17	0	605	211.66166625898111	0.9882280702830128	-0.017084059256822232
Cn26	NC_026745.1	2291499	364709297	159.16	0	978	163.48759763345808	0.973529505013826	-0.038703391142531
Cn26	NC_026746.1	1621675	343415733	211.77	0	12471	163.48759763345808	1.2953276154610327	0.37331703183034165
Cn26	NC_026747.1	1575141	250691407	159.15	0	1193	163.48759763345808	0.9734683382944862	-0.03879403831298497
Cn26	NC_026748.1	1084805	171165775	157.78	0	1113	163.48759763345808	0.96508849774492	-0.05126685260644323
Cn26	NC_026749.1	1814975	289063840	159.27	0	615	163.48759763345808	0.9742023389265649	-0.037706647991381056
Cn26	NC_026750.1	1422463	227970217	160.26	0	759	163.48759763345808	0.9802578441412149	-0.028766813480002335
Cn26	NC_026751.1	1399503	223603947	159.77	0	1002	163.48759763345808	0.9772606748935599	-0.03318465632251444
Cn26	NC_026752.1	1398693	218192474	156	0	3440	163.48759763345808	0.954200821702418	-0.0676351661992954
Cn26	NC_026753.1	1186808	190481527	160.5	0	876	163.48759763345808	0.9817258454053724	-0.026607897939240566
Cn26	NC_026754.1	1059964	168649670	159.11	0	772	163.48759763345808	0.9732236714171266	-0.039156683960816376
Cn26	NC_026755.1	1561994	246852302	158.04	0	879	163.48759763345808	0.9666788324477573	-0.04889144385859795
Cn26	NC_026756.1	774062	122728778	158.55	0	1032	163.48759763345808	0.9697983351340923	-0.04424331784506672
Cn26	NC_026757.1	756744	120609929	159.38	0	1327	163.48759763345808	0.9748751728393038	-0.03671059300439472
Cn26	NC_026758.1	942867	150340864	159.45	0	471	163.48759763345808	0.975303339874683	-0.03607709769664535
Cn27	NC_026745.1	2291499	712766635	311.05	0	1595	326.56837172750284	0.9524804816663269	-0.07023856584225649
Cn27	NC_026746.1	1621675	616960587	380.45	0	15915	326.56837172750284	1.1649934070083718	0.22032179032741736
Cn27	NC_026747.1	1575141	490862959	311.63	0	2542	326.56837172750284	0.9542565262873411	-0.06755094662946241
Cn27	NC_026748.1	1084805	333143577	307.1	0	1830	326.56837172750284	0.9403850053680406	-0.0886765597816212
Cn27	NC_026749.1	1814975	568483469	313.22	0	1180	326.56837172750284	0.9591253382656388	-0.06020873628766894
Cn27	NC_026750.1	1422463	445518826	313.2	0	1169	326.56837172750284	0.9590640953476727	-0.06030085946645524
Cn27	NC_026751.1	1399503	437216212	312.41	0	1808	326.56837172750284	0.9566450000880155	-0.06394443833539895
Cn27	NC_026752.1	1398693	426432493	304.88	0	4192	326.56837172750284	0.9335870414738137	-0.09914355883269012
Cn27	NC_026753.1	1186808	366444749	308.76	0	1572	326.56837172750284	0.945468167559219	-0.08089920918990218
Cn27	NC_026754.1	1059964	329471462	310.83	0	1594	326.56837172750284	0.9518068095687008	-0.07125931879213819
Cn27	NC_026755.1	1561994	480279192	307.48	0	2017	326.56837172750284	0.9415486208093947	-0.08689249851896762
Cn27	NC_026756.1	774062	435304280	562.36	0	1731	326.56837172750284	1.7220283673681904	0.784108908776756
Cn27	NC_026757.1	756744	235340729	310.99	0	2493	326.56837172750284	0.9522967529124289	-0.07051688139341655
Cn27	NC_026758.1	942867	291040968	308.68	0	949	326.56837172750284	0.945223195887355	-0.08127306123679565
Cn28	NC_026745.1	2291499	651996563	284.53	0	1984	289.6616883856938	0.9822838552992867	-0.025788107560313252
Cn28	NC_026746.1	1621675	580633443	358.05	0	16899	289.6616883856938	1.2360971932306248	0.30579218553920584
Cn28	NC_026747.1	1575141	447661556	284.2	0	2093	289.6616883856938	0.9811445952133601	-0.027462327020946642
Cn28	NC_026748.1	1084805	304854755	281.02	0	1977	289.6616883856938	0.970166270748974	-0.043696071888402105
Cn28	NC_026749.1	1814975	517027458	284.87	0	1597	289.6616883856938	0.9834576384181206	-0.02406518387854114
Cn28	NC_026750.1	1422463	406668407	285.89	0	1461	289.6616883856938	0.9869789877746217	-0.018908724041591628
Cn28	NC_026751.1	1399503	398744546	284.92	0	2069	289.6616883856938	0.983630253582655	-0.02381198620139832
Cn28	NC_026752.1	1398693	388838311	278	0	3463	289.6616883856938	0.9597403148110981	-0.059283998652857266
Cn28	NC_026753.1	1186808	337580417	284.44	0	1529	289.6616883856938	0.981973148003125	-0.02624452021744071
Cn28	NC_026754.1	1059964	300717319	283.71	0	1727	289.6616883856938	0.9794529666009232	-0.029951879046644585
Cn28	NC_026755.1	1561994	440144006	281.78	0	1712	289.6616883856938	0.9727900212498964	-0.03979966500299183
Cn28	NC_026756.1	774062	217799607	281.37	0	1846	289.6616883856938	0.9713745769007147	-0.04190036666782067
Cn28	NC_026757.1	756744	217300632	287.15	0	2603	289.6616883856938	0.9913288899208879	-0.012564319877697279
Cn28	NC_026758.1	942867	262087840	277.97	0	836	289.6616883856938	0.9596367457123777	-0.05943969356901677
Cn29	NC_026745.1	2291499	662830072	289.26	0	1852	293.9455781326251	0.9840597087311481	-0.02318223981378712
Cn29	NC_026746.1	1621675	568921373	350.82	0	14372	293.9455781326251	1.193486230439955	0.255181921769009
Cn29	NC_026747.1	1575141	463546454	294.29	0	3197	293.9455781326251	1.0011717198454317	0.0016894448254779339
Cn29	NC_026748.1	1084805	309672015	285.46	0	2116	293.9455781326251	0.9711321456627032	-0.042260472856992665
Cn29	NC_026749.1	1814975	529815438	291.91	0	1607	293.9455781326251	0.993074982976248	-0.010025441097599036
Cn29	NC_026750.1	1422463	413276476	290.54	0	1289	293.9455781326251	0.9884142562910455	-0.016812275507526942
Cn29	NC_026751.1	1399503	404348293	288.92	0	1694	293.9455781326251	0.9829030320355505	-0.024878999890037674
Cn29	NC_026752.1	1398693	394271114	281.89	0	3835	293.9455781326251	0.9589870403589275	-0.06041677592783502
Cn29	NC_026753.1	1186808	341273060	287.56	0	1475	293.9455781326251	0.9782763252531597	-0.031686066555394014
Cn29	NC_026754.1	1059964	306542619	289.2	0	1832	293.9455781326251	0.983855589314278	-0.02348152309271307
Cn29	NC_026755.1	1561994	445567094	285.26	0	1842	293.9455781326251	0.9704517476064694	-0.04327161324103056
Cn29	NC_026756.1	774062	221805923	286.55	0	1817	293.9455781326251	0.9748403150691783	-0.036762179128025256
Cn29	NC_026757.1	756744	221024485	292.07	0	2655	293.9455781326251	0.993619301421235	-0.009234896173738447
Cn29	NC_026758.1	942867	270088232	286.45	0	795	293.9455781326251	0.9745001160410612	-0.03726573761163307
Cn30	NC_026745.1	2291499	397977083	173.68	0	1823	179.40267282219816	0.9681015185996156	-0.04676975327512228
Cn30	NC_026746.1	1621675	388689490	239.68	0	15088	179.40267282219816	1.3359890141522102	0.4179081445684844
Cn30	NC_026747.1	1575141	273008189	173.32	0	3404	179.40267282219816	0.9660948595329649	-0.04976324261839812
Cn30	NC_026748.1	1084805	181196943	167.03	0	1168	179.40267282219816	0.9310340663962101	-0.1030941381433428
Cn30	NC_026749.1	1814975	315605685	173.89	0	4079	179.40267282219816	0.9692720697218282	-0.04502641526866201
Cn30	NC_026750.1	1422463	247459039	173.97	0	2919	179.40267282219816	0.9697179939588617	-0.04436284023671873
Cn30	NC_026751.1	1399503	244374358	174.62	0	4658	179.40267282219816	0.9733411283847585	-0.038982577673737445
Cn30	NC_026752.1	1398693	236788962	169.29	0	1893	179.40267282219816	0.943631426092405	-0.08370462892475934
Cn30	NC_026753.1	1186808	207717212	175.02	0	3088	179.40267282219816	0.9755707495699258	-0.035681592270932816
Cn30	NC_026754.1	1059964	183113538	172.75	0	1146	179.40267282219816	0.9629176493441016	-0.05451567372728362
Cn30	NC_026755.1	1561994	274062071	175.46	0	3863	179.40267282219816	0.9780233328736098	-0.032059210671509186
Cn30	NC_026756.1	774062	142858512	184.56	0	2427	179.40267282219816	1.0287472148361645	0.04088852479271602
Cn30	NC_026757.1	756744	131778915	174.14	0	1528	179.40267282219816	0.9706655829625578	-0.04295375588724246
Cn30	NC_026758.1	942867	164500520	174.47	0	2087	179.40267282219816	0.9725050204403208	-0.04022239702950094
Cn31	NC_026745.1	2291499	559867570	244.32	0	1033	249.25682517774288	0.9801938214762124	-0.028861041950876
Cn31	NC_026746.1	1621675	494355763	304.84	0	13636	249.25682517774288	1.2229955981450908	0.2904192112686711
Cn31	NC_026747.1	1575141	386654980	245.47	0	1652	249.25682517774288	0.9848075366640712	-0.022086292177223323
Cn31	NC_026748.1	1084805	261204858	240.79	0	1509	249.25682517774288	0.9660317218126112	-0.04985753092948416
Cn31	NC_026749.1	1814975	446501625	246.01	0	1021	249.25682517774288	0.9869739768392396	-0.0189160486858517
Cn31	NC_026750.1	1422463	350530946	246.43	0	1141	249.25682517774288	0.9886589858643706	-0.016455111052442434
Cn31	NC_026751.1	1399503	344148008	245.91	0	1495	249.25682517774288	0.9865727842142084	-0.019502605467752083
Cn31	NC_026752.1	1398693	335384219	239.78	0	2878	249.25682517774288	0.9619796762997962	-0.055921680321592955
Cn31	NC_026753.1	1186808	289554914	243.98	0	1291	249.25682517774288	0.9788297665511063	-0.03087011994872027
Cn31	NC_026754.1	1059964	260315248	245.59	0	1597	249.25682517774288	0.9852889678141086	-0.021381191340858054
Cn31	NC_026755.1	1561994	379075365	242.69	0	1746	249.25682517774288	0.973654381688204	-0.03851834548728991
Cn31	NC_026756.1	774062	187426565	242.13	0	1352	249.25682517774288	0.9714077029880293	-0.04185116831719529
Cn31	NC_026757.1	756744	183858914	242.96	0	1602	249.25682517774288	0.9747376017757883	-0.03691419558026753
Cn31	NC_026758.1	942867	229879816	243.81	0	754	249.25682517774288	0.9781477390885533	-0.0318757091034006
Cn32	NC_026745.1	2291499	603982396	263.58	0	1248	282.2423528254674	0.9338782693715433	-0.09869358737159899
Cn32	NC_026746.1	1621675	551411548	340.03	0	16923	282.2423528254674	1.204744775530791	0.2687275447324677
Cn32	NC_026747.1	1575141	417409126	265	0	2945	282.2423528254674	0.9389094065690075	-0.0909421329602304
Cn32	NC_026748.1	1084805	281517297	259.51	0	1355	282.2423528254674	0.9194580381083891	-0.12114435993946182
Cn32	NC_026749.1	1814975	484177232	266.77	0	1626	282.2423528254674	0.9451806127940154	-0.0813380573157445
Cn32	NC_026750.1	1422463	380628874	267.58	0	1495	282.2423528254674	0.9480504868291887	-0.0769642054276909
Cn32	NC_026751.1	1399503	373441938	266.84	0	1545	282.2423528254674	0.9454286265995242	-0.08095954621797083
Cn32	NC_026752.1	1398693	364406156	260.53	0	1525	282.2423528254674	0.9230719535600886	-0.11548498439624369
Cn32	NC_026753.1	1186808	325862286	274.57	0	2098	282.2423528254674	0.972816436836424	-0.03976048993186734
Cn32	NC_026754.1	1059964	281168623	265.26	0	1374	282.2423528254674	0.9398306007037543	-0.08952735251029426
Cn32	NC_026755.1	1561994	410985834	263.12	0	1762	282.2423528254674	0.9322484643639142	-0.10121357935011425
Cn32	NC_026756.1	774062	400131329	516.92	0	1998	282.2423528254674	1.8314756620515142	0.8730065296181988
Cn32	NC_026757.1	756744	204192492	269.83	0	3110	282.2423528254674	0.9560223591491143	-0.06488373499061739
Cn32	NC_026758.1	942867	252579629	267.88	0	2014	282.2423528254674	0.9491134031385121	-0.07534761947336152
Cn33	NC_026745.1	2291499	514434304	224.5	0	1475	231.40995266947937	0.9701397775256936	-0.04373546942765131
Cn33	NC_026746.1	1621675	502608006	309.93	0	11388	231.40995266947937	1.3393114532228874	0.4214914944714922
Cn33	NC_026747.1	1575141	355055828	225.41	0	1787	231.40995266947937	0.9740721926595394	-0.037899394312562416
Cn33	NC_026748.1	1084805	241472563	222.6	0	1775	231.40995266947937	0.9619292404330485	-0.055997321714201145
Cn33	NC_026749.1	1814975	407827220	224.7	0	973	231.40995266947937	0.9710040445880772	-0.042450789876253454
Cn33	NC_026750.1	1422463	321473391	226	0	1083	231.40995266947937	0.9766217804935713	-0.03412814175361051
Cn33	NC_026751.1	1399503	315761554	225.62	0	1693	231.40995266947937	0.9749796730750423	-0.036555953829758826
Cn33	NC_026752.1	1398693	301477383	215.54	0	2933	231.40995266947937	0.9314206131309042	-0.10249528430668044
Cn33	NC_026753.1	1186808	267129240	225.08	0	1100	231.40995266947937	0.9726461520066063	-0.040013045885965805
Cn33	NC_026754.1	1059964	239177365	225.65	0	1626	231.40995266947937	0.9751093131343999	-0.036364135843673207
Cn33	NC_026755.1	1561994	349321459	223.64	0	1661	231.40995266947937	0.9664234291574437	-0.04927266431426094
Cn33	NC_026756.1	774062	173084742	223.61	0	1564	231.40995266947937	0.9662937890980863	-0.04946620641058981
Cn33	NC_026757.1	756744	171814714	227.04	0	1843	231.40995266947937	0.9811159692179664	-0.02750441988297166
Cn33	NC_026758.1	942867	210972309	223.76	0	658	231.40995266947937	0.9669419893948739	-0.048498755467331345
Cn34	NC_026745.1	2291499	446431476	194.82	0	1306	199.03659594182326	0.9788149715791173	-0.030891926390209115
Cn34	NC_026746.1	1621675	386673235	238.44	0	10277	199.03659594182326	1.1979706489237487	0.26059256157337285
Cn34	NC_026747.1	1575141	316806446	201.13	0	3133	199.03659594182326	1.0105176841890353	0.015094569286755294
Cn34	NC_026748.1	1084805	209804308	193.4	0	1268	199.03659594182326	0.9716806051914655	-0.04144592203324977
Cn34	NC_026749.1	1814975	355494369	195.87	0	900	199.03659594182326	0.9840903833446346	-0.023137269551671537
Cn34	NC_026750.1	1422463	280142330	196.94	0	835	199.03659594182326	0.9894662791437807	-0.015277553598411597
Cn34	NC_026751.1	1399503	274424500	196.09	0	1213	199.03659594182326	0.9851957077145526	-0.02151775254827433
Cn34	NC_026752.1	1398693	266824970	190.77	0	1418	199.03659594182326	0.9584669547692651	-0.06119940218259834
Cn34	NC_026753.1	1186808	231438925	195.01	0	1051	199.03659594182326	0.9797695698985919	-0.029485610409016854
Cn34	NC_026754.1	1059964	207480756	195.74	0	1242	199.03659594182326	0.9834372371260468	-0.024095112110364438
Cn34	NC_026755.1	1561994	301155324	192.8	0	1258	199.03659594182326	0.9686660841825985	-0.045928665280129344
Cn34	NC_026756.1	774062	150581156	194.53	0	1288	199.03659594182326	0.9773579530914983	-0.03304105513928736
Cn34	NC_026757.1	756744	149490241	197.54	0	1310	199.03659594182326	0.9924808001526477	-0.010888901742585198
Cn34	NC_026758.1	942867	183290712	194.4	0	508	199.03659594182326	0.9767048068729105	-0.034005497904310046
Cn35	NC_026745.1	2291499	420610436	183.55	0	1973	187.8963227467953	0.9768685055499873	-0.03376371811681019
Cn35	NC_026746.1	1621675	394554240	243.3	0	14479	187.8963227467953	1.2948630204320997	0.3727994877220716
Cn35	NC_026747.1	1575141	283868211	180.22	0	1329	187.8963227467953	0.9591459660594862	-0.06017770875175978
Cn35	NC_026748.1	1084805	193092276	178	0	1035	187.8963227467953	0.9473309397324856	-0.07805959136259746
Cn35	NC_026749.1	1814975	335975171	185.11	0	753	187.8963227467953	0.9851709564824742	-0.021553998065848342
Cn35	NC_026750.1	1422463	297074310	208.85	0	844	187.8963227467953	1.1115172290063462	0.1525303109464352
Cn35	NC_026751.1	1399503	252864400	180.68	0	1229	187.8963227467953	0.9615941246677837	-0.05650001366620391
Cn35	NC_026752.1	1398693	246753931	176.42	0	1229	187.8963227467953	0.938922047121377	-0.09092271006454719
Cn35	NC_026753.1	1186808	213049511	179.51	0	1064	187.8963227467953	0.9553672864684184	-0.06587261776188329
Cn35	NC_026754.1	1059964	190373600	179.6	0	921	187.8963227467953	0.9558462740222158	-0.06514948247521067
Cn35	NC_026755.1	1561994	277889346	177.91	0	943	187.8963227467953	0.9468519521786882	-0.07878922838570782
Cn35	NC_026756.1	774062	138027235	178.32	0	869	187.8963227467953	0.9490340065904316	-0.07546831084396761
Cn35	NC_026757.1	756744	135902365	179.59	0	1634	187.8963227467953	0.955793053182905	-0.06522981294327836
Cn35	NC_026758.1	942867	169550665	179.82	0	519	187.8963227467953	0.9570171324870537	-0.0633833428689893
Cn36	NC_026745.1	2291499	472907298	206.37	0	1900	210.2374313258035	0.9816044588187051	-0.026786292605142516
Cn36	NC_026746.1	1621675	421411284	259.86	0	14626	210.2374313258035	1.2360310833388026	0.30571502416047613
Cn36	NC_026747.1	1575141	314342318	199.56	0	897	210.2374313258035	0.9492125105483392	-0.07519697961982329
Cn36	NC_026748.1	1084805	214529293	197.76	0	1458	210.2374313258035	0.9406507621068328	-0.08826890572387394
Cn36	NC_026749.1	1814975	404112262	222.65	0	1493	210.2374313258035	1.059040716945218	0.08275805770201729
Cn36	NC_026750.1	1422463	285406145	200.64	0	1097	210.2374313258035	0.954349559613243	-0.06741030082620968
Cn36	NC_026751.1	1399503	276187805	197.35	0	698	210.2374313258035	0.9387005860729342	-0.09126303484778281
Cn36	NC_026752.1	1398693	278920245	199.41	0	1039	210.2374313258035	0.948499031511547	-0.07628179434940063
Cn36	NC_026753.1	1186808	237222865	199.88	0	2810	210.2374313258035	0.9507345991601626	-0.07288543089236067
Cn36	NC_026754.1	1059964	213514652	201.44	0	1807	210.2374313258035	0.9581547811428014	-0.06166936590923203
Cn36	NC_026755.1	1561994	313968206	201	0	1789	210.2374313258035	0.9560619093015443	-0.06482405267459516
Cn36	NC_026756.1	774062	157976458	204.09	0	1870	210.2374313258035	0.9707595774594636	-0.04281405913515816
Cn36	NC_026757.1	756744	149452949	197.49	0	793	210.2374313258035	0.9393664998406069	-0.09023995048860516
Cn36	NC_026758.1	942867	231684111	245.72	0	1655	210.2374313258035	1.1687737928038582	0.22499573433567263
Cn37	NC_026745.1	2291499	1236058900	539.41	0	2921	546.4580493143021	0.9871023048829712	-0.018728479204090952
Cn37	NC_026746.1	1621675	1087529494	670.62	0	30388	546.4580493143021	1.2272122276202113	0.29538476265944613
Cn37	NC_026747.1	1575141	844922529	536.41	0	4990	546.4580493143021	0.9816124049651926	-0.02677461395023347
Cn37	NC_026748.1	1084805	574398349	529.49	0	3054	546.4580493143021	0.9689490358215169	-0.04550730922756107
Cn37	NC_026749.1	1814975	982390747	541.27	0	2084	546.4580493143021	0.990506042831994	-0.013762318220700087
Cn37	NC_026750.1	1422463	766836013	539.09	0	2234	546.4580493143021	0.9865167155584083	-0.01958459867860563
Cn37	NC_026751.1	1399503	752752715	537.87	0	3206	546.4580493143021	0.9842841562585116	-0.02285322277379725
Cn37	NC_026752.1	1398693	734209998	524.93	0	3642	546.4580493143021	0.9606043879464935	-0.05798569620773963
Cn37	NC_026753.1	1186808	632749839	533.15	0	3076	546.4580493143021	0.9756467137212067	-0.03556925922097256
Cn37	NC_026754.1	1059964	565435650	533.45	0	3217	546.4580493143021	0.9761957037129847	-0.03475769251615319
Cn37	NC_026755.1	1561994	827457393	529.74	0	3324	546.4580493143021	0.9694065274813318	-0.04482629798936077
Cn37	NC_026756.1	774062	410089925	529.79	0	3351	546.4580493143021	0.9694980258132947	-0.04469013430905363
Cn37	NC_026757.1	756744	405060827	535.27	0	5371	546.4580493143021	0.9795262429964369	-0.029843949884402123
Cn37	NC_026758.1	942867	503352097	533.85	0	1638	546.4580493143021	0.9769276903686884	-0.03367631325376404
Cn38	NC_026745.1	2291499	862735815	376.49	0	2135	382.55709901433966	0.9841406706868816	-0.023063549244143205
Cn38	NC_026746.1	1621675	759572300	468.39	0	22528	382.55709901433966	1.2243662480890023	0.29203517997935796
Cn38	NC_026747.1	1575141	603954973	383.43	0	4061	382.55709901433966	1.0022817534634945	0.0032881244865789173
Cn38	NC_026748.1	1084805	403930683	372.35	0	2177	382.55709901433966	0.973318756753859	-0.039015737488868045
Cn38	NC_026749.1	1814975	685418320	377.65	0	1869	382.55709901433966	0.987172897779226	-0.018625308155541264
Cn38	NC_026750.1	1422463	537217856	377.67	0	1707	382.55709901433966	0.9872251775566804	-0.018548906363387987
Cn38	NC_026751.1	1399503	526544998	376.24	0	2504	382.55709901433966	0.983487173468704	-0.024021857730542797
Cn38	NC_026752.1	1398693	512877724	366.68	0	2816	382.55709901433966	0.9584974398455889	-0.06115351643890831
Cn38	NC_026753.1	1186808	439923322	370.68	0	2064	382.55709901433966	0.968953395336432	-0.04550081823973058
Cn38	NC_026754.1	1059964	388805187	366.81	0	2063	382.55709901433966	0.9588372583990412	-0.06064212471637817
Cn38	NC_026755.1	1561994	579853124	371.23	0	2377	382.55709901433966	0.9703910892164229	-0.043361792164203994
Cn38	NC_026756.1	774062	288077474	372.16	0	2102	382.55709901433966	0.9728220988680439	-0.03975209311530611
Cn38	NC_026757.1	756744	286672955	378.82	0	3001	382.55709901433966	0.9902312647602977	-0.014162594382919844
Cn38	NC_026758.1	942867	351375260	372.67	0	1057	382.55709901433966	0.9741552331931265	-0.03777640850045273
Cn39	NC_026745.1	2291499	504360155	220.1	0	1581	223.12732568027863	0.9864322952330074	-0.019708061357280322
Cn39	NC_026746.1	1621675	433403134	267.26	0	11564	223.12732568027863	1.1977914367286395	0.2603767233253419
Cn39	NC_026747.1	1575141	352651160	223.89	0	2868	223.12732568027863	1.0034181125839075	0.004922885370653928
Cn39	NC_026748.1	1084805	235125420	216.74	0	1562	223.12732568027863	0.9713736286633441	-0.04190177499994345
Cn39	NC_026749.1	1814975	401775438	221.37	0	1456	223.12732568027863	0.9921241126566599	-0.01140748484577934
Cn39	NC_026750.1	1422463	313526126	220.41	0	1023	223.12732568027863	0.987821636493899	-0.017677526129909343
Cn39	NC_026751.1	1399503	306495059	219	0	1219	223.12732568027863	0.9815023746298438	-0.026936336760301764
Cn39	NC_026752.1	1398693	297915801	213	0	1423	223.12732568027863	0.9546118986125878	-0.06701377613563698
Cn39	NC_026753.1	1186808	258541608	217.85	0	1288	223.12732568027863	0.9763483667265364	-0.034532093333669835
Cn39	NC_026754.1	1059964	231898133	218.78	0	1087	223.12732568027863	0.980516390509211	-0.028386347887872396
Cn39	NC_026755.1	1561994	338170348	216.5	0	1254	223.12732568027863	0.9702980096226538	-0.0435001816347503
Cn39	NC_026756.1	774062	168312059	217.44	0	1492	223.12732568027863	0.9745108508653573	-0.03724984536880856
Cn39	NC_026757.1	756744	167583898	221.45	0	1511	223.12732568027863	0.9924826523368899	-0.010886209363521306
Cn39	NC_026758.1	942867	205383034	217.83	0	621	223.12732568027863	0.9762587318064789	-0.03466454789131772
Cn40	NC_026745.1	2291499	504698533	220.25	0	1442	225.23592686814433	0.9778635365260216	-0.03229494761758444
Cn40	NC_026746.1	1621675	452092932	278.78	0	13421	225.23592686814433	1.2377243891610639	0.30769009754277876
Cn40	NC_026747.1	1575141	348827546	221.46	0	2036	225.23592686814433	0.9832356812669819	-0.024390823345957907
Cn40	NC_026748.1	1084805	236187263	217.72	0	1228	225.23592686814433	0.9666308702494685	-0.04896302558762885
Cn40	NC_026749.1	1814975	404261443	222.74	0	1103	225.23592686814433	0.9889186112408902	-0.016076303924070907
Cn40	NC_026750.1	1422463	315381829	221.72	0	1102	225.23592686814433	0.984390026417932	-0.022698054025748173
Cn40	NC_026751.1	1399503	309582333	221.21	0	1501	225.23592686814433	0.982125734006453	-0.02602036137007349
Cn40	NC_026752.1	1398693	301868959	215.82	0	1498	225.23592686814433	0.9581952710694484	-0.06160840145618674
Cn40	NC_026753.1	1186808	262318054	221.03	0	1323	225.23592686814433	0.9813265719788721	-0.027194769481959407
Cn40	NC_026754.1	1059964	232224561	219.09	0	1266	225.23592686814433	0.9727133812371672	-0.03991333035686782
Cn40	NC_026755.1	1561994	342971513	219.57	0	1416	225.23592686814433	0.9748444799773829	-0.036756015370244796
Cn40	NC_026756.1	774062	168556219	217.76	0	1349	225.23592686814433	0.9668084618111531	-0.04869799480872812
Cn40	NC_026757.1	756744	168207699	222.28	0	2067	225.23592686814433	0.9868763082815168	-0.019058821362234062
Cn40	NC_026758.1	942867	207796481	220.39	0	647	225.23592686814433	0.9784851069919178	-0.0313782023719386
Cn41	NC_026745.1	2291499	391437358	170.82	0	893	175.09399401085997	0.9755902877479916	-0.03565269908163135
Cn41	NC_026746.1	1621675	331601376	204.48	0	8352	175.09399401085997	1.1678298913400615	0.22383014340194124
Cn41	NC_026747.1	1575141	271074503	172.1	0	966	175.09399401085997	0.9829006470052064	-0.024882500617487226
Cn41	NC_026748.1	1084805	184052327	169.66	0	976	175.09399401085997	0.9689652746711407	-0.045483130957453204
Cn41	NC_026749.1	1814975	311804415	171.8	0	933	175.09399401085997	0.9811872815542967	-0.027399561519227206
Cn41	NC_026750.1	1422463	245071924	172.29	0	716	175.09399401085997	0.9839857784574492	-0.023290630437867235
Cn41	NC_026751.1	1399503	239356444	171.03	0	1010	175.09399401085997	0.9767896435636284	-0.0338801906908355
Cn41	NC_026752.1	1398693	233491601	166.94	0	1062	175.09399401085997	0.9534307612495593	-0.06879992198002068
Cn41	NC_026753.1	1186808	203040055	171.08	0	833	175.09399401085997	0.9770752044721134	-0.033458485668719444
Cn41	NC_026754.1	1059964	181866857	171.58	0	966	175.09399401085997	0.979930813556963	-0.029248201232802314
Cn41	NC_026755.1	1561994	263149766	168.47	0	1019	175.09399401085997	0.9621689250491988	-0.05563788910822556
Cn41	NC_026756.1	774062	161092981	208.11	0	840	175.09399401085997	1.1885616132960692	0.24921669242019548
Cn41	NC_026757.1	756744	130530656	172.49	0	1195	175.09399401085997	0.985128022091389	-0.02161687302420292
Cn41	NC_026758.1	942867	160164171	169.87	0	499	175.09399401085997	0.9701646304867776	-0.04369851105806641
Cn42	NC_026745.1	2291499	485537368	211.89	0	1326	217.6002468981181	0.9737580863095634	-0.038364691194167515
Cn42	NC_026746.1	1621675	405073737	249.79	0	9619	217.6002468981181	1.1479306828036522	0.1990355282551596
Cn42	NC_026747.1	1575141	333825986	211.93	0	1326	217.6002468981181	0.9739419096304016	-0.038092368973380655
Cn42	NC_026748.1	1084805	226730051	209.01	0	1420	217.6002468981181	0.9605228072092211	-0.058108224404167706
Cn42	NC_026749.1	1814975	386496691	212.95	0	910	217.6002468981181	0.9786294043117728	-0.031165463641585095
Cn42	NC_026750.1	1422463	302947301	212.97	0	1008	217.6002468981181	0.9787213159721919	-0.03102997387430952
Cn42	NC_026751.1	1399503	295739867	211.32	0	1246	217.6002468981181	0.9711386039876208	-0.04225087852692033
Cn42	NC_026752.1	1398693	287808533	205.77	0	1353	217.6002468981181	0.945633118221336	-0.08064753202737221
Cn42	NC_026753.1	1186808	252388511	212.66	0	1114	217.6002468981181	0.9772966852356967	-0.03313149651959739
Cn42	NC_026754.1	1059964	224333533	211.64	0	1181	217.6002468981181	0.9726091905543254	-0.0400678706719458
Cn42	NC_026755.1	1561994	389471466	249.34	0	1233	217.6002468981181	1.1458626704442236	0.196434150079938
Cn42	NC_026756.1	774062	162204035	209.55	0	1372	217.6002468981181	0.9630044220405354	-0.05438567206130318
Cn42	NC_026757.1	756744	160721068	212.38	0	1468	217.6002468981181	0.97600992198983	-0.03503228077464736
Cn42	NC_026758.1	942867	197450114	209.41	0	614	217.6002468981181	0.9623610404176021	-0.055349856294844735
Cn43	NC_026745.1	2291499	643471719	280.81	0	1515	288.393296177748	0.9737050192280678	-0.03844331616540249
Cn43	NC_026746.1	1621675	590753617	364.29	0	20036	288.393296177748	1.2631708324297313	0.33704976377531715
Cn43	NC_026747.1	1575141	453473619	287.89	0	3245	288.393296177748	0.9982548270559041	-0.0025199518679794894
Cn43	NC_026748.1	1084805	303032552	279.34	0	1796	288.393296177748	0.9686078133655085	-0.046015454266421896
Cn43	NC_026749.1	1814975	513911811	283.15	0	1169	288.393296177748	0.9818189387643865	-0.026471099096074143
Cn43	NC_026750.1	1422463	403261471	283.5	0	1221	288.393296177748	0.983032559207853	-0.0246888937540646
Cn43	NC_026751.1	1399503	395021476	282.26	0	1708	288.393296177748	0.9787328753510004	-0.031012934744038302
Cn43	NC_026752.1	1398693	384137317	274.64	0	2641	288.393296177748	0.9523106245532443	-0.07049586651376148
Cn43	NC_026753.1	1186808	333167051	280.73	0	1559	288.393296177748	0.9734276202695613	-0.03885438431389385
Cn43	NC_026754.1	1059964	299067782	282.15	0	1334	288.393296177748	0.9783514517830537	-0.03157527933930452
Cn43	NC_026755.1	1561994	433862076	277.76	0	1650	288.393296177748	0.9631291839350027	-0.05419877602653881
Cn43	NC_026756.1	774062	216172684	279.27	0	1560	288.393296177748	0.9683650892768152	-0.046377025499986756
Cn43	NC_026757.1	756744	215609132	284.92	0	2201	288.393296177748	0.9879563907213458	-0.017480733521326917
Cn43	NC_026758.1	942867	263151111	279.1	0	769	288.393296177748	0.9677756164899888	-0.04725550451758827
Cn44	NC_026745.1	2291499	516348028	225.33	0	2273	223.8526608668918	1.0065996049695682	0.009489936775629825
Cn44	NC_026746.1	1621675	438716854	270.53	0	12492	223.8526608668918	1.2085181339919995	0.2732391211167742
Cn44	NC_026747.1	1575141	345232544	219.18	0	1678	223.8526608668918	0.979126176795056	-0.030433307676477943
Cn44	NC_026748.1	1084805	234645199	216.3	0	1600	223.8526608668918	0.9662605714060162	-0.049515801910311255
Cn44	NC_026749.1	1814975	402651268	221.85	0	945	223.8526608668918	0.9910536651244783	-0.012964914052066184
Cn44	NC_026750.1	1422463	313814587	220.61	0	992	223.8526608668918	0.9855143072486418	-0.021051279075896864
Cn44	NC_026751.1	1399503	308757601	220.62	0	1354	223.8526608668918	0.9855589794895759	-0.020985884835199874
Cn44	NC_026752.1	1398693	298603414	213.49	0	2831	223.8526608668918	0.9537076717035154	-0.06838097248522003
Cn44	NC_026753.1	1186808	259418682	218.59	0	1218	223.8526608668918	0.9764905145799402	-0.03432206473837301
Cn44	NC_026754.1	1059964	234195684	220.95	0	1522	223.8526608668918	0.9870331634404034	-0.01882953611528466
Cn44	NC_026755.1	1561994	339075018	217.08	0	1494	223.8526608668918	0.969745006198881	-0.04432265341725526
Cn44	NC_026756.1	774062	168530978	217.72	0	1415	223.8526608668918	0.9726040296186677	-0.040075526034558544
Cn44	NC_026757.1	756744	165738697	219.02	0	1842	223.8526608668918	0.9784114209401094	-0.031486850427734726
Cn44	NC_026758.1	942867	203115266	215.42	0	673	223.8526608668918	0.9623294142038094	-0.055397268575292626
Cn45	NC_026745.1	2291499	422397845	184.33	0	1170	192.31096485012884	0.9584996889992803	-0.061150131099589895
Cn45	NC_026746.1	1621675	358633349	221.15	0	8792	192.31096485012884	1.149960430869586	0.20158422015195313
Cn45	NC_026747.1	1575141	294328119	186.86	0	1780	192.31096485012884	0.9716554651245348	-0.0414832490303086
Cn45	NC_026748.1	1084805	194712620	179.49	0	1287	192.31096485012884	0.9333321172814019	-0.09953755325795076
Cn45	NC_026749.1	1814975	336734453	185.53	0	870	192.31096485012884	0.9647395828136303	-0.05178853415063873
Cn45	NC_026750.1	1422463	260846032	183.38	0	825	192.31096485012884	0.9535597730629197	-0.06860471943413886
Cn45	NC_026751.1	1399503	255814740	182.79	0	1142	192.31096485012884	0.9504918252708643	-0.0732538758955974
Cn45	NC_026752.1	1398693	247901860	177.24	0	2432	192.31096485012884	0.9216323163794956	-0.11773679014811714
Cn45	NC_026753.1	1186808	215948786	181.96	0	871	192.31096485012884	0.946175898715939	-0.07981968234240823
Cn45	NC_026754.1	1059964	193741738	182.78	0	1180	192.31096485012884	0.9504398261557447	-0.07333280442043522
Cn45	NC_026755.1	1561994	281742876	180.37	0	1253	192.31096485012884	0.9379080394119252	-0.0924816194689583
Cn45	NC_026756.1	774062	159434662	205.97	0	1182	192.31096485012884	1.0710257741180587	0.09899319880421568
Cn45	NC_026757.1	756744	241090493	318.59	0	1814	192.31096485012884	1.6566398085948064	0.7282599617377266
Cn45	NC_026758.1	942867	169655980	179.94	0	517	192.31096485012884	0.935672077461783	-0.09592509404416624
Cn46	NC_026745.1	2291499	798346661	348.39	0	2558	350.39776360338914	0.9942700444696282	-0.008290352852667398
Cn46	NC_026746.1	1621675	677450709	417.75	0	17488	350.39776360338914	1.1922165133246856	0.2536462612486219
Cn46	NC_026747.1	1575141	542667888	344.52	0	2385	350.39776360338914	0.9832254534305701	-0.024405830658952913
Cn46	NC_026748.1	1084805	367910431	339.15	0	2536	350.39776360338914	0.9679000131515669	-0.04707007422724335
Cn46	NC_026749.1	1814975	632373733	348.42	0	1504	350.39776360338914	0.9943556614544272	-0.008166127163445152
Cn46	NC_026750.1	1422463	492328416	346.11	0	1776	350.39776360338914	0.9877631536249118	-0.01776294179570242
Cn46	NC_026751.1	1399503	485149571	346.66	0	2426	350.39776360338914	0.9893327983462251	-0.015472188907443287
Cn46	NC_026752.1	1398693	466849517	333.78	0	3759	350.39776360338914	0.9525745728725638	-0.07009605561252208
Cn46	NC_026753.1	1186808	410242836	345.67	0	1823	350.39776360338914	0.9865074378478613	-0.01959816658853096
Cn46	NC_026754.1	1059964	366542680	345.81	0	2205	350.39776360338914	0.9869069837769229	-0.019013978156517695
Cn46	NC_026755.1	1561994	534560585	342.23	0	2333	350.39776360338914	0.9766900235909208	-0.03402733452154928
Cn46	NC_026756.1	774062	264577339	341.8	0	2175	350.39776360338914	0.9754628468088032	-0.035841170023789
Cn46	NC_026757.1	756744	262543923	346.94	0	2301	350.39776360338914	0.9901318902043481	-0.014307383159483255
Cn46	NC_026758.1	942867	317887490	337.15	0	991	350.39776360338914	0.9621922141649736	-0.05560296937184978
Cn47	NC_026745.1	2291499	496727314	216.77	0	1409	217.36502358532888	0.9972625605743084	-0.003954705640707651
Cn47	NC_026746.1	1621675	417152052	257.24	0	10557	217.36502358532888	1.1834470687001664	0.2429951809931118
Cn47	NC_026747.1	1575141	338079108	214.63	0	2367	217.36502358532888	0.9874173703744236	-0.018268070091305582
Cn47	NC_026748.1	1084805	227595366	209.8	0	1540	217.36502358532888	0.9651966840821603	-0.0511051356810258
Cn47	NC_026749.1	1814975	392129321	216.05	0	939	217.36502358532888	0.9939501601332257	-0.008754582668559606
Cn47	NC_026750.1	1422463	307109938	215.9	0	961	217.36502358532888	0.993260076708	-0.009756570235788223
Cn47	NC_026751.1	1399503	298687772	213.42	0	1226	217.36502358532888	0.9818506974109372	-0.026424433362649383
Cn47	NC_026752.1	1398693	290291513	207.54	0	4089	217.36502358532888	0.954799427142095	-0.06673039405157169
Cn47	NC_026753.1	1186808	255028758	214.89	0	1060	217.36502358532888	0.9886135149781478	-0.016521465712249984
Cn47	NC_026754.1	1059964	227369872	214.51	0	1364	217.36502358532888	0.9868653036342431	-0.019074908929069476
Cn47	NC_026755.1	1561994	330012318	211.28	0	1612	217.36502358532888	0.9720055072110525	-0.04096360697856292
Cn47	NC_026756.1	774062	164021136	211.9	0	1371	217.36502358532888	0.9748578520353183	-0.036736225886123644
Cn47	NC_026757.1	756744	164910525	217.92	0	2393	217.36502358532888	1.0025532001677042	0.003678794866415227
Cn47	NC_026758.1	942867	197169619	209.12	0	611	217.36502358532888	0.9620683058878043	-0.05578876735022261
Cn48	NC_026745.1	2291499	400775172	174.9	0	1067	177.76346994072847	0.9838916851607182	-0.02342859424424009
Cn48	NC_026746.1	1621675	344566354	212.48	0	9373	177.76346994072847	1.195296199330757	0.25736816829366954
Cn48	NC_026747.1	1575141	275648773	175	0	1170	177.76346994072847	0.9844542304352526	-0.022603961446201654
Cn48	NC_026748.1	1084805	186972098	172.36	0	1003	177.76346994072847	0.9696030351875436	-0.04453387994287251
Cn48	NC_026749.1	1814975	320107341	176.37	0	844	177.76346994072847	0.9921611006963743	-0.01135369977383981
Cn48	NC_026750.1	1422463	250853123	176.35	0	892	177.76346994072847	0.9920485916414673	-0.0115173077396412
Cn48	NC_026751.1	1399503	245350901	175.31	0	1266	177.76346994072847	0.9861981207863093	-0.02005059112038004
Cn48	NC_026752.1	1398693	238920584	170.82	0	1309	177.76346994072847	0.9609398379597134	-0.05748198458983346
Cn48	NC_026753.1	1186808	208215861	175.44	0	1008	177.76346994072847	0.9869294296432041	-0.018981166379661654
Cn48	NC_026754.1	1059964	184420636	173.99	0	812	177.76346994072847	0.9787725231624549	-0.030954493320562534
Cn48	NC_026755.1	1561994	270980223	173.48	0	1014	177.76346994072847	0.9759035422623292	-0.035189535190152214
Cn48	NC_026756.1	774062	134288488	173.49	0	1173	177.76346994072847	0.9759597967897827	-0.03510637554861029
Cn48	NC_026757.1	756744	132953695	175.69	0	1401	177.76346994072847	0.9883357928295401	-0.01692680576583113
Cn48	NC_026758.1	942867	164110770	174.06	0	508	177.76346994072847	0.979166304854629	-0.030374182134101584
Cn49	NC_026745.1	2291499	574522386	250.72	0	1264	257.5908196480762	0.9733266128914718	-0.03900409282985485
Cn49	NC_026746.1	1621675	523833293	323.02	0	17200	257.5908196480762	1.254004317550268	0.32654231536294814
Cn49	NC_026747.1	1575141	394853490	250.68	0	1669	257.5908196480762	0.9731713278543163	-0.0392342795141706
Cn49	NC_026748.1	1084805	273558409	252.17	0	2275	257.5908196480762	0.9789556954883633	-0.030684525503304076
Cn49	NC_026749.1	1814975	460706434	253.84	0	1050	257.5908196480762	0.9854388457896107	-0.02116175138479745
Cn49	NC_026750.1	1422463	363441854	255.5	0	1192	257.5908196480762	0.9918831748315693	-0.011757886590089073
Cn49	NC_026751.1	1399503	357238295	255.26	0	2756	257.5908196480762	0.9909514646086355	-0.01311369689354483
Cn49	NC_026752.1	1398693	345347592	246.91	0	2466	257.5908196480762	0.9585357131023983	-0.061095910092643514
Cn49	NC_026753.1	1186808	296737274	250.03	0	1136	257.5908196480762	0.9706479460005373	-0.04297996984729005
Cn49	NC_026754.1	1059964	265314219	250.3	0	3443	257.5908196480762	0.9716961200013378	-0.04142288672674086
Cn49	NC_026755.1	1561994	389985551	249.67	0	3511	257.5908196480762	0.9692503806661366	-0.045058698302663465
Cn49	NC_026756.1	774062	194907678	251.8	0	4729	257.5908196480762	0.9775193088946738	-0.03280289469605626
Cn49	NC_026757.1	756744	188676562	249.33	0	2704	257.5908196480762	0.9679304578503138	-0.04702469585701405
Cn49	NC_026758.1	942867	237074852	251.44	0	1617	257.5908196480762	0.9761217435602731	-0.03486700050368402
Cn50	NC_026745.1	2291499	512606102	223.7	0	2240	226.7218603398949	0.9866715087139607	-0.01935824488671684
Cn50	NC_026746.1	1621675	450798317	277.98	0	12999	226.7218603398949	1.226083799697393	0.2940575869212297
Cn50	NC_026747.1	1575141	355098332	225.44	0	2753	226.7218603398949	0.9943461105251467	-0.00817998452356139
Cn50	NC_026748.1	1084805	239024977	220.34	0	1605	226.7218603398949	0.971851587975119	-0.041192079040004846
Cn50	NC_026749.1	1814975	409318784	225.52	0	2327	226.7218603398949	0.9946989657808334	-0.007668118262776153
Cn50	NC_026750.1	1422463	316322351	222.38	0	850	226.7218603398949	0.98084939699513	-0.02789645781892537
Cn50	NC_026751.1	1399503	310208772	221.66	0	1154	226.7218603398949	0.9776736996939496	-0.03257505136809975
Cn50	NC_026752.1	1398693	303197859	216.77	0	5136	226.7218603398949	0.9561054221900995	-0.06475839332824998
Cn50	NC_026753.1	1186808	260517820	219.51	0	1332	226.7218603398949	0.9681907146973693	-0.046636836594701754
Cn50	NC_026754.1	1059964	234626263	221.35	0	1652	226.7218603398949	0.9763063855781636	-0.03459412784796992
Cn50	NC_026755.1	1561994	342262000	219.12	0	1834	226.7218603398949	0.9664705453258966	-0.04920233012781981
Cn50	NC_026756.1	774062	171321266	221.33	0	1422	226.7218603398949	0.976218171764242	-0.034724487931268935
Cn50	NC_026757.1	756744	170945904	225.9	0	2629	226.7218603398949	0.9963750282453453	-0.0052392305527511765
Cn50	NC_026758.1	942867	206797674	219.33	0	648	226.7218603398949	0.9673967903720743	-0.047820343667544896
Cn51	NC_026745.1	2291499	533213613	232.69	0	1745	237.9767553060307	0.9777845727023545	-0.03241145192767839
Cn51	NC_026746.1	1621675	476459397	293.81	0	13876	237.9767553060307	1.2346163793273401	0.3040628364521386
Cn51	NC_026747.1	1575141	371994151	236.17	0	2607	237.9767553060307	0.992407849650243	-0.01099494832419825
Cn51	NC_026748.1	1084805	251573315	231.91	0	1424	237.9767553060307	0.9745069416623104	-0.037255632681650046
Cn51	NC_026749.1	1814975	423517295	233.35	0	1087	237.9767553060307	0.9805579528131609	-0.028325195968762734
Cn51	NC_026750.1	1422463	332748265	233.92	0	940	237.9767553060307	0.9829531447270392	-0.024805446867831288
Cn51	NC_026751.1	1399503	326360751	233.2	0	1264	237.9767553060307	0.979927639151614	-0.029252874732409884
Cn51	NC_026752.1	1398693	319282378	228.27	0	4754	237.9767553060307	0.9592113301421052	-0.06007939501419905
Cn51	NC_026753.1	1186808	274638438	231.41	0	1363	237.9767553060307	0.9724058961238208	-0.040369453800844064
Cn51	NC_026754.1	1059964	248814564	234.74	0	1814	237.9767553060307	0.9863988594101625	-0.0197569633585463
Cn51	NC_026755.1	1561994	360541191	230.82	0	2108	237.9767553060307	0.9699266623884029	-0.04405242780249749
Cn51	NC_026756.1	774062	181011209	233.85	0	1439	237.9767553060307	0.9826589983516507	-0.025237234513965284
Cn51	NC_026757.1	756744	178560425	235.96	0	1644	237.9767553060307	0.9915254105240774	-0.012278348991668249
Cn51	NC_026758.1	942867	216949822	230.1	0	666	237.9767553060307	0.9669011568129776	-0.04855967970881667
Cn52	NC_026745.1	2291499	578831269	252.6	0	2200	261.2246640008389	0.9669837301396195	-0.04843647886089441
Cn52	NC_026746.1	1621675	564030813	347.81	0	13394	261.2246640008389	1.3314592683288244	0.4130082946552938
Cn52	NC_026747.1	1575141	397754867	252.52	0	1788	261.2246640008389	0.9666774803438509	-0.048893461772820605
Cn52	NC_026748.1	1084805	274491938	253.03	0	2209	261.2246640008389	0.9686298227918763	-0.045982672650287354
Cn52	NC_026749.1	1814975	460973161	253.98	0	1564	261.2246640008389	0.9722665391166293	-0.040576223496232446
Cn52	NC_026750.1	1422463	361699745	254.28	0	1071	261.2246640008389	0.9734149758507619	-0.03887312444248307
Cn52	NC_026751.1	1399503	355768167	254.21	0	1560	261.2246640008389	0.9731470072794643	-0.03927033443088065
Cn52	NC_026752.1	1398693	346459825	247.7	0	5877	261.2246640008389	0.9482259301487876	-0.07669724940208353
Cn52	NC_026753.1	1186808	300994462	253.62	0	2014	261.2246640008389	0.9708884150356702	-0.04262259978385999
Cn52	NC_026754.1	1059964	269319629	254.08	0	2163	261.2246640008389	0.9726493513613402	-0.040008300392851075
Cn52	NC_026755.1	1561994	394054876	252.28	0	2326	261.2246640008389	0.9657587309565447	-0.05026527966466632
Cn52	NC_026756.1	774062	198414523	256.33	0	2052	261.2246640008389	0.9812626268673343	-0.027288781306126643
Cn52	NC_026757.1	756744	195249833	258.01	0	2261	261.2246640008389	0.9876938725784767	-0.01786413500905478
Cn52	NC_026758.1	942867	236802436	251.15	0	804	261.2246640008389	0.9614329525913121	-0.05674184297661717
Cn53	NC_026745.1	2291499	636550416	277.79	0	5622	273.2730651261675	1.0165290160292493	0.023651396376988435
Cn53	NC_026746.1	1621675	536767840	331	0	14582	273.2730651261675	1.2112426808224972	0.2764879478917578
Cn53	NC_026747.1	1575141	419417632	266.27	0	1902	273.2730651261675	0.9743733795244903	-0.03745337641387465
Cn53	NC_026748.1	1084805	287609009	265.13	0	4001	273.2730651261675	0.9702017279953736	-0.04364334581419027
Cn53	NC_026749.1	1814975	486095364	267.82	0	2103	273.2730651261675	0.9800453618667105	-0.029079568286468214
Cn53	NC_026750.1	1422463	377143008	265.13	0	1532	273.2730651261675	0.9702017279953736	-0.04364334581419027
Cn53	NC_026751.1	1399503	366029923	261.54	0	1479	273.2730651261675	0.9570646850221025	-0.06331165961503096
Cn53	NC_026752.1	1398693	372025074	265.98	0	2248	273.2730651261675	0.9733121699249783	-0.039025500803763824
Cn53	NC_026753.1	1186808	312298125	263.14	0	3844	273.2730651261675	0.9629196345366522	-0.054512699408038816
Cn53	NC_026754.1	1059964	290657784	274.21	0	5470	273.2730651261675	1.0034285664904439	0.004937915715797291
Cn53	NC_026755.1	1561994	418896447	268.18	0	5611	273.2730651261675	0.9813627255074843	-0.02714161943267535
Cn53	NC_026756.1	774062	211375091	273.07	0	2380	273.2730651261675	0.9992569149613272	-0.0010724436080184524
Cn53	NC_026757.1	756744	202321883	267.36	0	1755	273.2730651261675	0.9783620638812774	-0.03155963062899677
Cn53	NC_026758.1	942867	245266619	260.13	0	4931	273.2730651261675	0.9519050107624053	-0.07111047864335149
Cn54	NC_026745.1	2291499	502522635	219.3	0	1566	224.8875482877127	0.9751540344040561	-0.0362979712879499
Cn54	NC_026746.1	1621675	478807240	295.25	0	17387	224.8875482877127	1.3128783796525196	0.3927332763229761
Cn54	NC_026747.1	1575141	343372297	217.99	0	1793	224.8875482877127	0.9693289008652084	-0.04494182848676094
Cn54	NC_026748.1	1084805	237772822	219.18	0	1544	224.8875482877127	0.9746204343852304	-0.03708762376573132
Cn54	NC_026749.1	1814975	400465629	220.65	0	1187	224.8875482877127	0.9811570346158458	-0.027444035985557138
Cn54	NC_026750.1	1422463	312669685	219.81	0	994	224.8875482877127	0.9774218344840655	-0.032946761788312136
Cn54	NC_026751.1	1399503	303810072	217.08	0	1315	224.8875482877127	0.9652824340557797	-0.05097696950650867
Cn54	NC_026752.1	1398693	300814022	215.07	0	7583	224.8875482877127	0.9563446337404484	-0.0643974852688303
Cn54	NC_026753.1	1186808	255405449	215.2	0	1542	224.8875482877127	0.9569227004275096	-0.06352570540491943
Cn54	NC_026754.1	1059964	233802140	220.58	0	1515	224.8875482877127	0.9808457679381974	-0.027901795674197937
Cn54	NC_026755.1	1561994	336982128	215.74	0	1744	224.8875482877127	0.9593239005122256	-0.059910094276516314
Cn54	NC_026756.1	774062	168841532	218.12	0	1677	224.8875482877127	0.9699069675522696	-0.04408172272963251
Cn54	NC_026757.1	756744	169060798	223.41	0	1865	224.8875482877127	0.993429835048838	-0.00951001991545566
Cn54	NC_026758.1	942867	204067629	216.43	0	653	224.8875482877127	0.9623921006204736	-0.055303294063356115
Cn55	NC_026745.1	2291499	644927316	281.44	0	2377	286.4641427886529	0.9824615299501565	-0.025527177731619333
Cn55	NC_026746.1	1621675	579176623	357.15	0	17797	286.4641427886529	1.2467528973198492	0.31817555567527217
Cn55	NC_026747.1	1575141	445206068	282.65	0	2653	286.4641427886529	0.9866854442879892	-0.019337868660801276
Cn55	NC_026748.1	1084805	306573181	282.61	0	2226	286.4641427886529	0.9865458107561602	-0.01954205010555875
Cn55	NC_026749.1	1814975	516794660	284.74	0	1436	286.4641427886529	0.9939812963260644	-0.008709389932302792
Cn55	NC_026750.1	1422463	400022396	281.22	0	1158	286.4641427886529	0.981693545525096	-0.02665536500339971
Cn55	NC_026751.1	1399503	385217802	275.25	0	1412	286.4641427886529	0.9608532408995898	-0.057612001864486756
Cn55	NC_026752.1	1398693	384900179	275.19	0	7353	286.4641427886529	0.960643790601846	-0.05792652007826545
Cn55	NC_026753.1	1186808	323738568	272.78	0	1742	286.4641427886529	0.9522308703091374	-0.070616694600564
Cn55	NC_026754.1	1059964	300731826	283.72	0	2345	286.4641427886529	0.9904206412644201	-0.013886712948772004
Cn55	NC_026755.1	1561994	431458053	276.22	0	2514	286.4641427886529	0.9642393540464477	-0.052536782422417445
Cn55	NC_026756.1	774062	215986805	279.03	0	2457	286.4641427886529	0.9740486096574478	-0.0379343234402921
Cn55	NC_026757.1	756744	216908230	286.63	0	2884	286.4641427886529	1.0005789807049934	8.350508760122323e-4
Cn55	NC_026758.1	942867	260007702	275.76	0	882	286.4641427886529	0.9626335684304119	-0.05494136183631095
Cn56	NC_026745.1	2291499	527254199	230.09	0	1818	232.714613629748	0.9887217498342249	-0.01636352599100136
Cn56	NC_026746.1	1621675	463453890	285.79	0	12906	232.714613629748	1.2280707066153382	0.2963936267884458
Cn56	NC_026747.1	1575141	359811861	228.43	0	1688	232.714613629748	0.9815885493269243	-0.026809675476618153
Cn56	NC_026748.1	1084805	249249489	229.76	0	1707	232.714613629748	0.9873037039502435	-0.018434155305864192
Cn56	NC_026749.1	1814975	419274440	231.01	0	1396	232.714613629748	0.9926750898744157	-0.010606504959145224
Cn56	NC_026750.1	1422463	324484301	228.11	0	1009	232.714613629748	0.9802134745303362	-0.02883211595801569
Cn56	NC_026751.1	1399503	316832005	226.39	0	1364	232.714613629748	0.9728224474986752	-0.03975157609621981
Cn56	NC_026752.1	1398693	315190873	225.35	0	7662	232.714613629748	0.968353454409764	-0.046394359526194286
Cn56	NC_026753.1	1186808	266983492	224.96	0	1548	232.714613629748	0.9666775820014223	-0.04889331005638018
Cn56	NC_026754.1	1059964	243138394	229.38	0	1764	232.714613629748	0.9856708026292951	-0.020822203573110713
Cn56	NC_026755.1	1561994	349057166	223.47	0	2047	232.714613629748	0.9602748899798089	-0.0584806415097624
Cn56	NC_026756.1	774062	174873436	225.92	0	1707	232.714613629748	0.9708028063911864	-0.04274981585773531
Cn56	NC_026757.1	756744	175954190	232.51	0	1828	232.714613629748	0.9991207529834223	-0.0012690432935894439
Cn56	NC_026758.1	942867	210698944	223.47	0	693	232.714613629748	0.9602748899798089	-0.0584806415097624
Cn57	NC_026745.1	2291499	514142808	224.37	0	1661	228.55713273375588	0.9816801484877157	-0.026675053399399386
Cn57	NC_026746.1	1621675	449683029	277.3	0	12509	228.55713273375588	1.213263382696633	0.2788927735936285
Cn57	NC_026747.1	1575141	353411171	224.37	0	1842	228.55713273375588	0.9816801484877157	-0.026675053399399386
Cn57	NC_026748.1	1084805	242026967	223.11	0	1566	228.55713273375588	0.976167303690753	-0.03479966480417783
Cn57	NC_026749.1	1814975	408662396	225.16	0	1401	228.55713273375588	0.9851366146699383	-0.02160428946539542
Cn57	NC_026750.1	1422463	320497456	225.31	0	954	228.55713273375588	0.9857929057171958	-0.020643496231077415
Cn57	NC_026751.1	1399503	314959021	225.05	0	1722	228.55713273375588	0.9846553345686162	-0.022309278060298636
Cn57	NC_026752.1	1398693	309522560	221.29	0	13630	228.55713273375588	0.9682043056506956	-0.0466165849407168
Cn57	NC_026753.1	1186808	264036357	222.48	0	1637	228.55713273375588	0.9734108812922715	-0.03887919298652571
Cn57	NC_026754.1	1059964	238248323	224.77	0	1664	228.55713273375588	0.983430257947069	-0.024105350549838464
Cn57	NC_026755.1	1561994	347646815	222.57	0	1909	228.55713273375588	0.973804655920626	-0.03829569650096234
Cn57	NC_026756.1	774062	173476293	224.11	0	2104	228.55713273375588	0.9805425773391361	-0.02834781808301581
Cn57	NC_026757.1	756744	171914587	227.18	0	1756	228.55713273375588	0.9939746674396721	-0.00871901133408337
Cn57	NC_026758.1	942867	209489123	222.18	0	653	228.55713273375588	0.9720982991977567	-0.040825887440426395
Cn58	NC_026745.1	2291499	532590459	232.42	0	1696	236.21737457237347	0.9839242368210726	-0.023380864049107955
Cn58	NC_026746.1	1621675	465847939	287.26	0	12387	236.21737457237347	1.2160832814268192	0.28224203271838233
Cn58	NC_026747.1	1575141	365946056	232.33	0	1231	236.21737457237347	0.9835432318244549	-0.023939627062784373
Cn58	NC_026748.1	1084805	250837921	231.23	0	1705	236.21737457237347	0.9788865040880157	-0.030786497041374653
Cn58	NC_026749.1	1814975	422743185	232.92	0	1083	236.21737457237347	0.9860409312467266	-0.020280559763868704
Cn58	NC_026750.1	1422463	327411019	230.17	0	849	236.21737457237347	0.9743991119056289	-0.0374152765547846
Cn58	NC_026751.1	1399503	325327016	232.46	0	1187	236.21737457237347	0.984093572375125	-0.023132594380470897
Cn58	NC_026752.1	1398693	319622483	228.52	0	10995	236.21737457237347	0.9674140203009702	-0.04779464861474013
Cn58	NC_026753.1	1186808	272173272	229.33	0	1392	236.21737457237347	0.97084306527053	-0.04268998900008149
Cn58	NC_026754.1	1059964	248124424	234.09	0	1861	236.21737457237347	0.9909939962027574	-0.013051777813384964
Cn58	NC_026755.1	1561994	357785736	229.06	0	1977	236.21737457237347	0.9697000502806767	-0.04438953613718269
Cn58	NC_026756.1	774062	179859917	232.36	0	1580	236.21737457237347	0.9836702334899942	-0.023753348678111588
Cn58	NC_026757.1	756744	178108448	235.36	0	1792	236.21737457237347	0.996370400043919	-0.005245931943858359
Cn58	NC_026758.1	942867	216050138	229.14	0	693	236.21737457237347	0.9700387213887813	-0.04388575785501829
Cn59	NC_026745.1	2291499	527234091	230.08	0	2360	233.75041840925556	0.9842977033614148	-0.02283336651221324
Cn59	NC_026746.1	1621675	460875465	284.2	0	13662	233.75041840925556	1.215826700692429	0.28193760717863164
Cn59	NC_026747.1	1575141	357842027	227.18	0	2066	233.75041840925556	0.9718913084563899	-0.04113311595238193
Cn59	NC_026748.1	1084805	247533952	228.18	0	2043	233.75041840925556	0.9761693756650192	-0.03479660259976375
Cn59	NC_026749.1	1814975	421630489	232.31	0	1468	233.75041840925556	0.9938377932366579	-0.008917689768928424
Cn59	NC_026750.1	1422463	325210929	228.63	0	1200	233.75041840925556	0.9780945059089023	-0.03195422621395642
Cn59	NC_026751.1	1399503	331797478	237.08	0	2207	233.75041840925556	1.0142441738218193	0.020405015216100667
Cn59	NC_026752.1	1398693	314369356	224.76	0	15777	233.75041840925556	0.9615383858115071	-0.05658364198730967
Cn59	NC_026753.1	1186808	264140409	222.56	0	1753	233.75041840925556	0.9521266379525228	-0.07077462240927204
Cn59	NC_026754.1	1059964	245357082	231.48	0	2318	233.75041840925556	0.9902869974534956	-0.014081398181251526
Cn59	NC_026755.1	1561994	351798227	225.22	0	2454	233.75041840925556	0.9635062967274766	-0.05363400000329346
Cn59	NC_026756.1	774062	177796948	229.69	0	2744	233.75041840925556	0.9826292571500493	-0.025280899847987953
Cn59	NC_026757.1	756744	178964658	236.49	0	2206	233.75041840925556	1.0117201141687282	0.016810232968414354
Cn59	NC_026758.1	942867	211273157	224.08	0	815	233.75041840925556	0.9586293001096393	-0.06095505887700472
Cn60	NC_026745.1	2291499	502639208	219.35	0	1750	224.46952799645845	0.9771927706974141	-0.03328490434560819
Cn60	NC_026746.1	1621675	441685642	272.36	0	12386	224.46952799645845	1.213349546510817	0.2789952275993609
Cn60	NC_026747.1	1575141	347798085	220.8	0	2187	224.46952799645845	0.9836524448141739	-0.02377943858666963
Cn60	NC_026748.1	1084805	238345165	219.71	0	1572	224.46952799645845	0.9787965518574372	-0.03091907584331066
Cn60	NC_026749.1	1814975	400503491	220.67	0	1367	224.46952799645845	0.9830733016174987	-0.024629101579564456
Cn60	NC_026750.1	1422463	313992556	220.74	0	1012	224.46952799645845	0.9833851479541701	-0.024171528558070317
Cn60	NC_026751.1	1399503	308947683	220.76	0	1358	224.46952799645845	0.9834742469075046	-0.024040820060505248
Cn60	NC_026752.1	1398693	302834836	216.51	0	8282	224.46952799645845	0.9645407193238984	-0.05208595010533254
Cn60	NC_026753.1	1186808	259377352	218.55	0	1550	224.46952799645845	0.9736288125640294	-0.038556232579169965
Cn60	NC_026754.1	1059964	234941124	221.65	0	1653	224.46952799645845	0.9874391503308951	-0.01823624819957407
Cn60	NC_026755.1	1561994	341766357	218.8	0	1914	224.46952799645845	0.9747425494807122	-0.03690687257228217
Cn60	NC_026756.1	774062	171226027	221.2	0	1710	224.46952799645845	0.9854344238808661	-0.021168225130131862
Cn60	NC_026757.1	756744	170182872	224.89	0	2391	224.46952799645845	1.001873180771103	0.002699900696838086
Cn60	NC_026758.1	942867	206256778	218.75	0	687	224.46952799645845	0.9745198020973755	-0.03723659375778534
Cn61	NC_026745.1	2291499	471418038	205.72	0	1568	209.7176147107279	0.9809381071006268	-0.027765983311266368
Cn61	NC_026746.1	1621675	415383713	256.14	0	11634	209.7176147107279	1.2213566340305004	0.2884845263050712
Cn61	NC_026747.1	1575141	323956758	205.67	0	2474	209.7176147107279	0.9806996912667019	-0.028116671234646323
Cn61	NC_026748.1	1084805	222517450	205.12	0	1504	209.7176147107279	0.978077117093528	-0.03197987504498252
Cn61	NC_026749.1	1814975	372744995	205.37	0	1049	209.7176147107279	0.9792691962631526	-0.030222590800224183
Cn61	NC_026750.1	1422463	293647798	206.44	0	810	209.7176147107279	0.98437129510914545	-0.02272550637967358
Cn61	NC_026751.1	1399503	288645395	206.25	0	1094	209.7176147107279	0.9834653149402308	-0.024053922755820693
Cn61	NC_026752.1	1398693	282258539	201.8	0	6737	209.7176147107279	0.9622463057209144	-0.055521867670003805
Cn61	NC_026753.1	1186808	243087590	204.82	0	1323	209.7176147107279	0.9766466220899785	-0.03409144546763256
Cn61	NC_026754.1	1059964	218953647	206.57	0	1388	209.7176147107279	0.9849911762773502	-0.021817294174112246
Cn61	NC_026755.1	1561994	318434237	203.86	0	1748	209.7176147107279	0.9720690380786204	-0.0408693146399915
Cn61	NC_026756.1	774062	159260708	205.75	0	1357	209.7176147107279	0.9810811566009818	-0.027555611467373065
Cn61	NC_026757.1	756744	158382378	209.29	0	1675	209.7176147107279	0.9979609976428649	-0.00294466169632108
Cn61	NC_026758.1	942867	193124689	204.83	0	645	209.7176147107279	0.9766943052567636	-0.03402100997190804
Cn62	NC_026745.1	2291499	591996642	258.34	0	2000	262.98745854748296	0.9823282122533464	-0.025722961307046627
Cn62	NC_026746.1	1621675	513144484	316.43	0	13089	262.98745854748296	1.2032132701220346	0.26689238355910405
Cn62	NC_026747.1	1575141	406929648	258.34	0	3004	262.98745854748296	0.9823282122533464	-0.025722961307046627
Cn62	NC_026748.1	1084805	279457188	257.61	0	1899	262.98745854748296	0.9795524144870504	-0.029805403724370332
Cn62	NC_026749.1	1814975	468806709	258.3	0	1290	262.98745854748296	0.9821761137456043	-0.025946357876227538
Cn62	NC_026750.1	1422463	369721121	259.92	0	1015	262.98745854748296	0.9883361033091655	-0.016926352552106776
Cn62	NC_026751.1	1399503	362278146	258.86	0	1463	262.98745854748296	0.9843054928539958	-0.022821949419790134
Cn62	NC_026752.1	1398693	354689638	253.59	0	10181	262.98745854748296	0.9642665144589538	-0.05249614558218412
Cn62	NC_026753.1	1186808	304470385	256.55	0	1548	262.98745854748296	0.9755218040318807	-0.03575397580281172
Cn62	NC_026754.1	1059964	275707644	260.11	0	1874	262.98745854748296	0.9890585712209413	-0.01587213618010497
Cn62	NC_026755.1	1561994	400004354	256.09	0	2289	262.98745854748296	0.9737726711928446	-0.038343082766468924
Cn62	NC_026756.1	774062	200274532	258.73	0	1713	262.98745854748296	0.9838111727038336	-0.0235466556902332
Cn62	NC_026757.1	756744	198854635	262.78	0	2206	262.98745854748296	0.9992111466127366	-0.0011385239931118985
Cn62	NC_026758.1	942867	241811710	256.46	0	753	262.98745854748296	0.9751795823894605	-0.03626017472685669
Cn63	NC_026745.1	2291499	506842101	221.18	0	2305	224.54995070983605	0.984992422847642	-0.021815468351015187
Cn63	NC_026746.1	1621675	444685050	274.21	0	12882	224.54995070983605	1.2211536859980645	0.2882447794198881
Cn63	NC_026747.1	1575141	345478673	219.33	0	2500	224.54995070983605	0.9767537214177291	-0.03393324782044098
Cn63	NC_026748.1	1084805	240784079	221.96	0	2089	224.54995070983605	0.9884660375045783	-0.01673669733496233
Cn63	NC_026749.1	1814975	405324974	223.32	0	1501	224.54995070983605	0.9945225963935953	-0.007923944205786354
Cn63	NC_026750.1	1422463	314164722	220.86	0	1167	224.54995070983605	0.9835673501678733	-0.023904249880876565
Cn63	NC_026751.1	1399503	302093179	215.86	0	1996	224.54995070983605	0.9613005895464871	-0.05694047633322396
Cn63	NC_026752.1	1398693	304938970	218.02	0	13905	224.54995070983605	0.9709198301349259	-0.04257591916230859
Cn63	NC_026753.1	1186808	251404847	211.83	0	1617	224.54995070983605	0.9433535804856498	-0.08412948283774549
Cn63	NC_026754.1	1059964	236640805	223.25	0	2382	224.54995070983605	0.9942108617448959	-0.008376230090146423
Cn63	NC_026755.1	1561994	339221662	217.17	0	2293	224.54995070983605	0.9671344808292902	-0.04821158332803033
Cn63	NC_026756.1	774062	170758633	220.6	0	2666	224.54995070983605	0.9824094786155612	-0.02560361450734912
Cn63	NC_026757.1	756744	175341282	231.7	0	2954	224.54995070983605	1.0318416871950387	0.045221638766090144
Cn63	NC_026758.1	942867	204337480	216.72	0	827	224.54995070983605	0.9651304723733655	-0.051204106784079606
Cn64	NC_026745.1	2291499	561373712	244.98	0	4649	242.93313815596505	1.0084256180921716	0.012104674067791001
Cn64	NC_026746.1	1621675	501783576	309.42	0	16043	242.93313815596505	1.2736837894933455	0.3490071520418576
Cn64	NC_026747.1	1575141	371959300	236.14	0	1441	242.93313815596505	0.9720370048831962	-0.04091685745007003
Cn64	NC_026748.1	1084805	251178759	231.54	0	2829	242.93313815596505	0.9531017536658561	-0.06929784961610527
Cn64	NC_026749.1	1814975	431284662	237.63	0	1840	242.93313815596505	0.9781703797340303	-0.03184231622456425
Cn64	NC_026750.1	1422463	334434055	235.11	0	1209	242.93313815596505	0.9677971551540963	-0.047223396477682214
Cn64	NC_026751.1	1399503	325644917	232.69	0	2459	242.93313815596505	0.9578355664701912	-0.06215008798592569
Cn64	NC_026752.1	1398693	328402346	234.79	0	1391	242.93313815596505	0.966479920286803	-0.04918833576029839
Cn64	NC_026753.1	1186808	277018998	233.42	0	3460	242.93313815596505	0.9608405085112038	-0.057631119326453824
Cn64	NC_026754.1	1059964	254046452	239.67	0	4174	242.93313815596505	0.9865677520130246	-0.019509964225589427
Cn64	NC_026755.1	1561994	371470936	237.82	0	4090	242.93313815596505	0.9789524879364857	-0.030689252506568388
Cn64	NC_026756.1	774062	184878945	238.84	0	3557	242.93313815596505	0.983151174075983	-0.024514825502621462
Cn64	NC_026757.1	756744	178501888	235.88	0	1187	242.93313815596505	0.9709667515535205	-0.04250620005660029
Cn64	NC_026758.1	942867	217318253	230.49	0	3319	242.93313815596505	0.9487795767575503	-0.07585513983873494
Cn65	NC_026745.1	2291499	543690614	237.26	0	1860	240.4067969661842	0.9869105324562565	-0.019008790582657187
Cn65	NC_026746.1	1621675	465964645	287.34	0	11726	240.4067969661842	1.1952241102418475	0.25728115579627564
Cn65	NC_026747.1	1575141	381744472	242.36	0	3139	240.4067969661842	1.008124574922441	0.011673925066060544
Cn65	NC_026748.1	1084805	245199778	226.03	0	1694	240.4067969661842	0.9401980428689525	-0.08896341748929665
Cn65	NC_026749.1	1814975	429288254	236.53	0	1033	240.4067969661842	0.9838740126522733	-0.023454507939475924
Cn65	NC_026750.1	1422463	338786649	238.17	0	996	240.4067969661842	0.9906957831708109	-0.013485983479724267
Cn65	NC_026751.1	1399503	332050522	237.26	0	1668	240.4067969661842	0.9869105324562565	-0.019008790582657187
Cn65	NC_026752.1	1398693	326603923	233.51	0	13087	240.4067969661842	0.9713119718193561	-0.04199335134463459
Cn65	NC_026753.1	1186808	276525122	233	0	1505	240.4067969661842	0.9691905675727378	-0.04514773073187664
Cn65	NC_026754.1	1059964	251158189	236.95	0	1932	240.4067969661842	0.985621051443606	-0.020895024640918504
Cn65	NC_026755.1	1561994	365258909	233.84	0	1950	240.4067969661842	0.9726846451554034	-0.03995595135482893
Cn65	NC_026756.1	774062	182469125	235.73	0	2092	240.4067969661842	0.9805463197164012	-0.028342311847036828
Cn65	NC_026757.1	756744	181334227	239.62	0	1830	240.4067969661842	0.9967272266170791	-0.004729357214984636
Cn65	NC_026758.1	942867	221496771	234.92	0	692	240.4067969661842	0.9771770306188307	-0.03330814266345436
Cn66	NC_026745.1	2291499	480133231	209.53	0	1528	211.90833675776855	0.9887765776743026	-0.016283526072010085
Cn66	NC_026746.1	1621675	404151004	249.22	0	9508	211.90833675776855	1.176074541535769	0.23397950345307744
Cn66	NC_026747.1	1575141	331424010	210.41	0	1654	211.90833675776855	0.9929293166059753	-0.010237074224916803
Cn66	NC_026748.1	1084805	225798077	208.15	0	1497	211.90833675776855	0.9822643279859976	-0.025816787903493163
Cn66	NC_026749.1	1814975	384600251	211.9	0	1370	211.90833675776855	0.9999606586607394	-5.675867154166109e-5
Cn66	NC_026750.1	1422463	296648419	208.55	0	830	211.90833675776855	0.9841519365913034	-0.02304703415448577
Cn66	NC_026751.1	1399503	291995145	208.64	0	1916	211.90833675776855	0.9845766485274972	-0.02242457169999625
Cn66	NC_026752.1	1398693	288202782	206.05	0	14815	211.90833675776855	0.9723543828081422	-0.04044588276321199
Cn66	NC_026753.1	1186808	243551883	205.22	0	1200	211.90833675776855	0.9684375949521328	-0.04626900873698079
Cn66	NC_026754.1	1059964	222438922	209.86	0	1959	211.90833675776855	0.9903338547736799	-0.014013135925610019
Cn66	NC_026755.1	1561994	319479706	204.53	0	1988	211.90833675776855	0.9651814701079803	-0.05112787643268066
Cn66	NC_026756.1	774062	161099964	208.12	0	2461	211.90833675776855	0.9821227573405997	-0.026024733954381218
Cn66	NC_026757.1	756744	160280221	211.8	0	1669	211.90833675776855	0.9994887565094129	-7.377570513748646e-4
Cn66	NC_026758.1	942867	193397673	205.12	0	698	211.90833675776855	0.9679656928008064	-0.04697217931233262
Cn67	NC_026745.1	2291499	557767379	243.41	0	1145	248.32791534129157	0.9801958819871999	-0.028858009197767664
Cn67	NC_026746.1	1621675	539383375	332.61	0	21164	248.32791534129157	1.3393983497299313	0.4215850956220824
Cn67	NC_026747.1	1575141	378334135	240.19	0	819	248.32791534129157	0.9672291561337066	-0.04807036107831957
Cn67	NC_026748.1	1084805	259926037	239.61	0	1106	248.32791534129157	0.96489353470668	-0.051558329112081885
Cn67	NC_026749.1	1814975	435515535	239.96	0	885	248.32791534129157	0.9663029614298858	-0.04945251200941993
Cn67	NC_026750.1	1422463	340177938	239.15	0	943	248.32791534129157	0.9630411452990381	-0.05433065730585614
Cn67	NC_026751.1	1399503	338050569	241.55	0	1039	248.32791534129157	0.9727057856867349	-0.03992459586008464
Cn67	NC_026752.1	1398693	334011607	238.8	0	502	248.32791534129157	0.9616317185758323	-0.056443612027356586
Cn67	NC_026753.1	1186808	287220434	242.01	0	1027	248.32791534129157	0.9745581750943767	-0.03717978686433869
Cn67	NC_026754.1	1059964	257082581	242.54	0	1032	248.32791534129157	0.9766924498466598	-0.034023750638546166
Cn67	NC_026755.1	1561994	374331372	239.65	0	852	248.32791534129157	0.9650546120464749	-0.051317508673198925
Cn67	NC_026756.1	774062	184999988	239	0	1250	248.32791534129157	0.962437105274807	-0.055235830424050794
Cn67	NC_026757.1	756744	181716540	240.13	0	1655	248.32791534129157	0.9669875401240142	-0.04843079455143574
Cn67	NC_026758.1	942867	222693086	236.19	0	549	248.32791534129157	0.951121422154212	-0.07229856457161073
Cn68	NC_026745.1	2291499	460875958	201.12	0	1183	204.26793194056089	0.9845892014930817	-0.022406178022087053
Cn68	NC_026746.1	1621675	448221205	276.39	0	19610	204.26793194056089	1.3530758223979358	0.43624268597559207
Cn68	NC_026747.1	1575141	309256092	196.34	0	774	204.26793194056089	0.9611885631521065	-0.057108612443201576
Cn68	NC_026748.1	1084805	215082652	198.27	0	1190	204.26793194056089	0.9706369380471028	-0.04299633129939931
Cn68	NC_026749.1	1814975	362512425	199.73	0	1019	204.26793194056089	0.9777844133562709	-0.0324116870385912
Cn68	NC_026750.1	1422463	277257453	194.91	0	1057	204.26793194056089	0.9541879537739486	-0.06765462187502376
Cn68	NC_026751.1	1399503	273271334	195.26	0	1521	204.26793194056089	0.9559013896357355	-0.06506629678723105
Cn68	NC_026752.1	1398693	273915351	195.84	0	566	204.26793194056089	0.9587407976352681	-0.060787269749943085
Cn68	NC_026753.1	1186808	230904388	194.56	0	1159	204.26793194056089	0.9524745179121618	-0.07024759899900938
Cn68	NC_026754.1	1059964	213426627	201.35	0	865	204.26793194056089	0.9857151736308274	-0.020757260609478394
Cn68	NC_026755.1	1561994	306960768	196.52	0	934	204.26793194056089	0.9620697587381684	-0.05578658869157659
Cn68	NC_026756.1	774062	151918917	196.26	0	2033	204.26793194056089	0.9607969206694124	-0.05769656763866038
Cn68	NC_026757.1	756744	153092473	202.3	0	1745	204.26793194056089	0.9903659281128204	-0.01396641299694946
Cn68	NC_026758.1	942867	182169283	193.21	0	572	204.26793194056089	0.9458655510166981	-0.08029296699557992
Cn69	NC_026745.1	2291499	397028296	173.26	0	855	175.40948530884205	0.9877459003710234	-0.01778814156259224
Cn69	NC_026746.1	1621675	386123449	238.1	0	16373	175.40948530884205	1.357395237667902	0.44084085664528594
Cn69	NC_026747.1	1575141	267278114	169.69	0	594	175.40948530884205	0.9673935232249739	-0.04782521602697992
Cn69	NC_026748.1	1084805	184412710	170	0	837	175.40948530884205	0.9691608164785523	-0.04519201759998416
Cn69	NC_026749.1	1814975	311209646	171.47	0	791	175.40948530884205	0.9775412070681022	-0.032770576119773694
Cn69	NC_026750.1	1422463	238809861	167.88	0	700	175.40948530884205	0.9570748110024668	-0.06329639562650116
Cn69	NC_026751.1	1399503	235485644	168.26	0	2011	175.40948530884205	0.9592411704745953	-0.060034514570516895
Cn69	NC_026752.1	1398693	237394509	169.73	0	399	175.40948530884205	0.9676215610641452	-0.04748517830437846
Cn69	NC_026753.1	1186808	197820879	166.68	0	890	175.40948530884205	0.9502336758273242	-0.07364575880986177
Cn69	NC_026754.1	1059964	181655024	171.38	0	683	175.40948530884205	0.9770281219299665	-0.03352800681344418
Cn69	NC_026755.1	1561994	263029421	168.39	0	609	175.40948530884205	0.9599822934519024	-0.05892029882931431
Cn69	NC_026756.1	774062	128438617	165.93	0	2476	175.40948530884205	0.94595796634286	-0.08015201607532914
Cn69	NC_026757.1	756744	129496108	171.12	0	1279	175.40948530884205	0.9755458759753523	-0.0357183763473663
Cn69	NC_026758.1	942867	155512163	164.94	0	480	175.40948530884205	0.9403140298233672	-0.08878545127830119
Cn70	NC_026745.1	2291499	508544173	221.93	0	1056	224.84597785857144	0.9870312207212103	-0.018832375689685755
Cn70	NC_026746.1	1621675	497120227	306.55	0	20596	224.84597785857144	1.3633777349258192	0.4471853279574891
Cn70	NC_026747.1	1575141	342672531	217.55	0	714	224.84597785857144	0.9675512191587406	-0.047590059810749014
Cn70	NC_026748.1	1084805	236495950	218.01	0	1093	224.84597785857144	0.969597064071694	-0.0445427645332025
Cn70	NC_026749.1	1814975	398508066	219.57	0	960	224.84597785857144	0.9765351468199709	-0.034256125296162995
Cn70	NC_026750.1	1422463	304979688	214.4	0	835	224.84597785857144	0.9535416289939508	-0.06863217089350604
Cn70	NC_026751.1	1399503	302431560	216.1	0	2307	224.84597785857144	0.9611023601939961	-0.057238004491771216
Cn70	NC_026752.1	1398693	304785150	217.91	0	544	224.84597785857144	0.9691523151775737	-0.04520467271185719
Cn70	NC_026753.1	1186808	254474706	214.42	0	1108	224.84597785857144	0.9536305787727748	-0.06849759740887992
Cn70	NC_026754.1	1059964	231397565	218.31	0	926	224.84597785857144	0.970931310754055	-0.04255886014894203
Cn70	NC_026755.1	1561994	336901998	215.69	0	745	224.84597785857144	0.9592788897281028	-0.05997778607325788
Cn70	NC_026756.1	774062	164954370	213.1	0	2719	224.84597785857144	0.9477598933703867	-0.07740648356857507
Cn70	NC_026757.1	756744	165112896	218.19	0	1610	224.84597785857144	0.9703976120811106	-0.043352094555668755
Cn70	NC_026758.1	942867	199229883	211.3	0	605	224.84597785857144	0.9397544132762211	-0.08964430941633784
Cn71	NC_026745.1	2291499	576117294	251.42	0	1867	256.9563354733605	0.978454177970893	-0.03142380536595963
Cn71	NC_026746.1	1621675	499046059	307.73	0	13088	256.9563354733605	1.1975964688051186	0.26014187263049837
Cn71	NC_026747.1	1575141	415506948	263.79	0	6706	256.9563354733605	1.0265946527998644	0.0378666511479611
Cn71	NC_026748.1	1084805	272075119	250.81	0	1810	256.9563354733605	0.9760802337796504	-0.034928352715552495
Cn71	NC_026749.1	1814975	456823418	251.7	0	1213	256.9563354733605	0.9795438572717913	-0.02981800693555118
Cn71	NC_026750.1	1422463	358672917	252.15	0	1022	256.9563354733605	0.9812951275768065	-0.02724099813920691
Cn71	NC_026751.1	1399503	352823330	252.11	0	1300	256.9563354733605	0.9811394591052496	-0.027469879278922922
Cn71	NC_026752.1	1398693	343084813	245.29	0	4583	256.9563354733605	0.9545979847047982	-0.06703480423311668
Cn71	NC_026753.1	1186808	296270956	249.64	0	1608	256.9563354733605	0.9715269309866109	-0.04167410662968714
Cn71	NC_026754.1	1059964	269845879	254.58	0	1738	256.9563354733605	0.9907519872238881	-0.013404138972000471
Cn71	NC_026755.1	1561994	389402905	249.3	0	1973	256.9563354733605	0.9702037489783775	-0.04364034060502965
Cn71	NC_026756.1	774062	195831274	252.99	0	1703	256.9563354733605	0.9845641654795014	-0.022442863161237368
Cn71	NC_026757.1	756744	194389252	256.88	0	2448	256.9563354733605	0.9997029243384098	-4.286532581231214e-4
Cn71	NC_026758.1	942867	234321562	248.52	0	788	256.9563354733605	0.9671682137830179	-0.04816126404222473
Cn72	NC_026745.1	2291499	555252348	242.31	0	1628	228.3123430055476	1.061309243338247	0.08584508869915056
Cn72	NC_026746.1	1621675	437281145	269.65	0	10818	228.3123430055476	1.1810574778843557	0.2400791773014565
Cn72	NC_026747.1	1575141	348144497	221.02	0	1279	228.3123430055476	0.9680597951492688	-0.0468319322004897
Cn72	NC_026748.1	1084805	239975592	221.22	0	1656	228.3123430055476	0.9689357880866946	-0.04552703428149177
Cn72	NC_026749.1	1814975	404535265	222.89	0	1132	228.3123430055476	0.9762503291142001	-0.03467696527029284
Cn72	NC_026750.1	1422463	318038200	223.58	0	876	228.3123430055476	0.9792725047483193	-0.030217716627628906
Cn72	NC_026751.1	1399503	313179624	223.78	0	1414	228.3123430055476	0.9801484976857451	-0.028927753164641003
Cn72	NC_026752.1	1398693	303123780	216.72	0	4386	228.3123430055476	0.9492259469946137	-0.07517655789445138
Cn72	NC_026753.1	1186808	261898988	220.68	0	1407	228.3123430055476	0.9665706071556449	-0.04905297096337183
Cn72	NC_026754.1	1059964	237495418	224.06	0	1996	228.3123430055476	0.9813748877981412	-0.02712373983807455
Cn72	NC_026755.1	1561994	344937027	220.83	0	2061	228.3123430055476	0.9672276018587143	-0.048072679398245236
Cn72	NC_026756.1	774062	172969732	223.46	0	1655	228.3123430055476	0.9787469089858638	-0.030992248701111644
Cn72	NC_026757.1	756744	169489782	223.97	0	1897	228.3123430055476	0.9809806909762996	-0.027703355289836692
Cn72	NC_026758.1	942867	206771138	219.3	0	632	228.3123430055476	0.9605262558874068	-0.05810304453550979
Cn73	NC_026745.1	2291499	498656291	217.61	0	1181	222.30153532389406	0.9788956233835342	-0.030773056973415685
Cn73	NC_026746.1	1621675	482563218	297.57	0	18741	222.30153532389406	1.3385872462213972	0.4207111737854893
Cn73	NC_026747.1	1575141	338995677	215.22	0	679	222.30153532389406	0.968144460569846	-0.04670576123260894
Cn73	NC_026748.1	1084805	232370852	214.21	0	1029	222.30153532389406	0.9636010821423043	-0.0534920811361558
Cn73	NC_026749.1	1814975	389623852	214.67	0	819	222.30153532389406	0.965670343604353	-0.050397322820123464
Cn73	NC_026750.1	1422463	303995750	213.71	0	853	222.30153532389406	0.961351884900947	-0.056863495646905404
Cn73	NC_026751.1	1399503	302869637	216.41	0	980	222.30153532389406	0.9734975500042765	-0.03875074675959227
Cn73	NC_026752.1	1398693	299421560	214.07	0	454	222.30153532389406	0.9629713069147242	-0.05443528330725259
Cn73	NC_026753.1	1186808	256415183	216.05	0	936	222.30153532389406	0.9718781279904993	-0.04115268143419343
Cn73	NC_026754.1	1059964	229566804	216.58	0	951	222.30153532389406	0.9742622770663381	-0.03761788840464974
Cn73	NC_026755.1	1561994	336373882	215.35	0	743	222.30153532389406	0.968729251852599	-0.04583458878206882
Cn73	NC_026756.1	774062	166218098	214.73	0	1164	222.30153532389406	0.9659402472733158	-0.04999414767798707
Cn73	NC_026757.1	756744	162955438	215.34	0	1475	222.30153532389406	0.9686842679077718	-0.045901583374055956
Cn73	NC_026758.1	942867	199514966	211.6	0	509	222.30153532389406	0.951860272542419	-0.0711782849099016
Cn74	NC_026745.1	2291499	525677364	229.4	0	1163	233.95389830594607	0.9805350612282132	-0.028358876753760906
Cn74	NC_026746.1	1621675	509340996	314.08	0	19826	233.95389830594607	1.3424867132979825	0.42490780980922277
Cn74	NC_026747.1	1575141	356427527	226.28	0	722	233.95389830594607	0.9671991005000876	-0.04811519201317356
Cn74	NC_026748.1	1084805	244079540	225	0	1142	233.95389830594607	0.9617279371244463	-0.05629926666518649
Cn74	NC_026749.1	1814975	410571077	226.21	0	946	233.95389830594607	0.9668998962529822	-0.048561560567916634
Cn74	NC_026750.1	1422463	319478139	224.6	0	847	233.95389830594607	0.9600181985695584	-0.058866340368984686
Cn74	NC_026751.1	1399503	317884099	227.14	0	1034	233.95389830594607	0.9708750383930965	-0.04264247698967626
Cn74	NC_026752.1	1398693	314642186	224.95	0	493	233.95389830594607	0.9615142198050852	-0.0566199011905399
Cn74	NC_026753.1	1186808	270371800	227.81	0	1108	233.95389830594607	0.9737388504725338	-0.038393190799139075
Cn74	NC_026754.1	1059964	242719911	228.99	0	991	233.95389830594607	0.9787825792094532	-0.030939670944305556
Cn74	NC_026755.1	1561994	352738089	225.83	0	839	233.95389830594607	0.9652756446258387	-0.05098711691104893
Cn74	NC_026756.1	774062	174381373	225.28	0	1388	233.95389830594607	0.9629247541128678	-0.05450502901965095
Cn74	NC_026757.1	756744	171072155	226.06	0	1677	233.95389830594607	0.9662587442948992	-0.049518529918384624
Cn74	NC_026758.1	942867	210283990	223.03	0	578	233.95389830594607	0.9533074747416234	-0.06898648648111284
Cn75	NC_026745.1	2291499	608611987	265.6	0	1240	268.38517742103426	0.9896224618371344	-0.015049848803799748
Cn75	NC_026746.1	1621675	576942059	355.77	0	21678	268.38517742103426	1.3255948164450198	0.4066398662238389
Cn75	NC_026747.1	1575141	410191842	260.42	0	880	268.38517742103426	0.9703218430407625	-0.04346474516936791
Cn75	NC_026748.1	1084805	278087721	256.35	0	1182	268.38517742103426	0.9551570711293276	-0.066190097753429
Cn75	NC_026749.1	1814975	474922217	261.67	0	1102	268.38517742103426	0.9749793282715473	-0.03655646404181143
Cn75	NC_026750.1	1422463	367458038	258.33	0	1048	268.38517742103426	0.9625345277348905	-0.05508980136290157
Cn75	NC_026751.1	1399503	365738979	261.33	0	1428	268.38517742103426	0.9737124922887738	-0.03843224370912951
Cn75	NC_026752.1	1398693	361147792	258.2	0	609	268.38517742103426	0.9620501492708888	-0.055815994843534035
Cn75	NC_026753.1	1186808	310002068	261.21	0	1197	268.38517742103426	0.9732653737066184	-0.039094866313906546
Cn75	NC_026754.1	1059964	277854537	262.14	0	1147	268.38517742103426	0.9767305427183222	-0.03396748387271345
Cn75	NC_026755.1	1561994	404122913	258.72	0	890	268.38517742103426	0.9639876631268954	-0.05291341156442515
Cn75	NC_026756.1	774062	199013152	257.1	0	2139	268.38517742103426	0.9579515622677984	-0.061975385317068477
Cn75	NC_026757.1	756744	196091187	259.12	0	1969	268.38517742103426	0.9654780584007464	-0.050684622242900386
Cn75	NC_026758.1	942867	239931693	254.47	0	575	268.38517742103426	0.9481522133422273	-0.07680941149557036
Cn76	NC_026745.1	2291499	544974993	237.82	0	1505	235.51949805393446	1.0097677770421314	0.014023545025664937
Cn76	NC_026746.1	1621675	500962775	308.92	0	22403	235.51949805393446	1.311653610646099	0.3913867746940417
Cn76	NC_026747.1	1575141	359094857	227.98	0	849	235.51949805393446	0.9679877966952533	-0.046939235154244856
Cn76	NC_026748.1	1084805	243788204	224.73	0	1505	235.51949805393446	0.9541885145684896	-0.06765377397575785
Cn76	NC_026749.1	1814975	425956926	234.69	0	1380	235.51949805393446	0.9964780068708176	-0.00509013099568327
Cn76	NC_026750.1	1422463	321269417	225.85	0	1254	235.51949805393446	0.9589439594860204	-0.060481588021404235
Cn76	NC_026751.1	1399503	319759352	228.48	0	2028	235.51949805393446	0.9701107631762937	-0.043778617317182876
Cn76	NC_026752.1	1398693	315924732	225.87	0	736	235.51949805393446	0.9590288781452622	-0.0603538367558562
Cn76	NC_026753.1	1186808	268560949	226.29	0	1477	235.51949805393446	0.9608121699893362	-0.057673670038583015
Cn76	NC_026754.1	1059964	246852295	232.89	0	1041	235.51949805393446	0.9888353275390714	-0.016197808405812388
Cn76	NC_026755.1	1561994	350234243	224.22	0	1124	235.51949805393446	0.9520230887578283	-0.07093153224438176
Cn76	NC_026756.1	774062	174117298	224.94	0	2838	235.51949805393446	0.9550801604905267	-0.06630627033703582
Cn76	NC_026757.1	756744	173015465	228.63	0	1924	235.51949805393446	0.970747653120606	-0.042831780608727846
Cn76	NC_026758.1	942867	204732787	217.14	0	603	235.51949805393446	0.9219618833862939	-0.11722098825258759
Cn77	NC_026745.1	2291499	654528295	285.63	0	1936	290.85154743800456	0.9820473795515303	-0.02613546485339495
Cn77	NC_026746.1	1621675	591655009	364.84	0	17833	290.85154743800456	1.2543856246037892	0.32698093121781474
Cn77	NC_026747.1	1575141	443649303	281.66	0	3920	290.85154743800456	0.9683978045880477	-0.04632828621710368
Cn77	NC_026748.1	1084805	305295102	281.43	0	1424	290.85154743800456	0.9676070231669894	-0.047506854040570964
Cn77	NC_026749.1	1814975	519430861	286.19	0	2880	290.85154743800456	0.9839727604028025	-0.023309717306325327
Cn77	NC_026750.1	1422463	407138692	286.22	0	1635	290.85154743800456	0.9840759058055493	-0.023158494052831036
Cn77	NC_026751.1	1399503	400623541	286.26	0	1869	290.85154743800456	0.9842134330092115	-0.022956887702462674
Cn77	NC_026752.1	1398693	393010931	280.98	0	3174	290.85154743800456	0.9660598421257887	-0.049815535987702504
Cn77	NC_026753.1	1186808	331471907	279.3	0	2250	290.85154743800456	0.9602836995719722	-0.05846740624061153
Cn77	NC_026754.1	1059964	302997889	285.86	0	1491	290.85154743800456	0.9828381609725886	-0.02497422011658554
Cn77	NC_026755.1	1561994	435172924	278.6	0	3685	290.85154743800456	0.9578769735078821	-0.062087721919308385
Cn77	NC_026756.1	774062	224859057	290.49	0	2332	290.85154743800456	0.9987569347964992	-0.0017944795633586012
Cn77	NC_026757.1	756744	220135259	290.9	0	3643	290.85154743800456	1.0001665886340376	2.4031657974488862e-4
Cn77	NC_026758.1	942867	264563947	280.6	0	4117	290.85154743800456	0.9647533336909969	-0.05176797090066212
Cn78	NC_026745.1	2291499	494309595	215.71	0	1617	218.66395907341584	0.9864908735489233	-0.019622390868700112
Cn78	NC_026746.1	1621675	423498933	261.15	0	10648	218.66395907341584	1.1942983247290404	0.25616325356147324
Cn78	NC_026747.1	1575141	338454931	214.87	0	1570	218.66395907341584	0.9826493625676007	-0.025251381401182126
Cn78	NC_026748.1	1084805	232929370	214.72	0	1544	218.66395907341584	0.9819633784637931	-0.026258873497962767
Cn78	NC_026749.1	1814975	392650878	216.34	0	2274	218.66395907341584	0.9893720067849152	-0.01541501431533645
Cn78	NC_026750.1	1422463	306239726	215.29	0	1383	218.66395907341584	0.984570118058262	-0.022434140794326995
Cn78	NC_026751.1	1399503	301607086	215.51	0	2056	218.66395907341584	0.9855762280771798	-0.02096063598194662
Cn78	NC_026752.1	1398693	296505463	211.99	0	9258	218.66395907341584	0.9694784677744948	-0.04471923861813675
Cn78	NC_026753.1	1186808	254021385	214.04	0	1819	218.66395907341584	0.9788535838598652	-0.030835016096783997
Cn78	NC_026754.1	1059964	227696295	214.82	0	1710	218.66395907341584	0.9824207011996648	-0.02558713393147152
Cn78	NC_026755.1	1561994	332258428	212.71	0	2579	218.66395907341584	0.9727711914727712	-0.039827590750999925
Cn78	NC_026756.1	774062	165852646	214.26	0	1614	218.66395907341584	0.979859693878783	-0.029352910390924674
Cn78	NC_026757.1	756744	165484508	218.68	0	1715	218.66395907341584	1.0000733588043138	1.058305014370075e-4
Cn78	NC_026758.1	942867	199313809	211.39	0	618	218.66395907341584	0.9667345313592642	-0.04880831984079562
Cn79	NC_026745.1	2291499	477405068	208.34	0	2228	205.12541833647035	1.0156712985138523	0.02243357855601016
Cn79	NC_026746.1	1621675	403977915	249.11	0	11326	205.12541833647035	1.214427748741412	0.28027666071636365
Cn79	NC_026747.1	1575141	317482296	201.56	0	1340	205.12541833647035	0.9826183494693869	-0.025296914579919453
Cn79	NC_026748.1	1084805	220529511	203.29	0	1458	205.12541833647035	0.9910522140485793	-0.01296702641147688
Cn79	NC_026749.1	1814975	370822479	204.31	0	1106	205.12541833647035	0.9960247816039415	-0.005746457159929526
Cn79	NC_026750.1	1422463	282304080	198.46	0	1122	205.12541833647035	0.9675056441540709	-0.047658017331258365
Cn79	NC_026751.1	1399503	277721370	198.44	0	1840	205.12541833647035	0.9674081428294559	-0.04780341365699399
Cn79	NC_026752.1	1398693	279550380	199.87	0	1363	205.12541833647035	0.9743794875394243	-0.03744433267825908
Cn79	NC_026753.1	1186808	228636536	192.65	0	1212	205.12541833647035	0.9391815093534301	-0.0905240900027598
Cn79	NC_026754.1	1059964	214030233	201.92	0	2248	205.12541833647035	0.9843733733124558	-0.022722460567123213
Cn79	NC_026755.1	1561994	308977446	197.81	0	1495	205.12541833647035	0.9643368511040853	-0.05239091468714285
Cn79	NC_026756.1	774062	154188522	199.19	0	2233	205.12541833647035	0.9710644425025162	-0.04236105486201631
Cn79	NC_026757.1	756744	155120692	204.98	0	998	205.12541833647035	0.9992910759785419	-0.0010231238715340835
Cn79	NC_026758.1	942867	184317339	195.49	0	680	205.12541833647035	0.953026697448752	-0.06941146549775969
Cn80	NC_026745.1	2291499	566013046	247.01	0	1793	265.03087687474266	0.932004613623719	-0.1015909983387237
Cn80	NC_026746.1	1621675	540287520	333.17	0	20794	265.03087687474266	1.2570988102547043	0.33009805267157816
Cn80	NC_026747.1	1575141	392147144	248.96	0	2128	265.03087687474266	0.9393622469040165	-0.09024648223571224
Cn80	NC_026748.1	1084805	268687176	247.68	0	1655	265.03087687474266	0.9345326209559238	-0.09768307107749392
Cn80	NC_026749.1	1814975	438686144	241.7	0	3500	265.03087687474266	0.9119692122296785	-0.13294297456895932
Cn80	NC_026750.1	1422463	357707525	251.47	0	973	265.03087687474266	0.9488328415366043	-0.07577414876608535
Cn80	NC_026751.1	1399503	347365397	248.21	0	2799	265.03087687474266	0.936532387950056	-0.09459920706403549
Cn80	NC_026752.1	1398693	346205740	247.52	0	11211	265.03087687474266	0.9339289177124123	-0.09861534577286851
Cn80	NC_026753.1	1186808	296627902	249.94	0	3241	265.03087687474266	0.9430599292705248	-0.0845786411511722
Cn80	NC_026754.1	1059964	267769931	252.62	0	1727	265.03087687474266	0.9531719585993438	-0.06919158543296863
Cn80	NC_026755.1	1561994	386591131	247.5	0	3159	265.03087687474266	0.9338534548069733	-0.09873192248020748
Cn80	NC_026756.1	774062	192219544	248.33	0	2739	265.03087687474266	0.9369851653826896	-0.09390188798288551
Cn80	NC_026757.1	756744	186876859	246.95	0	1516	265.03087687474266	0.9317782249074023	-0.10194147895609768
Cn80	NC_026758.1	942867	419564387	444.99	0	1646	265.03087687474266	1.679011914563859	0.7476124679290259
Cn81	NC_026745.1	2291499	438240711	191.25	0	1505	201.1618043921313	0.9507272047887884	-0.07289665154679607
Cn81	NC_026746.1	1621675	361027707	222.63	0	8174	201.1618043921313	1.106721033213741	0.14629161352091036
Cn81	NC_026747.1	1575141	306768070	194.76	0	2940	201.1618043921313	0.9681758452531473	-0.04665899363240732
Cn81	NC_026748.1	1084805	207469443	191.25	0	1375	201.1618043921313	0.9507272047887884	-0.07289665154679607
Cn81	NC_026749.1	1814975	351468539	193.65	0	1439	201.1618043921313	0.9626578991233928	-0.05490489798582558
Cn81	NC_026750.1	1422463	271228923	190.68	0	818	201.1618043921313	0.9478936648843198	-0.07720286883185962
Cn81	NC_026751.1	1399503	264986447	189.34	0	2898	201.1618043921313	0.941232360547499	-0.08737717211645596
Cn81	NC_026752.1	1398693	265271331	189.66	0	19459	201.1618043921313	0.9428231197921129	-0.08494095827588036
Cn81	NC_026753.1	1186808	220575572	185.86	0	1272	201.1618043921313	0.9239328537623227	-0.11414008638895734
Cn81	NC_026754.1	1059964	204798830	193.21	0	1833	201.1618043921313	0.9604706051620486	-0.058186633454520006
Cn81	NC_026755.1	1561994	293142674	187.67	0	2110	201.1618043921313	0.93293058573967	-0.10015835286136975
Cn81	NC_026756.1	774062	289878317	374.49	0	3653	201.1618043921313	1.8616357172358347	0.8965707955855364
Cn81	NC_026757.1	756744	148821661	196.66	0	1714	201.1618043921313	0.9776209782680424	-0.03265285134431877
Cn81	NC_026758.1	942867	176508246	187.2	0	743	201.1618043921313	0.9305941580991434	-0.10377596443076813
Cn82	NC_026745.1	2291499	501906658	219.03	0	1554	223.05023637204914	0.9819760945451618	-0.026240191224112187
Cn82	NC_026746.1	1621675	431376818	266.01	0	10324	223.05023637204914	1.192601291649356	0.25411180438948805
Cn82	NC_026747.1	1575141	345424423	219.3	0	1621	223.05023637204914	0.9831865841836916	-0.02446286496168224
Cn82	NC_026748.1	1084805	236404870	217.92	0	1680	223.05023637204914	0.9769996371423167	-0.0335700685105671
Cn82	NC_026749.1	1814975	399060508	219.87	0	2218	223.05023637204914	0.9857420623094768	-0.020717906813069543
Cn82	NC_026750.1	1422463	313726933	220.55	0	1533	223.05023637204914	0.9887907028805891	-0.016262916543058205
Cn82	NC_026751.1	1399503	308195352	220.22	0	1886	223.05023637204914	0.9873112155446081	-0.01842317904934746
Cn82	NC_026752.1	1398693	301163186	215.32	0	10898	223.05023637204914	0.96534307025277	-0.05088634650320766
Cn82	NC_026753.1	1186808	259914555	219	0	1737	223.05023637204914	0.9818415956964361	-0.026437807146740176
Cn82	NC_026754.1	1059964	232920998	219.74	0	1476	223.05023637204914	0.9851592339649995	-0.02157116474979777
Cn82	NC_026755.1	1561994	341130344	218.39	0	2462	223.05023637204914	0.9791067857723502	-0.03046187969301637
Cn82	NC_026756.1	774062	170043130	219.68	0	1390	223.05023637204914	0.9848902362675485	-0.02196514637553752
Cn82	NC_026757.1	756744	168338766	222.45	0	1740	223.05023637204914	0.9973089632998732	-0.003887578459489221
Cn82	NC_026758.1	942867	204078523	216.44	0	605	223.05023637204914	0.9703643606051902	-0.04340153054018674
Cn83	NC_026745.1	2291499	497993976	217.32	0	1355	222.46585125672053	0.9768690285378571	-0.033762945738747094
Cn83	NC_026746.1	1621675	440246590	271.48	0	12692	222.46585125672053	1.220322123446795	0.28726202037664417
Cn83	NC_026747.1	1575141	342939213	217.72	0	1599	222.46585125672053	0.978667057303802	-0.031109956684977208
Cn83	NC_026748.1	1084805	235794846	217.36	0	1547	222.46585125672053	0.9770488314144516	-0.03349742718809614
Cn83	NC_026749.1	1814975	395954314	218.16	0	1061	222.46585125672053	0.9806448889463414	-0.028197292494807822
Cn83	NC_026750.1	1422463	310461065	218.26	0	1023	222.46585125672053	0.9810943961378276	-0.027536142654682343
Cn83	NC_026751.1	1399503	306023186	218.67	0	1595	222.46585125672053	0.982937375622921	-0.024828591603588968
Cn83	NC_026752.1	1398693	299908543	214.42	0	8455	222.46585125672053	0.9638333199847566	-0.05314441858031022
Cn83	NC_026753.1	1186808	262857044	221.48	0	1699	222.46585125672053	0.9955685277036839	-0.006407470879675291
Cn83	NC_026754.1	1059964	231830788	218.72	0	1935	222.46585125672053	0.9831621292186642	-0.024498749804011143
Cn83	NC_026755.1	1561994	337469589	216.05	0	2358	222.46585125672053	0.9711602872059821	-0.042218666932975026
Cn83	NC_026756.1	774062	169080831	218.43	0	1836	222.46585125672053	0.9818585583633542	-0.026412882816624926
Cn83	NC_026757.1	756744	168396939	222.53	0	1779	222.46585125672053	1.0002883532142892	4.1594578550899257e-4
Cn83	NC_026758.1	942867	203688408	216.03	0	749	222.46585125672053	0.9710703857676849	-0.04235222507423768
Cn84	NC_026745.1	2291499	712568719	310.96	0	1473	211.9614711998337	1.4670590755941306	0.5529269666832068
Cn84	NC_026746.1	1621675	356018672	219.54	0	5313	211.9614711998337	1.0357542753278088	0.05068177540425304
Cn84	NC_026747.1	1575141	309789753	196.67	0	1290	211.9614711998337	0.9278573076829743	-0.10802514010211992
Cn84	NC_026748.1	1084805	212583844	195.97	0	1630	211.9614711998337	0.9245548206977804	-0.11316922933684685
Cn84	NC_026749.1	1814975	359053411	197.83	0	1152	211.9614711998337	0.9333300004012957	-0.09954082542210137
Cn84	NC_026750.1	1422463	280530401	197.21	0	857	211.9614711998337	0.9304049405001239	-0.10406933726786453
Cn84	NC_026751.1	1399503	273541257	195.46	0	1223	211.9614711998337	0.9221487230371391	-0.11692864934655967
Cn84	NC_026752.1	1398693	269619696	192.77	0	3281	211.9614711998337	0.9094577373368941	-0.13692149774853224
Cn84	NC_026753.1	1186808	239830637	202.08	0	1517	211.9614711998337	0.9533808142399728	-0.06887550186843797
Cn84	NC_026754.1	1059964	208334269	196.55	0	1754	211.9614711998337	0.9272911670569411	-0.10890568234453375
Cn84	NC_026755.1	1561994	300534205	192.4	0	1793	211.9614711998337	0.9077121370732916	-0.13969324699858596
Cn84	NC_026756.1	774062	151413578	195.61	0	1604	211.9614711998337	0.9228563988196807	-0.11582192028656596
Cn84	NC_026757.1	756744	150113590	198.37	0	1816	211.9614711998337	0.9358776332184452	-0.09560818632831687
Cn84	NC_026758.1	942867	180273029	191.2	0	611	211.9614711998337	0.9020507308129592	-0.1487195227878794
Cn85	NC_026745.1	2291499	423917903	185	0	1149	187.8572536419484	0.9847902937653168	-0.022111552404605585
Cn85	NC_026746.1	1621675	342668502	211.31	0	6672	187.8572536419484	1.1248434431110763	0.16972421960718215
Cn85	NC_026747.1	1575141	303806107	192.88	0	1704	187.8572536419484	1.0267370370889422	0.03806673290688369
Cn85	NC_026748.1	1084805	199664243	184.06	0	1057	187.8572536419484	0.9797864944348336	-0.029460689514993702
Cn85	NC_026749.1	1814975	338122300	186.3	0	1180	187.8572536419484	0.9917104417755597	-0.012009148866642302
Cn85	NC_026750.1	1422463	264005300	185.6	0	1085	187.8572536419484	0.9879842082315827	-0.01744011268070788
Cn85	NC_026751.1	1399503	259519074	185.44	0	1277	187.8572536419484	0.9871324977072451	-0.01868435168917067
Cn85	NC_026752.1	1398693	255686664	182.8	0	1255	187.8572536419484	0.9730792740556753	-0.03937075275021021
Cn85	NC_026753.1	1186808	216996555	182.84	0	1469	187.8572536419484	0.9732922016867596	-0.03905509909160756
Cn85	NC_026754.1	1059964	194128851	183.15	0	1012	187.8572536419484	0.9749423908276637	-0.036611122099720624
Cn85	NC_026755.1	1561994	287603294	184.13	0	1573	187.8572536419484	0.9801591177892313	-0.028912121362251995
Cn85	NC_026756.1	774062	145476531	187.94	0	1274	187.8572536419484	1.0004404746500197	6.353306799611794e-4
Cn85	NC_026757.1	756744	140921896	186.22	0	1786	187.8572536419484	0.9912845865133908	-0.012628796697875143
Cn85	NC_026758.1	942867	176330415	187.02	0	1621	187.8572536419484	0.9955431391350787	-0.006444262349118105
Cn86	NC_026745.1	2291499	436360788	190.43	0	1277	206.7343242959828	0.9211339270752167	-0.118517164542103
Cn86	NC_026746.1	1621675	422359592	260.45	0	15703	206.7343242959828	1.2598294980136542	0.3332284964119274
Cn86	NC_026747.1	1575141	302744862	192.2	0	1607	206.7343242959828	0.929695640308022	-0.10516960456502455
Cn86	NC_026748.1	1084805	207707730	191.47	0	1263	206.7343242959828	0.9261645382402549	-0.11065957589839152
Cn86	NC_026749.1	1814975	338176589	186.33	0	2840	206.7343242959828	0.9013017099822777	-0.14991796705827456
Cn86	NC_026750.1	1422463	276496897	194.38	0	742	206.7343242959828	0.9402405752501214	-0.08889815478429919
Cn86	NC_026751.1	1399503	268241269	191.67	0	2344	206.7343242959828	0.9271319634643006	-0.10915339521046845
Cn86	NC_026752.1	1398693	266300884	190.39	0	6602	206.7343242959828	0.9209404420304075	-0.11882023581907268
Cn86	NC_026753.1	1186808	229501726	193.38	0	2645	206.7343242959828	0.9354034491298923	-0.096339346445436
Cn86	NC_026754.1	1059964	206315913	194.64	0	1249	206.7343242959828	0.9414982280413808	-0.08696971528770815
Cn86	NC_026755.1	1561994	301179668	192.82	0	2647	206.7343242959828	0.9326946585025641	-0.10052323970865948
Cn86	NC_026756.1	774062	149057327	192.57	0	1101	206.7343242959828	0.9314853769725068	-0.10239497385232259
Cn86	NC_026757.1	756744	144696456	191.21	0	1085	206.7343242959828	0.9249068854489954	-0.11261996456959403
Cn86	NC_026758.1	942867	356318319	377.91	0	1127	206.7343242959828	1.8279983320957578	0.8702647540511923
Cn87	NC_026745.1	2291499	425546020	185.71	0	2094	184.16983368916934	1.008362750185408	0.012014729858696106
Cn87	NC_026746.1	1621675	354457302	218.57	0	9390	184.16983368916934	1.186785021312932	0.2470586234593635
Cn87	NC_026747.1	1575141	286201555	181.7	0	1032	184.16983368916934	0.9865893689552993	-0.019478353306125736
Cn87	NC_026748.1	1084805	196671750	181.3	0	1143	184.16983368916934	0.9844174606031688	-0.02265784779608338
Cn87	NC_026749.1	1814975	328168888	180.81	0	840	184.16983368916934	0.9817568728718089	-0.02656230225199944
Cn87	NC_026750.1	1422463	256153492	180.08	0	816	184.16983368916934	0.9777931401291706	-0.0323988109734481
Cn87	NC_026751.1	1399503	253537006	181.16	0	1425	184.16983368916934	0.9836572926799231	-0.02377232837749215
Cn87	NC_026752.1	1398693	250509405	179.1	0	1082	184.16983368916934	0.9724719646664507	-0.04027143555428037
Cn87	NC_026753.1	1186808	210363966	177.25	0	1075	184.16983368916934	0.962426888537847	-0.05525114541336305
Cn87	NC_026754.1	1059964	191834599	180.98	0	2036	184.16983368916934	0.9826799339214642	-0.025206498194388718
Cn87	NC_026755.1	1561994	281281088	180.08	0	1042	184.16983368916934	0.9777931401291706	-0.0323988109734481
Cn87	NC_026756.1	774062	139321887	179.99	0	1762	184.16983368916934	0.9773044607499413	-0.03312001827416188
Cn87	NC_026757.1	756744	136495010	180.37	0	704	184.16983368916934	0.9793677736844653	-0.030077370262499587
Cn87	NC_026758.1	942867	168645905	178.86	0	551	184.16983368916934	0.9711688196551725	-0.04220599171527866
Cn88	NC_026745.1	2291499	461991902	201.61	0	1536	205.05113102174118	0.9832181807308523	-0.02441650199235347
Cn88	NC_026746.1	1621675	396578102	244.55	0	10095	205.05113102174118	1.1926293641075836	0.2541457633663061
Cn88	NC_026747.1	1575141	320554271	203.51	0	1725	205.05113102174118	0.9924841622961944	-0.010884014454483573
Cn88	NC_026748.1	1084805	216942853	199.98	0	1483	205.05113102174118	0.9752689439142693	-0.03612797802744154
Cn88	NC_026749.1	1814975	365608349	201.44	0	1213	205.05113102174118	0.9823891192223743	-0.025633513139829436
Cn88	NC_026750.1	1422463	288744541	202.99	0	815	205.05113102174118	0.9899482094467325	-0.01457504437068945
Cn88	NC_026751.1	1399503	281943354	201.46	0	1302	205.05113102174118	0.9824866558704306	-0.0254902820609438
Cn88	NC_026752.1	1398693	277516718	198.41	0	9059	205.05113102174118	0.9676123170418551	-0.047498960933203584
Cn88	NC_026753.1	1186808	242091125	203.99	0	1208	205.05113102174118	0.994825041849544	-0.007485271191165586
Cn88	NC_026754.1	1059964	215283884	203.1	0	1657	205.05113102174118	0.9904846610110416	-0.013793461675330626
Cn88	NC_026755.1	1561994	310703896	198.91	0	1886	205.05113102174118	0.9700507332432609	-0.04386789327372454
Cn88	NC_026756.1	774062	154230309	199.25	0	1737	205.05113102174118	0.9717088562602169	-0.0414039770936494
Cn88	NC_026757.1	756744	154213029	203.78	0	1627	205.05113102174118	0.9938009070449535	-0.008971236246814743
Cn88	NC_026758.1	942867	187258158	198.61	0	563	205.05113102174118	0.9685876835224175	-0.04604543701710339
Cn89	NC_026745.1	2291499	467786698	204.14	0	1430	207.53231953111697	0.9836540181366386	-0.023777131041241188
Cn89	NC_026746.1	1621675	402723190	248.34	0	10831	207.53231953111697	1.1966328934263388	0.25898062591163973
Cn89	NC_026747.1	1575141	321804372	204.3	0	2174	207.53231953111697	0.984424982391081	-0.02264682441921724
Cn89	NC_026748.1	1084805	219972777	202.78	0	1359	207.53231953111697	0.9771008219738786	-0.03342066078267172
Cn89	NC_026749.1	1814975	371439831	204.65	0	997	207.53231953111697	0.9861114666976736	-0.020177361709359874
Cn89	NC_026750.1	1422463	291619422	205.01	0	848	207.53231953111697	0.9878461362701688	-0.01764174510820472
Cn89	NC_026751.1	1399503	285694088	204.14	0	1169	207.53231953111697	0.9836540181366386	-0.023777131041241188
Cn89	NC_026752.1	1398693	280072535	200.24	0	9348	207.53231953111697	0.9648617644346063	-0.05160583235147509
Cn89	NC_026753.1	1186808	240725356	202.83	0	1290	207.53231953111697	0.9773417483033918	-0.03306497550661923
Cn89	NC_026754.1	1059964	216451897	204.21	0	1343	207.53231953111697	0.9839913149979571	-0.02328251292515728
Cn89	NC_026755.1	1561994	316189396	202.43	0	1527	207.53231953111697	0.9754143376672859	-0.03591291610650107
Cn89	NC_026756.1	774062	157534289	203.52	0	1394	207.53231953111697	0.9806665316506745	-0.02816545275545158
Cn89	NC_026757.1	756744	157152699	207.67	0	2067	207.53231953111697	1.0006634170002728	9.567910756828357e-4
Cn89	NC_026758.1	942867	191366552	202.96	0	597	207.53231953111697	0.9779681567601263	-0.03214060397586776
Cn90	NC_026745.1	2291499	519070352	226.52	0	1718	230.1346526923948	0.9842933141527962	-0.02283979983376261
Cn90	NC_026746.1	1621675	457561894	282.15	0	13575	230.1346526923948	1.2260213605342196	0.2939841148103693
Cn90	NC_026747.1	1575141	362759163	230.3	0	2796	230.1346526923948	1.0007184807054077	0.0010361763588635704
Cn90	NC_026748.1	1084805	241842968	222.94	0	1515	230.1346526923948	0.9687372040315397	-0.04582274592503524
Cn90	NC_026749.1	1814975	411473124	226.71	0	1041	230.1346526923948	0.9851189177625835	-0.02163020614479075
Cn90	NC_026750.1	1422463	322125530	226.46	0	887	230.1346526923948	0.9840325972233896	-0.023221987581387556
Cn90	NC_026751.1	1399503	316110950	225.87	0	1821	230.1346526923948	0.9814688807508921	-0.026985569730918084
Cn90	NC_026752.1	1398693	309810813	221.5	0	11378	230.1346526923948	0.962479997725783	-0.05517153599160129
Cn90	NC_026753.1	1186808	263754869	222.24	0	1299	230.1346526923948	0.9656955065217969	-0.05035973033995164
Cn90	NC_026754.1	1059964	239593412	226.04	0	1750	230.1346526923948	0.9822075787175438	-0.025900140470578235
Cn90	NC_026755.1	1561994	348577892	223.16	0	1921	230.1346526923948	0.9696931661060303	-0.04439977827326852
Cn90	NC_026756.1	774062	173435111	224.06	0	2295	230.1346526923948	0.9736039200471284	-0.038593118062953125
Cn90	NC_026757.1	756744	172708545	228.23	0	1855	230.1346526923948	0.9917237466408823	-0.011989793686285957
Cn90	NC_026758.1	942867	208693517	221.34	0	655	230.1346526923948	0.9617847525806988	-0.05621403990536943
Cn91	NC_026745.1	2291499	506127449	220.87	0	1785	222.33982305934833	0.9933892946431103	-0.009568895372645459
Cn91	NC_026746.1	1621675	427593406	263.67	0	11038	222.33982305934833	1.18588742390795	0.24596706158847217
Cn91	NC_026747.1	1575141	349408742	221.83	0	2123	222.33982305934833	0.9977070096920414	-0.003311884258120248
Cn91	NC_026748.1	1084805	234846059	216.49	0	1596	222.33982305934833	0.9736897197323627	-0.03846598491985758
Cn91	NC_026749.1	1814975	395881359	218.12	0	1096	222.33982305934833	0.9810208400758601	-0.027644310578684876
Cn91	NC_026750.1	1422463	313212149	220.19	0	974	222.33982305934833	0.9903309131501176	-0.014017421219915458
Cn91	NC_026751.1	1399503	306215382	218.8	0	1711	222.33982305934833	0.984079221568853	-0.023153633018039133
Cn91	NC_026752.1	1398693	299940286	214.44	0	9276	222.33982305934833	0.964469599054958	-0.05219233093531145
Cn91	NC_026753.1	1186808	257068811	216.61	0	1412	222.33982305934833	0.9742294341134792	-0.03766652332051854
Cn91	NC_026754.1	1059964	233009140	219.83	0	1880	222.33982305934833	0.9887117700067685	-0.016378088146882686
Cn91	NC_026755.1	1561994	337704386	216.2	0	1930	222.33982305934833	0.9723854099779982	-0.040399848075945544
Cn91	NC_026756.1	774062	168816350	218.09	0	2277	222.33982305934833	0.980885911480581	-0.027842751014690026
Cn91	NC_026757.1	756744	167566653	221.43	0	1872	222.33982305934833	0.9959079617549867	-0.005915675139321151
Cn91	NC_026758.1	942867	202874337	215.17	0	678	222.33982305934833	0.9677528615400826	-0.047289426470956075
Cn92	NC_026745.1	2291499	530633277	231.57	0	1751	233.89903940952803	0.9900425439308873	-0.014437573130133562
Cn92	NC_026746.1	1621675	432634637	266.78	0	8856	233.89903940952803	1.1405775785718448	0.18976457765793392
Cn92	NC_026747.1	1575141	365506330	232.05	0	1353	233.89903940952803	0.9920947114011418	-0.011450239248691634
Cn92	NC_026748.1	1084805	247475143	228.13	0	1540	233.89903940952803	0.9753353437273969	-0.036029757510077684
Cn92	NC_026749.1	1814975	422040395	232.53	0	904	233.89903940952803	0.9941468788713963	-0.008469078346218274
Cn92	NC_026750.1	1422463	330856212	232.59	0	956	233.89903940952803	0.9944033998051781	-0.00809686600130303
Cn92	NC_026751.1	1399503	324819690	232.1	0	1391	233.89903940952803	0.99230847884596	-0.011139414074401124
Cn92	NC_026752.1	1398693	318330077	227.59	0	9795	233.89903940952803	0.9730266553233607	-0.039448767808939085
Cn92	NC_026753.1	1186808	272756734	229.82	0	1327	233.89903940952803	0.9825606833622512	-0.025381583310275253
Cn92	NC_026754.1	1059964	244511610	230.68	0	1574	233.89903940952803	0.9862374834131239	-0.019993009249125636
Cn92	NC_026755.1	1561994	358365674	229.43	0	2006	233.89903940952803	0.9808932972926695	-0.027831887942612002
Cn92	NC_026756.1	774062	178686767	230.84	0	1842	233.89903940952803	0.986921539236542	-0.01899270063502487
Cn92	NC_026757.1	756744	176404199	233.11	0	1792	233.89903940952803	0.9966265812312871	-0.004875041938411252
Cn92	NC_026758.1	942867	215611151	228.68	0	706	233.89903940952803	0.9776867856203969	-0.03255574137249222
Cn93	NC_026745.1	2291499	469150959	204.74	0	1546	206.30394141862826	0.9924192363564459	-0.010978395200062626
Cn93	NC_026746.1	1621675	385104509	237.47	0	8494	206.30394141862826	1.1510686532068242	0.20297388272060143
Cn93	NC_026747.1	1575141	324779048	206.19	0	1583	206.30394141862826	0.999447701203163	-7.970188518276247e-4
Cn93	NC_026748.1	1084805	218658077	201.56	0	1341	206.30394141862826	0.9770050858650251	-0.03356202262906232
Cn93	NC_026749.1	1814975	373493507	205.78	0	1467	206.30394141862826	0.9974603421775395	-0.0036686122302373903
Cn93	NC_026750.1	1422463	290146340	203.97	0	803	206.30394141862826	0.9886868791619824	-0.016414408489625304
Cn93	NC_026751.1	1399503	285168591	203.76	0	1529	206.30394141862826	0.9876689635634922	-0.017900519324620525
Cn93	NC_026752.1	1398693	279626051	199.92	0	11745	206.30394141862826	0.9690556497625312	-0.0453485775121114
Cn93	NC_026753.1	1186808	239301154	201.63	0	1205	206.30394141862826	0.9773443910645218	-0.03306107442163211
Cn93	NC_026754.1	1059964	216266428	204.03	0	1543	206.30394141862826	0.9889777121901224	-0.015990086415716743
Cn93	NC_026755.1	1561994	314905602	201.6	0	1652	206.30394141862826	0.9771989745504517	-0.03327574521153635
Cn93	NC_026756.1	774062	156520002	202.21	0	1916	206.30394141862826	0.9801557770032086	-0.028917038669609544
Cn93	NC_026757.1	756744	155299670	205.22	0	1625	206.30394141862826	0.994745900581566	-0.0076000464047222115
Cn93	NC_026758.1	942867	188907636	200.35	0	578	206.30394141862826	0.9711399531308681	-0.042248874280654776
Cn94	NC_026745.1	2291499	461533869	201.41	0	1592	202.78621778942176	0.9932134550147246	-0.009824289120157443
Cn94	NC_026746.1	1621675	377046410	232.5	0	7858	202.78621778942176	1.146527621721481	0.19727111221532684
Cn94	NC_026747.1	1575141	318998882	202.52	0	1519	202.78621778942176	0.998687199789395	-0.0018952146449805647
Cn94	NC_026748.1	1084805	214588166	197.81	0	1325	202.78621778942176	0.9754607692590372	-0.03584424269226246
Cn94	NC_026749.1	1814975	367443125	202.45	0	1410	202.78621778942176	0.9983420086774788	-0.002393960990971758
Cn94	NC_026750.1	1422463	285535850	200.73	0	769	202.78621778942176	0.9898601699275392	-0.014703353937563984
Cn94	NC_026751.1	1399503	280301353	200.29	0	1243	202.78621778942176	0.9876903972240663	-0.01786921136472894
Cn94	NC_026752.1	1398693	274644517	196.36	0	9836	202.78621778942176	0.9683103819407742	-0.04645853218874335
Cn94	NC_026753.1	1186808	234910891	197.94	0	1272	202.78621778942176	0.9761018384668815	-0.03489642026870476
Cn94	NC_026754.1	1059964	212975124	200.93	0	1490	202.78621778942176	0.9908464302472997	-0.013266621218227288
Cn94	NC_026755.1	1561994	309285648	198.01	0	1546	202.78621778942176	0.9764470295787976	-0.03438631215447649
Cn94	NC_026756.1	774062	153993475	198.94	0	1711	202.78621778942176	0.9810331400656835	-0.02762622225440726
Cn94	NC_026757.1	756744	153638593	203.03	0	1684	202.78621778942176	1.001202163604784	0.001733313816189456
Cn94	NC_026758.1	942867	185977675	197.25	0	600	202.78621778942176	0.972699240363708	-0.0399343037666085
Cn95	NC_026745.1	2291499	454220296	198.22	0	1195	199.79215335950462	0.9921310555341195	-0.011397388911505262
Cn95	NC_026746.1	1621675	377263975	232.64	0	8876	199.79215335950462	1.1644100936306	0.21959925055725318
Cn95	NC_026747.1	1575141	314106008	199.41	0	1440	199.79215335950462	0.9980872454043929	-0.0027621640834933673
Cn95	NC_026748.1	1084805	211331440	194.81	0	1308	199.79215335950462	0.9750633181747645	-0.03643218797312957
Cn95	NC_026749.1	1814975	359396598	198.02	0	919	199.79215335950462	0.9911300152197878	-0.012853774095642229
Cn95	NC_026750.1	1422463	281611879	197.97	0	794	199.79215335950462	0.9908797551412049	-0.013218100227250673
Cn95	NC_026751.1	1399503	276192932	197.35	0	1325	199.79215335950462	0.9877765301667767	-0.01774340458187546
Cn95	NC_026752.1	1398693	270857092	193.65	0	9957	199.79215335950462	0.9692572843516408	-0.045048422446631896
Cn95	NC_026753.1	1186808	231100352	194.72	0	1270	199.79215335950462	0.9746128500333152	-0.037098850648612805
Cn95	NC_026754.1	1059964	209300196	197.46	0	1391	199.79215335950462	0.9883271023396591	-0.016939491516835877
Cn95	NC_026755.1	1561994	304222330	194.77	0	1525	199.79215335950462	0.9748631101118982	-0.03672844446390605
Cn95	NC_026756.1	774062	151814204	196.13	0	1767	199.79215335950462	0.9816701842493535	-0.026689697100049033
Cn95	NC_026757.1	756744	150071871	198.31	0	1687	199.79215335950462	0.9925815236755687	-0.010742494926638507
Cn95	NC_026758.1	942867	182822956	193.9	0	587	199.79215335950462	0.9705085847445554	-0.04318712036818638
Cn96	NC_026745.1	2291499	546043379	238.29	0	1914	243.1267743651764	0.980105957569644	-0.028990369948276338
Cn96	NC_026746.1	1621675	464405235	286.37	0	13457	243.1267743651764	1.1778628690638255	0.23617158531639637
Cn96	NC_026747.1	1575141	369167162	234.37	0	1834	243.1267743651764	0.96398268192369585	-0.05292086640642744
Cn96	NC_026748.1	1084805	251988321	232.29	0	1536	243.1267743651764	0.9554274744380906	-0.06578173109297196
Cn96	NC_026749.1	1814975	428861815	236.29	0	835	243.1267743651764	0.9718797965257928	-0.04115020459532054
Cn96	NC_026750.1	1422463	337136372	237.01	0	842	243.1267743651764	0.9748412145015792	-0.03676084803200296
Cn96	NC_026751.1	1399503	404018052	288.69	0	1994	243.1267743651764	1.1874052158746928	0.24781235551080216
Cn96	NC_026752.1	1398693	323870423	231.55	0	13669	243.1267743651764	0.9523837948518658	-0.07038502203819844
Cn96	NC_026753.1	1186808	275812556	232.4	0	1372	243.1267743651764	0.9558799132955025	-0.06509871033736292
Cn96	NC_026754.1	1059964	249374473	235.27	0	1954	243.1267743651764	0.9676844543934289	-0.0473914092636482
Cn96	NC_026755.1	1561994	364370233	233.27	0	2109	243.1267743651764	0.9594582933495777	-0.059707999551105465
Cn96	NC_026756.1	774062	182466435	235.73	0	2464	243.1267743651764	0.9695764714335146	-0.04457340531540942
Cn96	NC_026757.1	756744	177314834	234.31	0	1994	243.1267743651764	0.9637358970923803	-0.05329025150042007
Cn96	NC_026758.1	942867	218125528	231.34	0	735	243.1267743651764	0.9515200479422613	-0.07169404137053215
Cn97	NC_026745.1	2291499	532802871	232.51	0	1746	238.0186607060761	0.9768561814030261	-0.03378191923370556
Cn97	NC_026746.1	1621675	502425000	309.82	0	17154	238.0186607060761	1.3016626472938175	0.38035559278958386
Cn97	NC_026747.1	1575141	369263035	234.43	0	1843	238.0186607060761	0.9849227758217342	-0.021917482304711914
Cn97	NC_026748.1	1084805	249646116	230.13	0	1470	238.0186607060761	0.9668569654048359	-0.048625618385070485
Cn97	NC_026749.1	1814975	419551768	231.16	0	877	238.0186607060761	0.971184357202372	-0.04218291049342908
Cn97	NC_026750.1	1422463	332221831	233.55	0	810	238.0186607060761	0.9812255867131596	-0.02734324038147618
Cn97	NC_026751.1	1399503	326181977	233.07	0	1856	238.0186607060761	0.9792089381084826	-0.03031136803946637
Cn97	NC_026752.1	1398693	320303197	229	0	12793	238.0186607060761	0.9621094384813255	-0.05572708719736302
Cn97	NC_026753.1	1186808	272307824	229.45	0	1456	238.0186607060761	0.9640000465482101	-0.052894878769396886
Cn97	NC_026754.1	1059964	246250757	232.32	0	1878	238.0186607060761	0.9760579246636748	-0.03496132707328097
Cn97	NC_026755.1	1561994	356379085	228.16	0	2127	238.0186607060761	0.9585803034231406	-0.0610287986251437
Cn97	NC_026756.1	774062	178536634	230.65	0	2330	238.0186607060761	0.9690416680599027	-0.04536939311601351
Cn97	NC_026757.1	756744	174576140	230.69	0	1718	238.0186607060761	0.9692097221102924	-0.04511921839983814
Cn97	NC_026758.1	942867	216010222	229.1	0	712	238.0186607060761	0.9625295736072997	-0.055097226876994414
Cn99	NC_026745.1	2291499	626640277	273.46	0	2051	279.02639150423164	0.9800506630422189	-0.029071764607954922
CnH99	NC_026745.1	2291499	518102423	226.1	0	1149	229.84038334688552	0.9837261699079209	-0.02367131214228136
Cn99	NC_026746.1	1621675	563616382	347.55	0	16799	279.02639150423164	1.2455811012225673	0.3168189601756035
CnH99	NC_026746.1	1621675	481337433	296.81	0	16973	229.84038334688552	1.291374455950332	0.36890739523161825
Cn99	NC_026747.1	1575141	430673799	273.42	0	1799	279.02639150423164	0.9799073074270589	-0.029282808353341152
CnH99	NC_026747.1	1575141	352272488	223.65	0	790	229.84038334688552	0.9730665984073708	-0.039389545889211786
Cn99	NC_026748.1	1084805	294667950	271.63	0	1960	279.02639150423164	0.9734921436486431	-0.03875875884356685
CnH99	NC_026748.1	1084805	241942158	223.03	0	977	229.84038334688552	0.970369074190905	-0.04339452260533726
Cn99	NC_026749.1	1814975	496843714	273.75	0	1639	279.02639150423164	0.9810899912521299	-0.02754262003447653
CnH99	NC_026749.1	1814975	404950170	223.12	0	904	229.84038334688552	0.9707606502868437	-0.042812464752860414
Cn99	NC_026750.1	1422463	389946166	274.13	0	1081	279.02639150423164	0.9824518695961512	-0.025541363542373127
CnH99	NC_026750.1	1422463	315679284	221.92	0	842	229.84038334688552	0.9655396356743291	-0.05059261145757003
Cn99	NC_026751.1	1399503	383372650	273.93	0	1718	279.02639150423164	0.9817350915203505	-0.02659431037661008
CnH99	NC_026751.1	1399503	313778824	224.21	0	1297	229.84038334688552	0.9755030718932108	-0.035781678948884926
Cn99	NC_026752.1	1398693	373198022	266.82	0	9879	279.02639150423164	0.9562536309256376	-0.0645347742250727
CnH99	NC_026752.1	1398693	310573347	222.05	0	515	229.84038334688552	0.966105245590685	-0.049747732926697395
Cn99	NC_026753.1	1186808	322884265	272.06	0	1822	279.02639150423164	0.9750332165116145	-0.03647672681454603
CnH99	NC_026753.1	1186808	267694536	225.56	0	1126	229.84038334688552	0.9813767133322895	-0.02712105616780145
Cn99	NC_026754.1	1059964	290069230	273.66	0	2037	279.02639150423164	0.9807674411180197	-0.02801700871882606
CnH99	NC_026754.1	1059964	238248038	224.77	0	1026	229.84038334688552	0.9779395453790509	-0.03218281199779864
Cn99	NC_026755.1	1561994	422921491	270.76	0	2370	279.02639150423164	0.9703741590189103	-0.04338696276329165
CnH99	NC_026755.1	1561994	348878649	223.35	0	757	229.84038334688552	0.9717613447542421	-0.041326049590554276
Cn99	NC_026756.1	774062	210290586	271.67	0	1823	279.02639150423164	0.9736354992638033	-0.038546324454684616
CnH99	NC_026756.1	774062	172371423	222.68	0	1684	229.84038334688552	0.968846278262255	-0.04566031591533922
Cn99	NC_026757.1	756744	209773183	277.2	0	2189	279.02639150423164	0.993454413059691	-0.009474327273160995
CnH99	NC_026757.1	756744	167944835	221.93	0	1325	229.84038334688552	0.9655831441294335	-0.05052760323221752
Cn99	NC_026758.1	942867	256243699	271.77	0	845	279.02639150423164	0.9739938883017035	-0.03801537529482445
CnH99	NC_026758.1	942867	208185433	220.8	0	555	229.84038334688552	0.9606666887026492	-0.05789213211564113
Cn100	NC_026745.1	2291499	607599355	265.15	0	1854	272.42830444853325	0.97328359671266	-0.039067854159733614
Cn100	NC_026746.1	1621675	549227935	338.68	0	14965	272.42830444853325	1.2431894721276397	0.3140461915371888
Cn100	NC_026747.1	1575141	418180272	265.49	0	1765	272.42830444853325	0.9745316314963006	-0.03721908142858563
Cn100	NC_026748.1	1084805	287217607	264.76	0	2005	272.42830444853325	0.9718520274020134	-0.041191426719356355
Cn100	NC_026749.1	1814975	486077363	267.81	0	1477	272.42830444853325	0.9830476335493776	-0.024666770874394957
Cn100	NC_026750.1	1422463	380761078	267.68	0	1034	272.42830444853325	0.9825704437791621	-0.02536725214948906
Cn100	NC_026751.1	1399503	373485482	266.87	0	1510	272.42830444853325	0.9795971844416654	-0.029739467573756367
Cn100	NC_026752.1	1398693	364758766	260.79	0	6254	272.42830444853325	0.9572793859577394	-0.0629880521913584
Cn100	NC_026753.1	1186808	312782810	263.55	0	1810	272.42830444853325	0.9674104918484691	-0.04779991057094701
Cn100	NC_026754.1	1059964	282477030	266.5	0	2157	272.42830444853325	0.9782390289418212	-0.031741069653941176
Cn100	NC_026755.1	1561994	412222553	263.91	0	2640	272.42830444853325	0.968731940442912	-0.04583058476286365
Cn100	NC_026756.1	774062	207530000	268.11	0	1755	272.42830444853325	0.9841488407114135	-0.023051572495999262
Cn100	NC_026757.1	756744	216451962	286.03	0	2181	272.42830444853325	1.0499276151903532	0.07028986807649848
Cn100	NC_026758.1	942867	247723465	262.73	0	789	272.42830444853325	0.9644005256055711	-0.05229565766701423
Cn101	NC_026745.1	2291499	547031715	238.72	0	1679	243.81888586919843	0.9790874039514157	-0.030490438716522104
Cn101	NC_026746.1	1621675	493741707	304.46	0	15004	243.81888586919843	1.2487137692989612	0.32044281967054733
Cn101	NC_026747.1	1575141	381013098	241.89	0	2193	243.81888586919843	0.9920888578326404	-0.011458751479494654
Cn101	NC_026748.1	1084805	256252780	236.22	0	1409	243.81888586919843	0.9688338914267904	-0.045678761091562645
Cn101	NC_026749.1	1814975	433439387	238.81	0	1267	243.81888586919843	0.9794565304023022	-0.02994662971931826
Cn101	NC_026750.1	1422463	340217456	239.17	0	880	243.81888586919843	0.9809330362058482	-0.02777344124730359
Cn101	NC_026751.1	1399503	333514642	238.31	0	1451	243.81888586919843	0.9774058278973772	-0.03297038803801353
Cn101	NC_026752.1	1398693	327509546	234.15	0	10561	243.81888586919843	0.9603439830564008	-0.058376841385332445
Cn101	NC_026753.1	1186808	282645273	238.16	0	1413	243.81888586919843	0.9767906171458997	-0.033878752733723753
Cn101	NC_026754.1	1059964	253754979	239.4	0	1981	243.81888586919843	0.9818763593581138	-0.02638672714089552
Cn101	NC_026755.1	1561994	367236403	235.11	0	2153	243.81888586919843	0.96428133186585685	-0.052473976570926284
Cn101	NC_026756.1	774062	183800511	237.45	0	1754	243.81888586919843	0.973878619588906	-0.03818612322606033
Cn101	NC_026757.1	756744	184379480	243.65	0	1954	243.81888586919843	0.9993073306499767	-9.99656892081971e-4
Cn101	NC_026758.1	942867	221492653	234.91	0	666	243.81888586919843	0.9634610508638868	-0.05370174996606818
Cn102	NC_026745.1	2291499	476626050	208	0	1285	216.68693528248852	0.9599102028409622	-0.05902864319458256
Cn102	NC_026746.1	1621675	461716519	284.72	0	7189	216.68693528248852	1.3139693891965325	0.39393166639938604
Cn102	NC_026747.1	1575141	330167907	209.61	0	1423	216.68693528248852	0.9673402770071832	-0.04790462545722081
Cn102	NC_026748.1	1084805	286866546	264.44	0	1640	216.68693528248852	1.2203781444195387	0.2873282482380834
Cn102	NC_026749.1	1814975	377802657	208.16	0	1184	216.68693528248852	0.9606485953046859	-0.057919304392604114
Cn102	NC_026750.1	1422463	299280658	210.4	0	757	216.68693528248852	0.9709860897968194	-0.0424774669307347
Cn102	NC_026751.1	1399503	289763286	207.05	0	1414	216.68693528248852	0.955525997587602	-0.0656329688531586
Cn102	NC_026752.1	1398693	288604711	206.34	0	11933	216.68693528248852	0.9522493810298276	-0.07058864986245236
Cn102	NC_026753.1	1186808	251626135	212.02	0	1299	216.68693528248852	0.9784623134920232	-0.031411809886294675
Cn102	NC_026754.1	1059964	219618161	207.19	0	1280	216.68693528248852	0.9561720909933603	-0.06465779835579206
Cn102	NC_026755.1	1561994	320569057	205.23	0	1525	216.68693528248852	0.9471267833127436	-0.07837053570501773
Cn102	NC_026756.1	774062	103470644	133.67	0	1935	216.68693528248852	0.6168807539122664	-0.6969364586180585
Cn102	NC_026757.1	756744	194330167	256.8	0	1848	216.68693528248852	1.1851199042767264	0.24503303089926615
Cn102	NC_026758.1	942867	193032217	204.73	0	597	216.68693528248852	0.9448193068636066	-0.08188964917029735
Cn103	NC_026745.1	2291499	516258290	225.29	0	1626	229.26406855300246	0.9826659773679985	-0.025226988277439792
Cn103	NC_026746.1	1621675	443266142	273.34	0	10848	229.26406855300246	1.1922496260542799	0.2536863302351259
Cn103	NC_026747.1	1575141	360151297	228.65	0	2174	229.26406855300246	0.9973215665373203	-0.0038693468843755798
Cn103	NC_026748.1	1084805	242630364	223.66	0	1457	229.26406855300246	0.9755562719078813	-0.035703002308317154
Cn103	NC_026749.1	1814975	411273319	226.6	0	1127	229.26406855300246	0.9883799124310377	-0.0168624048708235
Cn103	NC_026750.1	1422463	322014361	226.38	0	803	229.26406855300246	0.9874203202830464	-0.0182637600474358
Cn103	NC_026751.1	1399503	315832327	225.67	0	1131	229.26406855300246	0.984323454714529	-0.02279562298874883
Cn103	NC_026752.1	1398693	308335701	220.45	0	4610	229.26406855300246	0.96155495011219	-0.056558789075591545
Cn103	NC_026753.1	1186808	265598296	223.79	0	1289	229.26406855300246	0.9761233036316943	-0.0348646947405771
Cn103	NC_026754.1	1059964	240501669	226.9	0	1824	229.26406855300246	0.9896884471782986	-0.0149536570190017
Cn103	NC_026755.1	1561994	347512082	222.48	0	2079	229.26406855300246	0.9704093685686551	-0.043334616232014726
Cn103	NC_026756.1	774062	174055928	224.86	0	1387	229.26406855300246	0.9807904108969248	-0.02798322089443528
Cn103	NC_026757.1	756744	173571257	229.37	0	1784	229.26406855300246	1.0004620499307464	6.664431905697286e-4
Cn103	NC_026758.1	942867	210070734	222.8	0	618	229.26406855300246	0.9718051389657335	-0.04126103335130735
Cn104	NC_026745.1	2291499	519449800	226.69	0	1574	230.17914691782568	0.9848416028795549	-0.022036387695091513
Cn104	NC_026746.1	1621675	442023196	272.57	0	10593	230.17914691782568	1.1841646111292086	0.2438696444404074
Cn104	NC_026747.1	1575141	368869523	234.18	0	4401	230.17914691782568	1.0173814749761092	0.0248607301924615
Cn104	NC_026748.1	1084805	243364756	224.34	0	1662	230.17914691782568	0.9746321637037335	-0.037070261388321375
Cn104	NC_026749.1	1814975	412104004	227.06	0	1122	230.17914691782568	0.9864490464944715	-0.01968356220334499
Cn104	NC_026750.1	1422463	324018745	227.79	0	874	230.17914691782568	0.9896204893022797	-0.015052724414650036
Cn104	NC_026751.1	1399503	313733000	224.17	0	1449	230.17914691782568	0.9738936085293123	-0.03816391891522706
Cn104	NC_026752.1	1398693	311058965	222.39	0	10354	230.17914691782568	0.966160501408903	-0.049665221196549675
Cn104	NC_026753.1	1186808	266408969	224.48	0	1371	230.17914691782568	0.9752403856120803	-0.036170224347747346
Cn104	NC_026754.1	1059964	240595064	226.98	0	1643	230.17914691782568	0.9861014911182733	-0.02019195619711425
Cn104	NC_026755.1	1561994	348971281	223.41	0	1957	230.17914691782568	0.9705918324554297	-0.043063375034196286
Cn104	NC_026756.1	774062	174008067	224.8	0	1744	230.17914691782568	0.9766306071168731	-0.034115102859357836
Cn104	NC_026757.1	756744	173594100	229.4	0	1819	230.17914691782568	0.9966150412482682	-0.004891747064458996
Cn104	NC_026758.1	942867	210159219	222.89	0	676	230.17914691782568	0.9683327225101415	-0.04642524714147357
Cn105	NC_026745.1	2291499	559210069	244.04	0	1662	246.90688724634808	0.9883887919113099	-0.016849443939050066
Cn105	NC_026746.1	1621675	459745705	283.5	0	8942	246.90688724634808	1.1482061240241614	0.19938165544027292
Cn105	NC_026747.1	1575141	383648631	243.56	0	1608	246.90688724634808	0.9864447392145494	-0.019689861672103324
Cn105	NC_026748.1	1084805	263178046	242.6	0	1890	246.90688724634808	0.9825566338210284	-0.025387529268808034
Cn105	NC_026749.1	1814975	444660896	245	0	1128	246.90688724634808	0.9922768973048309	-0.011185330499385275
Cn105	NC_026750.1	1422463	349685246	245.83	0	942	246.90688724634808	0.9956384884263126	-0.00630609318582683
Cn105	NC_026751.1	1399503	342595851	244.8	0	1258	246.90688724634808	0.9914668753478474	-0.012363521696666423
Cn105	NC_026752.1	1398693	335678035	239.99	0	8531	246.90688724634808	0.9719858472823935	-0.040992787439181784
Cn105	NC_026753.1	1186808	287346323	242.12	0	1413	246.90688724634808	0.9806125811242681	-0.028244823566482585
Cn105	NC_026754.1	1059964	259329679	244.66	0	1771	246.90688724634808	0.9908998599779589	-0.013188828407051597
Cn105	NC_026755.1	1561994	376498664	241.04	0	1832	246.90688724634808	0.9762384625565569	-0.034694501682217445
Cn105	NC_026756.1	774062	188506564	243.53	0	1459	246.90688724634808	0.9863232359210019	-0.019867573599186204
Cn105	NC_026757.1	756744	186714589	246.73	0	2041	246.90688724634808	0.9992835872327385	-0.0010339355531110343
Cn105	NC_026758.1	942867	227567362	241.36	0	713	246.90688724634808	0.9775344976877306	-0.03278047812997827
Cn106	NC_026745.1	2291499	597954698	260.94	0	1865	267.23355994510246	0.9764492156359578	-0.03438308227082874
Cn106	NC_026746.1	1621675	529762733	326.68	0	14620	267.23355994510246	1.2224512522570503	0.2897769359102466
Cn106	NC_026747.1	1575141	413053536	262.23	0	1943	267.23355994510246	0.9812764536530131	-0.027268452706988442
Cn106	NC_026748.1	1084805	283926111	261.73	0	1948	267.23355994510246	0.9794054311657824	-0.03002189854028004
Cn106	NC_026749.1	1814975	475857095	262.18	0	1042	267.23355994510246	0.98108935140429	-0.027543560932472476
Cn106	NC_026750.1	1422463	375605132	264.05	0	989	267.23355994510246	0.9880869755065328	-0.01729005549725224
Cn106	NC_026751.1	1399503	368077081	263.01	0	1411	267.23355994510246	0.9841952487330928	-0.022983543107128003
Cn106	NC_026752.1	1398693	359634385	257.12	0	4721	267.23355994510246	0.9621546038335153	-0.055659362780959336
Cn106	NC_026753.1	1186808	309458405	260.75	0	1460	267.23355994510246	0.9757382270908102	-0.035433944161562723
Cn106	NC_026754.1	1059964	278734861	262.97	0	1888	267.23355994510246	0.9840455669341145	-0.023202972749877777
Cn106	NC_026755.1	1561994	406232121	260.07	0	2351	267.23355994510246	0.9731936365081764	-0.039201208034891445
Cn106	NC_026756.1	774062	201692715	260.56	0	1517	267.23355994510246	0.9750272385456624	-0.03648557206014984
Cn106	NC_026757.1	756744	202587945	267.71	0	2156	267.23355994510246	1.0017828601130614	0.0025698332971688274
Cn106	NC_026758.1	942867	245783939	260.68	0	808	267.23355994510246	0.9754762839425979	-0.03582129683965523
Cn107	NC_026745.1	2291499	680654333	297.03	0	1968	301.38463171701227	0.9855512482763185	-0.02099720209475194
Cn107	NC_026746.1	1621675	577188834	355.92	0	13423	301.38463171701227	1.1809494000151746	0.23994715109317985
Cn107	NC_026747.1	1575141	473565375	300.65	0	2956	301.38463171701227	0.9975624778449153	-0.0035208939991768543
Cn107	NC_026748.1	1084805	320410619	295.36	0	2036	301.38463171701227	0.9800101561825185	-0.02913139443683251
Cn107	NC_026749.1	1814975	541356967	298.27	0	1503	301.38463171701227	0.9896655921064456	-0.014986973846783514
Cn107	NC_026750.1	1422463	423434924	297.68	0	1108	301.38463171701227	0.9877079607679174	-0.017843556956834258
Cn107	NC_026751.1	1399503	415163966	296.65	0	1566	301.38463171701227	0.9842904009735376	-0.02284406973525302
Cn107	NC_026752.1	1398693	405594932	289.98	0	5102	301.38463171701227	0.9621592127905157	-0.055652451933725526
Cn107	NC_026753.1	1186808	349737966	294.69	0	1549	301.38463171701227	0.9777870833065627	-0.03240774760293052
Cn107	NC_026754.1	1059964	317478489	299.52	0	2403	301.38463171701227	0.993813116128751	-0.008953512499202456
Cn107	NC_026755.1	1561994	457005876	292.58	0	2442	301.38463171701227	0.970786062756911	-0.042774698528335674
Cn107	NC_026756.1	774062	228236166	294.86	0	1779	301.38463171701227	0.9783511465735963	-0.03157572940685281
Cn107	NC_026757.1	756744	228091849	301.41	0	2614	301.38463171701227	1.000084172450477	1.2143006642117975e-4
Cn107	NC_026758.1	942867	275594949	292.29	0	897	301.38463171701227	0.9698238371837362	-0.04420538088901313
Cn108	NC_026745.1	2291499	516356865	225.34	0	1560	231.07615485162847	0.9751763445461883	-0.03626496484784683
Cn108	NC_026746.1	1621675	474979380	292.89	0	14544	231.07615485162847	1.267504213872961	0.3419905435390839
Cn108	NC_026747.1	1575141	355808794	225.89	0	1486	231.07615485162847	0.9775565122461101	-0.03274798829288998
Cn108	NC_026748.1	1084805	242836804	223.85	0	1516	231.07615485162847	0.9687282538682179	-0.04583607504652948
Cn108	NC_026749.1	1814975	412093302	227.05	0	821	231.07615485162847	0.9825765023041273	-0.025358356525739614
Cn108	NC_026750.1	1422463	325007487	228.48	0	828	231.07615485162847	0.9887649383239242	-0.01630050880833641
Cn108	NC_026751.1	1399503	317163677	226.63	0	1102	231.07615485162847	0.9807589196969142	-0.028029543663261106
Cn108	NC_026752.1	1398693	311748486	222.89	0	9556	231.07615485162847	0.9645737793374451	-0.05203650201126308
Cn108	NC_026753.1	1186808	265423365	223.64	0	1374	231.07615485162847	0.9678194625646114	-0.04719014320817413
Cn108	NC_026754.1	1059964	237395920	223.97	0	1796	231.07615485162847	0.9692475631845646	-0.04506289203080698
Cn108	NC_026755.1	1561994	348526076	223.13	0	2006	231.07615485162847	0.9656123979701384	-0.050483895207840725
Cn108	NC_026756.1	774062	174280050	225.15	0	1550	231.07615485162847	0.9743541047953062	-0.03748191560822906
Cn108	NC_026757.1	756744	173325294	229.04	0	1680	231.07615485162847	0.9911883818002084	-0.012768817838083067
Cn108	NC_026758.1	942867	210358739	223.11	0	614	231.07615485162847	0.965525846417414	-0.05061321530840137
Cn109	NC_026745.1	2291499	442508751	193.11	0	1278	195.18250742555009	0.9893816948409652	-0.015400887331864234
Cn109	NC_026746.1	1621675	365255091	225.23	0	7246	195.18250742555009	1.153945622334579	0.20657524110936812
Cn109	NC_026747.1	1575141	303105308	192.43	0	1461	195.18250742555009	0.9858977760770904	-0.020490027992173778
Cn109	NC_026748.1	1084805	207818667	191.57	0	1444	195.18250742555009	0.9814916435227781	-0.026952110333531197
Cn109	NC_026749.1	1814975	351364246	193.59	0	1219	195.18250742555009	0.9918409316154649	-0.01181933069735792
Cn109	NC_026750.1	1422463	275576682	193.73	0	783	195.18250742555009	0.9925582090080274	-0.010776382672362039
Cn109	NC_026751.1	1399503	270963205	193.61	0	1435	195.18250742555009	0.9919433998144025	-0.011670291953331798
Cn109	NC_026752.1	1398693	265188172	189.6	0	10425	195.18250742555009	0.971398525927435	-0.04186479777710979
Cn109	NC_026753.1	1186808	227524884	191.71	0	1454	195.18250742555009	0.9822089209153406	-0.02589816901278841
Cn109	NC_026754.1	1059964	202738777	191.27	0	1441	195.18250742555009	0.9799546205387157	-0.0292131520264381
Cn109	NC_026755.1	1561994	298549633	191.13	0	1693	195.18250742555009	0.9792373431461533	-0.030269518735373802
Cn109	NC_026756.1	774062	149076640	192.59	0	1756	195.18250742555009	0.9867175216685903	-0.01929096706115813
Cn109	NC_026757.1	756744	148195118	195.83	0	1669	195.18250742555009	1.0033173698964641	0.0047780322228710955
Cn109	NC_026758.1	942867	179365244	190.23	0	710	195.18250742555009	0.9746262741939661	-0.03707897933599785
Cn110	NC_026745.1	2291499	532330213	232.31	0	1791	236.72223363553587	0.9813611355056362	-0.02714395688607548
Cn110	NC_026746.1	1621675	453902477	279.9	0	10855	236.72223363553587	1.1823984409970625	0.24171627239161916
Cn110	NC_026747.1	1575141	376069954	238.75	0	3612	236.72223363553587	1.0085660156772014	0.012305518629177612
Cn110	NC_026748.1	1084805	250590113	231	0	1725	236.72223363553587	0.9758272235452713	-0.03530236287787587
Cn110	NC_026749.1	1814975	423776414	233.49	0	1062	236.72223363553587	0.9863458806302399	-0.01983445156219854
Cn110	NC_026750.1	1422463	332675416	233.87	0	1050	236.72223363553587	0.9879511375347731	-0.017488404676083744
Cn110	NC_026751.1	1399503	326518101	233.31	0	2686	236.72223363553587	0.985585495780724	-0.020947069900805897
Cn110	NC_026752.1	1398693	320830779	229.38	0	15610	236.72223363553587	0.9689837598996291	-0.0454556085128532
Cn110	NC_026753.1	1186808	273413374	230.38	0	1391	236.72223363553587	0.9732081201747168	-0.039179737119320775
Cn110	NC_026754.1	1059964	247388599	233.39	0	1924	236.72223363553587	0.985923444602731	-0.020452466925011816
Cn110	NC_026755.1	1561994	359031061	229.85	0	2081	236.72223363553587	0.9709692092289204	-0.0425025483644919
Cn110	NC_026756.1	774062	179431448	231.81	0	3108	236.72223363553587	0.9792489553680924	-0.030252410732097817
Cn110	NC_026757.1	756744	179282959	236.91	0	2403	236.72223363553587	1.0007931927710398	0.0011438816778586974
Cn110	NC_026758.1	942867	216724495	229.86	0	718	236.72223363553587	0.9710114528316713	-0.04243978292362182
Cn111	NC_026745.1	2291499	526208764	229.64	0	6221	227.8745661536569	1.007747393121322	0.011134051176285742
Cn111	NC_026746.1	1621675	431022783	265.79	0	10094	227.8745661536569	1.1663873001990779	0.222046916581709
Cn111	NC_026747.1	1575141	355480783	225.68	0	2116	227.8745661536569	0.9903694115991115	-0.013961338509413033
Cn111	NC_026748.1	1084805	239609051	220.88	0	1488	227.8745661536569	0.9693051915721896	-0.04497711650691522
Cn111	NC_026749.1	1814975	427945811	235.79	0	6682	227.8745661536569	1.0347359250308157	0.049262624478957504
Cn111	NC_026750.1	1422463	317662589	223.32	0	892	227.8745661536569	0.9800128367525416	-0.029127448314676833
Cn111	NC_026751.1	1399503	311689371	222.71	0	1764	227.8745661536569	0.9773359254574536	-0.033073570878707104
Cn111	NC_026752.1	1398693	305539491	218.45	0	11736	227.8745661536569	0.9586414301835604	-0.06093680376340463
Cn111	NC_026753.1	1186808	260520245	219.51	0	1326	227.8745661536569	0.9632931121061723	-0.05395324485648825
Cn111	NC_026754.1	1059964	237316673	223.89	0	1867	227.8745661536569	0.9825142128807385	-0.025449817588130846
Cn111	NC_026755.1	1561994	343925583	220.18	0	3844	227.8745661536569	0.9662333261515968	-0.0495564815662634
Cn111	NC_026756.1	774062	171502066	221.56	0	1999	227.8745661536569	0.9722892894093369	-0.04054246593166367
Cn111	NC_026757.1	756744	170196861	224.91	0	1772	227.8745661536569	0.9869903596364594	-0.01889210156596839
Cn111	NC_026758.1	942867	206202338	218.7	0	651	227.8745661536569	0.9597385249766293	-0.05928668915952887
Cn112	NC_026745.1	2291499	564077267	246.16	0	1739	250.19010615158078	0.9838918244467305	-0.023428390007098964
Cn112	NC_026746.1	1621675	488323221	301.12	0	12137	250.19010615158078	1.2035647797261924	0.26731379438789316
Cn112	NC_026747.1	1575141	386943187	245.66	0	1558	250.19010615158078	0.9818933441403308	-0.02636177119923696
Cn112	NC_026748.1	1084805	264868378	244.16	0	1764	250.19010615158078	0.9758979032211315	-0.03519787150611328
Cn112	NC_026749.1	1814975	448733142	247.24	0	892	250.19010615158078	0.9882085419085541	-0.017112568634573454
Cn112	NC_026750.1	1422463	353351545	248.41	0	978	250.19010615158078	0.9928849858255295	-0.010301486891337955
Cn112	NC_026751.1	1399503	345744165	247.05	0	1626	250.19010615158078	0.9874491193921222	-0.018221683005770203
Cn112	NC_026752.1	1398693	339683404	242.86	0	11213	250.19010615158078	0.9707018544244922	-0.0428998468154646
Cn112	NC_026753.1	1186808	289078310	243.58	0	1500	250.19010615158078	0.9735796660657079	-0.03862905827831699
Cn112	NC_026754.1	1059964	258669289	244.04	0	1963	250.19010615158078	0.9754182679475956	-0.035907103003013134
Cn112	NC_026755.1	1561994	379441765	242.92	0	2271	250.19010615158078	0.97094167206126	-0.04254346449057075
Cn112	NC_026756.1	774062	190415875	246	0	1983	250.19010615158078	0.9832523107486827	-0.024366423226679014
Cn112	NC_026757.1	756744	187846299	248.23	0	1906	250.19010615158078	0.9921655329152256	-0.011347254927463654
Cn112	NC_026758.1	942867	229213735	243.1	0	675	250.19010615158078	0.971661124971564	-0.04147484542455254
Cn113	NC_026745.1	2291499	586991542	256.16	0	1647	260.12608663730236	0.9847532145331033	-0.022165873646269298
Cn113	NC_026746.1	1621675	506326396	312.22	0	13123	260.12608663730236	1.200264087451302	0.2633518689495265
Cn113	NC_026747.1	1575141	411228803	261.07	0	3087	260.12608663730236	1.003628676288871	0.005225598008686034
Cn113	NC_026748.1	1084805	273922062	252.51	0	1736	260.12608663730236	0.9707215576270841	-0.042870563442766484
Cn113	NC_026749.1	1814975	467757555	257.72	0	1177	260.12608663730236	0.9907503062518401	-0.013406586741095173
Cn113	NC_026750.1	1422463	364199709	256.03	0	959	260.12608663730236	0.984253456889875	-0.022898220468124526
Cn113	NC_026751.1	1399503	358486167	256.15	0	1396	260.12608663730236	0.9847147716374701	-0.022222194820600488
Cn113	NC_026752.1	1398693	350628860	250.68	0	9533	260.12608663730236	0.9636865077262582	-0.05336418837426198
Cn113	NC_026753.1	1186808	299408663	252.28	0	1555	260.12608663730236	0.9698373710275269	-0.044185248291383594
Cn113	NC_026754.1	1059964	271251519	255.91	0	1997	260.12608663730236	0.98379214214228	-0.023574563039821837
Cn113	NC_026755.1	1561994	394357651	252.47	0	2092	260.12608663730236	0.9705677860445525	-0.04309911824397132
Cn113	NC_026756.1	774062	196540397	253.91	0	1645	260.12608663730236	0.9761035630156942	-0.03489387135861769
Cn113	NC_026757.1	756744	194928103	257.59	0	2070	260.12608663730236	0.990250548608612	-0.014134499489904055
Cn113	NC_026758.1	942867	238064680	252.49	0	728	260.12608663730236	0.9706446718358184	-0.04298483631735192
Cn114	NC_026745.1	2291499	732102405	319.49	0	1359	237.34058224909353	1.3461246154047481	0.4288119713930073
Cn114	NC_026746.1	1621675	444880214	274.33	0	12540	237.34058224909353	1.1558495281354175	0.2089535958121268
Cn114	NC_026747.1	1575141	346586169	220.04	0	1820	237.34058224909353	0.9271065146754538	-0.10919299620235925
Cn114	NC_026748.1	1084805	233662299	215.4	0	1679	237.34058224909353	0.907556549995877	-0.13994055441611708
Cn114	NC_026749.1	1814975	399650945	220.2	0	938	237.34058224909353	0.9277806513885427	-0.10814433539595575
Cn114	NC_026750.1	1422463	314311110	220.96	0	737	237.34058224909353	0.9309828007757148	-0.1031735795896361
Cn114	NC_026751.1	1399503	307372632	219.63	0	2105	237.34058224909353	0.9253790393481637	-0.11188367392983642
Cn114	NC_026752.1	1398693	301944679	215.88	0	15048	237.34058224909353	0.9095789601351435	-0.13672921187504866
Cn114	NC_026753.1	1186808	258326486	217.66	0	1736	237.34058224909353	0.9170787310682571	-0.12488250060250176
Cn114	NC_026754.1	1059964	234978222	221.69	0	1741	237.34058224909353	0.9340585495291828	-0.0984151097618929
Cn114	NC_026755.1	1561994	338573655	216.76	0	1806	237.34058224909353	0.9132867120571322	-0.13086025206165797
Cn114	NC_026756.1	774062	201550503	260.38	0	2690	237.34058224909353	1.0970732334629825	0.1336598338791386
Cn114	NC_026757.1	756744	167828477	221.78	0	2090	237.34058224909353	0.9344377514302953	-0.09782953438830455
Cn114	NC_026758.1	942867	201878950	214.11	0	718	237.34058224909353	0.9021213227465981	-0.14860662598023994
Cn115	NC_026745.1	2291499	523086735	228.27	0	1619	232.75778888077636	0.9807190603487169	-0.028088177901901767
Cn115	NC_026746.1	1621675	455988657	281.18	0	11960	232.75778888077636	1.2080369097509625	0.27266453471364277
Cn115	NC_026747.1	1575141	361074847	229.23	0	1328	232.75778888077636	0.9848435195327303	-0.022033579991464387
Cn115	NC_026748.1	1084805	247003201	227.69	0	1708	232.75778888077636	0.9782271995917087	-0.031758515541322876
Cn115	NC_026749.1	1814975	411723367	226.85	0	1346	232.75778888077636	0.9746182978056968	-0.03709078646986472
Cn115	NC_026750.1	1422463	326707493	229.68	0	928	232.75778888077636	0.9867768597752368	-0.019204210500789513
Cn115	NC_026751.1	1399503	321407388	229.66	0	1815	232.75778888077636	0.9866909335422364	-0.0193298424981599
Cn115	NC_026752.1	1398693	316033476	225.95	0	12449	232.75778888077636	0.970751617320684	-0.04282588914960569
Cn115	NC_026753.1	1186808	270836805	228.21	0	1251	232.75778888077636	0.980461281649716	-0.028467435275507855
Cn115	NC_026754.1	1059964	241058435	227.42	0	1725	232.75778888077636	0.9770671954462048	-0.03347031140051997
Cn115	NC_026755.1	1561994	356150617	228.01	0	2020	232.75778888077636	0.9796020193197131	-0.02973234705781359
Cn115	NC_026756.1	774062	175919860	227.27	0	2041	232.75778888077636	0.9764227486987028	-0.034422187465459934
Cn115	NC_026757.1	756744	175086896	231.37	0	1921	232.75778888077636	0.9940376264637605	-0.00862763295363732
Cn115	NC_026758.1	942867	214994535	228.02	0	677	232.75778888077636	0.9796449824362133	-0.029669075122146095
Cn116	NC_026745.1	2291499	642824911	280.53	0	1890	285.56853646034955	0.9823561218515081	-0.025681972494579597
Cn116	NC_026746.1	1621675	560308229	345.51	0	14714	285.56853646034955	1.2099021981995315	0.274890432727002
Cn116	NC_026747.1	1575141	446002277	283.15	0	2365	285.56853646034955	0.991530802061293	-0.01227050418731593
Cn116	NC_026748.1	1084805	302116363	278.5	0	2069	285.56853646034955	0.9752474955820947	-0.036159706447503416
Cn116	NC_026749.1	1814975	511746748	281.96	0	1489	285.56853646034955	0.987363676317154	-0.018346523497871144
Cn116	NC_026750.1	1422463	399896116	281.13	0	1081	285.56853646034955	0.9844571936552757	-0.022599618921921354
Cn116	NC_026751.1	1399503	392999060	280.81	0	1877	285.56853646034955	0.9833366220265997	-0.02424272125664434
Cn116	NC_026752.1	1398693	383922342	274.49	0	7626	285.56853646034955	0.9612053323602484	-0.05708344293607508
Cn116	NC_026753.1	1186808	330594348	278.56	0	1612	285.56853646034955	0.9754576027624715	-0.03584892591115864
Cn116	NC_026754.1	1059964	297975028	281.12	0	2759	285.56853646034955	0.9844221757918796	-0.02265093755388365
Cn116	NC_026755.1	1561994	432957327	277.18	0	2779	285.56853646034955	0.9706251376138062	-0.043013870844225366
Cn116	NC_026756.1	774062	216996379	280.33	0	2095	285.56853646034955	0.9816557645835856	-0.026710888874453404
Cn116	NC_026757.1	756744	215881099	285.28	0	2777	285.56853646034955	0.9989896069646677	-0.001458425937265094
Cn116	NC_026758.1	942867	260510110	276.3	0	855	285.56853646034955	0.9675435656349471	-0.04760147186240565
Cn117	NC_026745.1	2291499	505396373	220.55	0	1517	225.2376632857438	0.9791879243579398	-0.03034232849930049
Cn117	NC_026746.1	1621675	432062177	266.43	0	10159	225.2376632857438	1.182883875251353	0.24230844999034765
Cn117	NC_026747.1	1575141	358686272	227.72	0	3497	225.2376632857438	1.0110209663785539	0.01581291591226595
Cn117	NC_026748.1	1084805	238143888	219.53	0	1571	225.2376632857438	0.9746593744470574	-0.03702998336557667
Cn117	NC_026749.1	1814975	402901521	221.99	0	1088	225.2376632857438	0.9855811712909501	-0.020953400080851368
Cn117	NC_026750.1	1422463	316940245	222.81	0	915	225.2376632857438	0.9892217702389143	-0.015634104785355346
Cn117	NC_026751.1	1399503	309863777	221.41	0	1131	225.2376632857438	0.9830061134984877	-0.024727705903882603
Cn117	NC_026752.1	1398693	303942014	217.3	0	8161	225.2376632857438	0.9647587212105206	-0.05175991441023507
Cn117	NC_026753.1	1186808	261277666	220.15	0	1259	225.2376632857438	0.9774120224321036	-0.03296124465462475
Cn117	NC_026754.1	1059964	236425122	223.05	0	1831	225.2376632857438	0.9902873113944162	-0.01408094081794307
Cn117	NC_026755.1	1561994	341374128	218.55	0	1938	225.2376632857438	0.9703084147287587	-0.043484710805849286
Cn117	NC_026756.1	774062	170522440	220.3	0	1464	225.2376632857438	0.9780779856542922	-0.031978593890634933
Cn117	NC_026757.1	756744	170961677	225.92	0	2263	225.2376632857438	1.0030294077122908	0.004363904792299731
Cn117	NC_026758.1	942867	206510868	219.02	0	683	225.2376632857438	0.9723950994916163	-0.04038547214696277
Cn118	NC_026745.1	2291499	536848349	234.28	0	1623	238.6428766039286	0.9817179684304191	-0.026619473592816512
Cn118	NC_026746.1	1621675	431489734	266.08	0	8263	238.6428766039286	1.1149714744748416	0.15700680058493485
Cn118	NC_026747.1	1575141	371963333	236.15	0	2709	238.6428766039286	0.9895539450437233	-0.015149737664406296
Cn118	NC_026748.1	1084805	248841227	229.39	0	1540	238.6428766039286	0.9612270991047202	-0.05705077310197008
Cn118	NC_026749.1	1814975	420415440	231.64	0	1359	238.6428766039286	0.9706554132116368	-0.04296887121257997
Cn118	NC_026750.1	1422463	330783312	232.54	0	906	238.6428766039286	0.9744267388544036	-0.037374372682353676
Cn118	NC_026751.1	1399503	324479703	231.85	0	1423	238.6428766039286	0.9715353891949491	-0.04166154644044605
Cn118	NC_026752.1	1398693	317699897	227.14	0	8247	238.6428766039286	0.9517987849978035	-0.07127148203506198
Cn118	NC_026753.1	1186808	273578763	230.52	0	1473	238.6428766039286	0.965962207967305	-0.04996134831565063
Cn118	NC_026754.1	1059964	245868101	231.96	0	2093	238.6428766039286	0.9719963289957317	-0.040977229769941975
Cn118	NC_026755.1	1561994	357648888	228.97	0	2137	238.6428766039286	0.9594671471380958	-0.05969468656195149
Cn118	NC_026756.1	774062	177794465	229.69	0	1565	238.6428766039286	0.962484207652309	-0.05516522559881093
Cn118	NC_026757.1	756744	255980095	338.27	0	1906	238.6428766039286	1.4174736946429822	0.5033219620033008
Cn118	NC_026758.1	942867	214857333	227.88	0	693	238.6428766039286	0.9548996527485227	-0.06657896183168031
Cn119	NC_026745.1	2291499	465125685	202.98	0	1185	220.8967799969012	0.9188907144904849	-0.12203480577565651
Cn119	NC_026746.1	1621675	389757764	240.34	0	8361	220.8967799969012	1.0880194813313782	0.12170438872846165
Cn119	NC_026747.1	1575141	320504631	203.48	0	1404	220.8967799969012	0.9211542151173705	-0.11848538942817213
Cn119	NC_026748.1	1084805	220032418	202.83	0	1269	220.8967799969012	0.9182116643024193	-0.12310133575761298
Cn119	NC_026749.1	1814975	372009753	204.97	0	1241	220.8967799969012	0.9278994469854898	-0.1079596205639335
Cn119	NC_026750.1	1422463	292030749	205.3	0	795	220.8967799969012	0.9293933573992342	-0.10563876129483643
Cn119	NC_026751.1	1399503	286017239	204.37	0	1344	220.8967799969012	0.925183246233227	-0.11218895385390511
Cn119	NC_026752.1	1398693	281602184	201.33	0	9988	220.8967799969012	0.9114211624217625	-0.13381022578936946
Cn119	NC_026753.1	1186808	242412811	204.26	0	1257	220.8967799969012	0.9246852760953121	-0.11296567831530577
Cn119	NC_026754.1	1059964	217060280	204.78	0	1681	220.8967799969012	0.9270393167472732	-0.1092975684707791
Cn119	NC_026755.1	1561994	316856653	202.85	0	2153	220.8967799969012	0.9183022043274947	-0.12295908619716564
Cn119	NC_026756.1	774062	281941530	364.24	0	1479	220.8967799969012	1.6489149366736342	0.7215169757283985
Cn119	NC_026757.1	756744	296821365	392.23	0	2013	220.8967799969012	1.775625701766691	0.8283274966000329
Cn119	NC_026758.1	942867	190830642	202.39	0	675	220.8967799969012	0.9162197837507599	-0.1262343798692946
Cn120	NC_026745.1	2291499	593911092	259.18	0	1786	264.14403727705286	0.9812070818322269	-0.02737044834675573
Cn120	NC_026746.1	1621675	516304315	318.38	0	13687	264.14403727705286	1.2053272270767204	0.2694248682749352
Cn120	NC_026747.1	1575141	424434662	269.46	0	2141	264.14403727705286	1.020125242188872	0.028746284738720977
Cn120	NC_026748.1	1084805	279031620	257.22	0	1833	264.14403727705286	0.9737868878342675	-0.038322020223878976
Cn120	NC_026749.1	1814975	471146961	259.59	0	1231	264.14403727705286	0.9827592652705756	-0.02509003471481721
Cn120	NC_026750.1	1422463	369009100	259.42	0	1017	264.14403727705286	0.9821156770156506	-0.026035134677138038
Cn120	NC_026751.1	1399503	362246765	258.84	0	1382	264.14403727705286	0.9799199053223767	-0.02926426088039795
Cn120	NC_026752.1	1398693	354754330	253.63	0	9053	264.14403727705286	0.9601958182155557	-0.05859944201188947
Cn120	NC_026753.1	1186808	304634508	256.68	0	1461	264.14403727705286	0.9717425486715642	-0.041353954875807585
Cn120	NC_026754.1	1059964	277168336	261.49	0	2038	264.14403727705286	0.9899523104726793	-0.01456906777768739
Cn120	NC_026755.1	1561994	399806135	255.96	0	2163	264.14403727705286	0.9690167631212934	-0.04540647170028029
Cn120	NC_026756.1	774062	198961853	257.04	0	1705	264.14403727705286	0.9731054414466996	-0.03933195729059593
Cn120	NC_026757.1	756744	197934132	261.56	0	2204	264.14403727705286	0.9902173174011778	-0.014182914815388824
Cn120	NC_026758.1	942867	240652179	255.23	0	731	264.14403727705286	0.9662531194383798	-0.04952692826538434
Cn121	NC_026745.1	2291499	488883114	213.35	0	1625	215.80125040276704	0.9886411668227497	-0.01648111362260926
Cn121	NC_026746.1	1621675	397678063	245.23	0	7285	215.80125040276704	1.136369689898959	0.18443225651370013
Cn121	NC_026747.1	1575141	341242195	216.64	0	1914	215.80125040276704	1.0038866762619194	0.005596419863913788
Cn121	NC_026748.1	1084805	229402619	211.47	0	1861	215.80125040276704	0.9799294471432243	-0.02925021292553794
Cn121	NC_026749.1	1814975	386912384	213.18	0	1121	215.80125040276704	0.9878534049368353	-0.017631129658704538
Cn121	NC_026750.1	1422463	306840866	215.71	0	943	215.80125040276704	0.9995771553566223	-6.101648816366413e-4
Cn121	NC_026751.1	1399503	298761421	213.48	0	1250	215.80125040276704	0.989243572970802	-0.015602307722767002
Cn121	NC_026752.1	1398693	291885627	208.68	0	6386	215.80125040276704	0.9670008844273327	-0.048410885683339566
Cn121	NC_026753.1	1186808	252539194	212.79	0	1296	215.80125040276704	0.9860461864926783	-0.020272870735118517
Cn121	NC_026754.1	1059964	227114830	214.27	0	1697	215.80125040276704	0.9929043487935815	-0.010273352126487214
Cn121	NC_026755.1	1561994	330014906	211.28	0	1677	215.80125040276704	0.9790490073883785	-0.030547017543990102
Cn121	NC_026756.1	774062	163602171	211.36	0	1486	215.80125040276704	0.9794197188641032	-0.03000085246425516
Cn121	NC_026757.1	756744	163888452	216.57	0	2565	215.80125040276704	1.0035623037206605	0.005130185687689073
Cn121	NC_026758.1	942867	197977229	209.97	0	786	215.80125040276704	0.97297860697339	-0.03952001028457141
Cn122	NC_026745.1	2291499	554506194	241.98	0	1668	246.43520988854436	0.9819213744230813	-0.02632058691689172
Cn122	NC_026746.1	1621675	483021574	297.85	0	12676	246.43520988854436	1.2086341076614382	0.2733775605870054
Cn122	NC_026747.1	1575141	381111039	241.95	0	1600	246.43520988854436	0.9817996385720494	-0.02649945927976276
Cn122	NC_026748.1	1084805	261368446	240.94	0	1735	246.43520988854436	0.9777011982539764	-0.03253447394611635
Cn122	NC_026749.1	1814975	441766764	243.4	0	1150	246.43520988854436	0.98768353803859	-0.017879230442833138
Cn122	NC_026750.1	1422463	346811631	243.81	0	940	246.43520988854436	0.9893472613360256	-0.015451098399597093
Cn122	NC_026751.1	1399503	341626361	244.11	0	1439	246.43520988854436	0.9905646198463443	-0.013677001962446441
Cn122	NC_026752.1	1398693	333621452	238.52	0	10249	246.43520988854436	0.9678811729374054	-0.04709815661975376
Cn122	NC_026753.1	1186808	285921142	240.92	0	1553	246.43520988854436	0.9776200410199551	-0.03265423446093123
Cn122	NC_026754.1	1059964	255182703	240.75	0	1777	246.43520988854436	0.9769302045307745	-0.03367260042574002
Cn122	NC_026755.1	1561994	374980267	240.07	0	2161	246.43520988854436	0.9741708585740521	-0.03775326795979161
Cn122	NC_026756.1	774062	186041100	240.34	0	1674	246.43520988854436	0.9752664812333389	-0.03613162102466147
Cn122	NC_026757.1	756744	185264775	244.82	0	2022	246.43520988854436	0.9934457016540985	-0.009486978036583273
Cn122	NC_026758.1	942867	224231664	237.82	0	685	246.43520988854436	0.9650406697466617	-0.05133835167197646
Cn123	NC_026745.1	2291499	554452658	241.96	0	1644	245.82589950777592	0.9842738315388382	-0.022868356106890714
Cn123	NC_026746.1	1621675	490639699	302.55	0	14274	245.82589950777592	1.230749081385665	0.2995366627652741
Cn123	NC_026747.1	1575141	387807952	246.21	0	3268	245.82589950777592	1.0015624899288202	0.0022524372244046627
Cn123	NC_026748.1	1084805	258016817	237.85	0	1611	245.82589950777592	0.9675546818958202	-0.04758489660638919
Cn123	NC_026749.1	1814975	439265209	242.02	0	1660	245.82589950777592	0.9845179067161086	-0.02251064833840099
Cn123	NC_026750.1	1422463	342347684	240.67	0	858	245.82589950777592	0.979026215227526	-0.03058060372807007
Cn123	NC_026751.1	1399503	335753948	239.91	0	1366	245.82589950777592	0.9759345963154351	-0.03514362817815809
Cn123	NC_026752.1	1398693	329610459	235.66	0	10637	245.82589950777592	0.958645937925453	-0.06093001991140382
Cn123	NC_026753.1	1186808	282203110	237.78	0	1303	245.82589950777592	0.9672699275223382	-0.048009548767065896
Cn123	NC_026754.1	1059964	256055050	241.57	0	1859	245.82589950777592	0.982687342886581	-0.025195620963086217
Cn123	NC_026755.1	1561994	370165337	236.98	0	2085	245.82589950777592	0.9640155918254003	-0.052871614337443515
Cn123	NC_026756.1	774062	183863891	237.53	0	1627	245.82589950777592	0.9662529476170452	-0.04952718480873142
Cn123	NC_026757.1	756744	191204636	252.67	0	3982	245.82589950777592	1.027841250681593	0.0396174585590152
Cn123	NC_026758.1	942867	222558062	236.04	0	711	245.82589950777592	0.9601917473814985	-0.0586055584565195
Cn124	NC_026745.1	2291499	687832353	300.17	0	1945	304.67968354354326	0.9851986076291865	-0.02151350599475063
Cn124	NC_026746.1	1621675	586220777	361.49	0	14211	304.67968354354326	1.186459155384864	0.24666243568737697
Cn124	NC_026747.1	1575141	480497976	305.05	0	3359	304.67968354354326	1.0012154287813018	0.0017524283150348646
Cn124	NC_026748.1	1084805	323018785	297.77	0	2074	304.67968354354326	0.9773214824724085	-0.033094891057697175
Cn124	NC_026749.1	1814975	546991247	301.38	0	1362	304.67968354354326	0.9891699915623954	-0.01570962151697248
Cn124	NC_026750.1	1422463	423386727	297.64	0	1174	304.67968354354326	0.9768948048597497	-0.033724878321249346
Cn124	NC_026751.1	1399503	419410158	299.69	0	1885	304.67968354354326	0.9836231825978309	-0.023822357284810726
Cn124	NC_026752.1	1398693	410937518	293.8	0	13307	304.67968354354326	0.9642914046089051	-0.05245890646631567
Cn124	NC_026753.1	1186808	355661165	299.68	0	1610	304.67968354354326	0.983590361243011	-0.02387049766691262
Cn124	NC_026754.1	1059964	321222235	303.05	0	2397	304.67968354354326	0.9946511578173202	-0.007737459814140733
Cn124	NC_026755.1	1561994	461802793	295.65	0	2500	304.67968354354326	0.9703633552505879	-0.04340302525795383
Cn124	NC_026756.1	774062	231524670	299.1	0	2227	304.67968354354326	0.9816867226634565	-0.0266653919032434
Cn124	NC_026757.1	756744	229815054	303.69	0	2311	304.67968354354326	0.9967517245257942	-0.004693898589854048
Cn124	NC_026758.1	942867	277441247	294.25	0	883	304.67968354354326	0.9657683655758008	-0.050250887096789154
Cn125	NC_026745.1	2291499	616593235	269.08	0	1848	270.4433411907866	0.9949588657469483	-0.0072912128588094455
Cn125	NC_026746.1	1621675	495820467	305.75	0	8853	270.4433411907866	1.1305510376175467	0.17702612261194758
Cn125	NC_026747.1	1575141	424033447	269.2	0	2009	270.4433411907866	0.995402581607992	-0.006647966192484444
Cn125	NC_026748.1	1084805	281364524	259.37	0	1924	270.4433411907866	0.9590548573241638	-0.0603147560505908
Cn125	NC_026749.1	1814975	487632200	268.67	0	1630	270.4433411907866	0.9934428365550492	-0.009491138777471004
Cn125	NC_026750.1	1422463	383708139	269.75	0	1054	270.4433411907866	0.9974362793044422	-0.003703416427422226
Cn125	NC_026751.1	1399503	372843928	266.41	0	1603	270.4433411907866	0.9850861878387265	-0.021678139528688037
Cn125	NC_026752.1	1398693	367500466	262.75	0	9977	270.4433411907866	0.9715528540768942	-0.04163561195326069
Cn125	NC_026753.1	1186808	317000211	267.1	0	1818	270.4433411907866	0.9876375540397276	-0.017946400167691536
Cn125	NC_026754.1	1059964	286430905	270.23	0	2118	270.4433411907866	0.999211142748617	-0.0011385295722591937
Cn125	NC_026755.1	1561994	415483605	266	0	2227	270.4433411907866	0.9835701586468272	-0.023900130414249557
Cn125	NC_026756.1	774062	206135506	266.3	0	1661	270.4433411907866	0.9846794482994364	-0.022273947592187215
Cn125	NC_026757.1	756744	206035126	272.27	0	2360	270.4433411907866	1.0067543123863594	0.009711652015567084
Cn125	NC_026758.1	942867	248415595	263.47	0	795	270.4433411907866	0.9742151492431563	-0.03768767733408497
Cn126	NC_026745.1	2291499	475429401	207.48	0	1452	209.84006870291358	0.988753012151102	-0.01631791024874654
Cn126	NC_026746.1	1621675	400475559	246.95	0	9401	209.84006870291358	1.1768486425232052	0.2349287836536219
Cn126	NC_026747.1	1575141	327177557	207.71	0	1374	209.84006870291358	0.9898490849908685	-0.014719510030307194
Cn126	NC_026748.1	1084805	221757338	204.42	0	1560	209.84006870291358	0.9741704778481216	-0.03775383179468186
Cn126	NC_026749.1	1814975	376700063	207.55	0	809	209.84006870291358	0.989086599537118	-0.015831253121214268
Cn126	NC_026750.1	1422463	296235374	208.26	0	811	209.84006870291358	0.9924701287381362	-0.010904414062382203
Cn126	NC_026751.1	1399503	290306569	207.44	0	1131	209.84006870291358	0.9885623907876644	-0.016596073758889805
Cn126	NC_026752.1	1398693	283039196	202.36	0	3097	209.84006870291358	0.9643534776310826	-0.05236604080491363
Cn126	NC_026753.1	1186808	246886103	208.03	0	1111	209.84006870291358	0.9913740558983698	-0.012498590685254439
Cn126	NC_026754.1	1059964	218142185	205.8	0	1786	209.84006870291358	0.9807469148867207	-0.028047202830853473
Cn126	NC_026755.1	1561994	317886466	203.51	0	1854	209.84006870291358	0.96983384182991506	-0.044190498207822164
Cn126	NC_026756.1	774062	159971915	206.67	0	1346	209.84006870291358	0.9848929295414895	-0.02196120119717879
Cn126	NC_026757.1	756744	157887817	208.64	0	1682	209.84006870291358	0.9942810316907938	-0.008274410381107034
Cn126	NC_026758.1	942867	192233694	203.88	0	600	209.84006870291358	0.9715970894417133	-0.04156992670680778
Cn127	NC_026745.1	2291499	522035395	227.81	0	1648	231.94794754359876	0.9821600165579351	-0.02597000284458602
Cn127	NC_026746.1	1621675	449920395	277.44	0	11223	231.94794754359876	1.1961304376183377	0.25837472351943996
Cn127	NC_026747.1	1575141	360284515	228.73	0	1626	231.94794754359876	0.9861264237184341	-0.020155479542119402
Cn127	NC_026748.1	1084805	246895902	227.59	0	1698	231.94794754359876	0.98121152788912	-0.027363911205088392
Cn127	NC_026749.1	1814975	415842887	229.12	0	1245	231.94794754359876	0.9878078354495153	-0.017697682438138646
Cn127	NC_026750.1	1422463	326484229	229.52	0	872	231.94794754359876	0.9895323603019062	-0.015181206933730792
Cn127	NC_026751.1	1399503	319229687	228.1	0	1230	231.94794754359876	0.9834102970759184	-0.024134633502895467
Cn127	NC_026752.1	1398693	312482616	223.41	0	7423	231.94794754359876	0.9631902431816349	-0.05410731676894505
Cn127	NC_026753.1	1186808	269422463	227.01	0	1279	231.94794754359876	0.9787109668531532	-0.031045229188984672
Cn127	NC_026754.1	1059964	243322126	229.56	0	1745	231.94794754359876	0.9897048127871453	-0.01492980063512662
Cn127	NC_026755.1	1561994	351904471	225.29	0	1817	231.94794754359876	0.9712955099878723	-0.04201780240113332
Cn127	NC_026756.1	774062	176055398	227.44	0	1480	231.94794754359876	0.9805648310694735	-0.028315076024867717
Cn127	NC_026757.1	756744	175317882	231.67	0	1951	231.94794754359876	0.9988016813835073	-0.0017298449852678592
Cn127	NC_026758.1	942867	212575477	225.46	0	663	231.94794754359876	0.9720284330501384	-0.040929579800668525
Cn128	NC_026745.1	2291499	570565910	248.99	0	1774	282.9697452670141	0.8799173910449318	-0.18456000877842563
Cn128	NC_026746.1	1621675	620520960	382.64	0	10073	282.9697452670141	1.3522293686872273	0.4353398860884255
Cn128	NC_026747.1	1575141	395194917	250.89	0	1868	282.9697452670141	0.8866318897918106	-0.1735928415460265
Cn128	NC_026748.1	1084805	266747121	245.89	0	2015	282.9697452670141	0.8689621562473926	-0.20263474659689493
Cn128	NC_026749.1	1814975	454156390	250.23	0	1435	282.9697452670141	0.8842994849639475	-0.17739304619778024
Cn128	NC_026750.1	1422463	354786584	249.42	0	891	282.9697452670141	0.8814369881297518	-0.18207065655235144
Cn128	NC_026751.1	1399503	347276059	248.14	0	1918	282.9697452670141	0.8769135363423807	-0.18949349490786396
Cn128	NC_026752.1	1398693	337002807	240.94	0	7207	282.9697452670141	0.8514691200384187	-0.23197388580007247
Cn128	NC_026753.1	1186808	562268244	473.77	0	1783	282.9697452670141	1.6742779322677912	0.7435390369812755
Cn128	NC_026754.1	1059964	264509967	249.55	0	2534	282.9697452670141	0.8818964012019067	-0.18131890650902543
Cn128	NC_026755.1	1561994	385535588	246.82	0	2750	282.9697452670141	0.8722487266866543	-0.19718850852009442
Cn128	NC_026756.1	774062	194294519	251.01	0	2012	282.9697452670141	0.8870559633968768	-0.17290296942725555
Cn128	NC_026757.1	756744	362338867	478.81	0	2301	282.9697452670141	1.6920890236805648	0.7588054730937062
Cn128	NC_026758.1	942867	230438138	244.4	0	781	282.9697452670141	0.8636965756511561	-0.21140352519178807
Cn129	NC_026745.1	2291499	534851689	233.41	0	1637	238.47787934832914	0.978749058981161	-0.030989079562984134
Cn129	NC_026746.1	1621675	462761341	285.36	0	11641	238.47787934832914	1.19658896992787	0.25892766950638796
Cn129	NC_026747.1	1575141	377667848	239.77	0	3121	238.47787934832914	1.005418199185609	0.007795708764173687
Cn129	NC_026748.1	1084805	252995001	233.22	0	1687	238.47787934832914	0.9779523393838583	-0.03216393790007091
Cn129	NC_026749.1	1814975	425788104	234.6	0	1183	238.47787934832914	0.9837390396168989	-0.023652438044553418
Cn129	NC_026750.1	1422463	335258390	235.69	0	875	238.47787934832914	0.9883096941487933	-0.016964903075173992
Cn129	NC_026751.1	1399503	328135058	234.47	0	1244	238.47787934832914	0.9831939156819023	-0.024452107007042694
Cn129	NC_026752.1	1398693	321318826	229.73	0	7842	238.47787934832914	0.9633178583597194	-0.05391618361493797
Cn129	NC_026753.1	1186808	275759832	232.35	0	1188	238.47787934832914	0.9743042022804197	-0.03755580656233723
Cn129	NC_026754.1	1059964	249613049	235.49	0	1630	238.47787934832914	0.9874710419411062	-0.018189653809528816
Cn129	NC_026755.1	1561994	362021249	231.77	0	2014	238.47787934832914	0.9718721108781273	-0.041161613505820774
Cn129	NC_026756.1	774062	180681433	233.42	0	1501	238.47787934832914	0.9787909915915454	-0.030927271408362173
Cn129	NC_026757.1	756744	180488554	238.51	0	2337	238.47787934832914	1.0001346902771806	1.9430390981440995e-4
Cn129	NC_026758.1	942867	217791271	230.99	0	670	238.47787934832914	0.9686013672681478	-0.046025055452280736
Cn130	NC_026745.1	2291499	548222952	239.24	0	1542	244.6610415234231	0.977842645115593	-0.03232577017621477
Cn130	NC_026746.1	1621675	485289831	299.25	0	13799	244.6610415234231	1.2231207638807944	0.29056685427466183
Cn130	NC_026747.1	1575141	384042143	243.81	0	2723	244.6610415234231	0.9965215486776156	-0.005027092799238188
Cn130	NC_026748.1	1084805	258420041	238.22	0	1668	244.6610415234231	0.973673611935448	-0.038489851692278705
Cn130	NC_026749.1	1814975	437260592	240.92	0	1155	244.6610415234231	0.9847092880005378	-0.022230228860572313
Cn130	NC_026750.1	1422463	342931959	241.08	0	838	244.6610415234231	0.9853632539895802	-0.02127242298911686
Cn130	NC_026751.1	1399503	336687829	240.58	0	1442	244.6610415234231	0.9833196102738229	-0.024267680139610698
Cn130	NC_026752.1	1398693	327786231	234.35	0	9992	244.6610415234231	0.9578558095754858	-0.062119598077178435
Cn130	NC_026753.1	1186808	281747176	237.4	0	1334	244.6610415234231	0.970322036241606	-0.043464457914295825
Cn130	NC_026754.1	1059964	257698740	243.12	0	1851	244.6610415234231	0.9937013203498704	-0.009115812921270634
Cn130	NC_026755.1	1561994	370684676	237.32	0	1960	244.6610415234231	0.9699950532470847	-0.04395070498357337
Cn130	NC_026756.1	774062	185462352	239.6	0	1589	244.6610415234231	0.9793140685909384	-0.030156484767416936
Cn130	NC_026757.1	756744	183686458	242.73	0	2683	244.6610415234231	0.9921072782515795	-0.011431964765649215
Cn130	NC_026758.1	942867	222017975	235.47	0	706	244.6610415234231	0.9624335714987824	-0.05524112757071918
Cn131	NC_026745.1	2291499	497650209	217.17	0	1759	223.41894209645733	0.9720303836468822	-0.04092668470693486
Cn131	NC_026746.1	1621675	456089149	281.25	0	13871	223.41894209645733	1.2588458138816856	0.3321015895141258
Cn131	NC_026747.1	1575141	349490846	221.88	0	2246	223.41894209645733	0.9931118548766876	-0.009971876239646332
Cn131	NC_026748.1	1084805	234899504	216.54	0	1708	223.41894209645733	0.9692105690237873	-0.0451179577466096
Cn131	NC_026749.1	1814975	398667137	219.65	0	1102	223.41894209645733	0.9831306062901768	-0.024545007384874556
Cn131	NC_026750.1	1422463	312538811	219.72	0	940	223.41894209645733	0.9834439190260762	-0.024085309846505226
Cn131	NC_026751.1	1399503	305399993	218.22	0	1105	223.41894209645733	0.9767300746853739	-0.03396817518822547
Cn131	NC_026752.1	1398693	299293877	213.98	0	6683	223.41894209645733	0.9577522746823219	-0.06227554780228074
Cn131	NC_026753.1	1186808	257034090	216.58	0	1149	223.41894209645733	0.9693896048728727	-0.04485148285835863
Cn131	NC_026754.1	1059964	233111099	219.92	0	1867	223.41894209645733	0.9843390982715031	-0.022772694852045357
Cn131	NC_026755.1	1561994	336289498	215.29	0	1925	223.41894209645733	0.9636156987398687	-0.05347019746117909
Cn131	NC_026756.1	774062	168660433	217.89	0	1528	223.41894209645733	0.9752530289304193	-0.036151520923749715
Cn131	NC_026757.1	756744	168612786	222.81	0	1939	223.41894209645733	0.9972744383679231	-0.003937522671473314
Cn131	NC_026758.1	942867	202912923	215.21	0	662	223.41894209645733	0.9632576270416979	-0.05400639074619498
Cn132	NC_026745.1	2291499	593354050	258.94	0	1507	264.600509295522	0.9786073378672148	-0.03119799435128335
Cn132	NC_026746.1	1621675	487206571	300.43	0	9706	264.600509295522	1.1354097571462398	0.18321304458169832
Cn132	NC_026747.1	1575141	406907920	258.33	0	2229	264.600509295522	0.9763019757134378	-0.034600644351839384
Cn132	NC_026748.1	1084805	278640956	256.86	0	1466	264.600509295522	0.9707464308510574	-0.042833597108948906
Cn132	NC_026749.1	1814975	473099392	260.66	0	1381	264.600509295522	0.985107703284422	-0.021646629709326085
Cn132	NC_026750.1	1422463	368797185	259.27	0	880	264.600509295522	0.9798545009995859	-0.029360556139560037
Cn132	NC_026751.1	1399503	359774305	257.07	0	1310	264.600509295522	0.9715400801171117	-0.04165458060690219
Cn132	NC_026752.1	1398693	351067611	251	0	7336	264.600509295522	0.9485998370459215	-0.07612847430152801
Cn132	NC_026753.1	1186808	305027345	257.01	0	1790	264.600509295522	0.9713133231839534	-0.04199134415672463
Cn132	NC_026754.1	1059964	277283612	261.6	0	1717	264.600509295522	0.9886602285705701	-0.01645329764157967
Cn132	NC_026755.1	1561994	460820539	295.02	0	2148	264.600509295522	1.114963840339792	0.15699692251474645
Cn132	NC_026756.1	774062	199293301	257.46	0	1465	264.600509295522	0.9730140001826412	-0.03946753155748307
Cn132	NC_026757.1	756744	198164184	261.86	0	2856	264.600509295522	0.9896428419475898	-0.015020138502475792
Cn132	NC_026758.1	942867	239182318	253.68	0	706	264.600509295522	0.9587283133936628	-0.06080605592318556
Cn133	NC_026745.1	2291499	575309740	251.06	0	1477	251.2890824311625	0.9990883709353936	-0.001315802583745509
Cn133	NC_026746.1	1621675	492687031	303.81	0	12964	251.2890824311625	1.2090059665971558	0.2738213644868602
Cn133	NC_026747.1	1575141	388482454	246.63	0	1996	251.2890824311625	0.9814592723802921	-0.026999693476194964
Cn133	NC_026748.1	1084805	266031776	245.23	0	1793	251.2890824311625	0.9758879996992216	-0.035212512212274207
Cn133	NC_026749.1	1814975	448572750	247.15	0	1071	251.2890824311625	0.9835286022332611	-0.023961086409922082
Cn133	NC_026750.1	1422463	352196124	247.6	0	862	251.2890824311625	0.9853193684521766	-0.021336678335430313
Cn133	NC_026751.1	1399503	344637127	246.26	0	1290	251.2890824311625	0.9799868646002948	-0.02916568290749227
Cn133	NC_026752.1	1398693	336506557	240.59	0	5100	251.2890824311625	0.9574232102419595	-0.06277131400715596
Cn133	NC_026753.1	1186808	291696897	245.78	0	1641	251.2890824311625	0.978076713966785	-0.03198046966994884
Cn133	NC_026754.1	1059964	262178869	247.35	0	1725	251.2890824311625	0.9843244983305569	-0.022794093391071645
Cn133	NC_026755.1	1561994	380987358	243.91	0	2225	251.2890824311625	0.9706350854570694	-0.042999084877899996
Cn133	NC_026756.1	774062	190072935	245.55	0	1503	251.2890824311625	0.9771614334548949	-0.03333117035438522
Cn133	NC_026757.1	756744	188393734	248.95	0	2217	251.2890824311625	0.9906916671089231	-0.013491977483645761
Cn133	NC_026758.1	942867	229397203	243.3	0	721	251.2890824311625	0.9682076023603173	-0.04661167261126575
Cn134	NC_026745.1	2291499	647413460	282.53	0	1332	261.51263496169884	1.0803684496597243	0.11152341409680121
Cn134	NC_026746.1	1621675	542033337	334.24	0	18318	261.51263496169884	1.2781026815356467	0.3540037456679052
Cn134	NC_026747.1	1575141	394468079	250.43	0	1764	261.51263496169884	0.9576210343973552	-0.06247325308269273
Cn134	NC_026748.1	1084805	271296023	250.09	0	1455	261.51263496169884	0.9563209060113986	-0.06443328021187912
Cn134	NC_026749.1	1814975	458712701	252.74	0	875	261.51263496169884	0.9664542596078248	-0.04922664077315898
Cn134	NC_026750.1	1422463	360612118	253.51	0	872	261.51263496169884	0.9693986680113146	-0.04483799469663628
Cn134	NC_026751.1	1399503	350965339	250.78	0	1385	261.51263496169884	0.9589594018534869	-0.0604583557486911
Cn134	NC_026752.1	1398693	344829621	246.54	0	8457	261.51263496169884	0.9427460360992052	-0.08505891551039052
Cn134	NC_026753.1	1186808	295519117	249	0	1537	261.51263496169884	0.9521528473623027	-0.07073490955639727
Cn134	NC_026754.1	1059964	269526782	254.28	0	1856	261.51263496169884	0.9723430764148044	-0.0404626583058771
Cn134	NC_026755.1	1561994	387330578	247.97	0	1943	261.51263496169884	0.9482142231342577	-0.07671506135547092
Cn134	NC_026756.1	774062	195490909	252.55	0	1526	261.51263496169884	0.9657277172744961	-0.05031161008063797
Cn134	NC_026757.1	756744	189447811	250.35	0	2002	261.51263496169884	0.9573151218359537	-0.06293419642808565
Cn134	NC_026758.1	942867	232639784	246.74	0	746	261.51263496169884	0.943510817502709	-0.08388903623700139
Cn135	NC_026745.1	2291499	547176823	238.79	0	1733	254.91079128777096	0.9367590865560019	-0.09425002813419762
Cn135	NC_026746.1	1621675	687621161	424.02	0	9644	254.91079128777096	1.6634054519932826	0.7341398657296787
Cn135	NC_026747.1	1575141	383865642	243.7	0	2722	254.91079128777096	0.9560207269722253	-0.06488619804547287
Cn135	NC_026748.1	1084805	258738566	238.51	0	2039	254.91079128777096	0.9356606630699444	-0.09594269378593727
Cn135	NC_026749.1	1814975	433210603	238.69	0	1574	254.91079128777096	0.9363667924538386	-0.09485432362803274
Cn135	NC_026750.1	1422463	341157136	239.84	0	909	254.91079128777096	0.9408781746287178	-0.08792016070831618
Cn135	NC_026751.1	1399503	334383364	238.93	0	1978	254.91079128777096	0.9373082982990308	-0.09340443945670172
Cn135	NC_026752.1	1398693	325942340	233.03	0	5294	254.91079128777096	0.9141629462713897	-0.12947675145830853
Cn135	NC_026753.1	1186808	286939919	241.77	0	1529	254.91079128777096	0.9484494508004716	-0.07635721004642722
Cn135	NC_026754.1	1059964	254614264	240.21	0	2123	254.91079128777096	0.9423296628067225	-0.08569623707189691
Cn135	NC_026755.1	1561994	370707229	237.33	0	2316	254.91079128777096	0.9310315926644163	-0.10309797134930318
Cn135	NC_026756.1	774062	184685298	238.59	0	1642	254.91079128777096	0.9359744983516752	-0.09545887234660451
Cn135	NC_026757.1	756744	184288250	243.53	0	2359	254.91079128777096	0.9553538269985475	-0.06589294297868144
Cn135	NC_026758.1	942867	222238361	235.7	0	738	254.91079128777096	0.9246371987991526	-0.11304069051864611
Cn136	NC_026745.1	2291499	632726579	276.12	0	1401	254.60893793208297	1.0844866729449032	0.11701232410798769
Cn136	NC_026746.1	1621675	519989762	320.65	0	16770	254.60893793208297	1.2593823398514528	0.33271634188789767
Cn136	NC_026747.1	1575141	383633177	243.55	0	1825	254.60893793208297	0.9565650050547992	-0.0640650821094476
Cn136	NC_026748.1	1084805	265473183	244.72	0	1512	254.60893793208297	0.9611602875672776	-0.057151053279055786
Cn136	NC_026749.1	1814975	446159772	245.82	0	776	254.60893793208297	0.9654806386473855	-0.050680766635800935
Cn136	NC_026750.1	1422463	351374845	247.02	0	875	254.60893793208297	0.9701937489165942	-0.043655210794832665
Cn136	NC_026751.1	1399503	343115902	245.17	0	1406	254.60893793208297	0.9629277039182308	-0.054500609501892984
Cn136	NC_026752.1	1398693	336125509	240.31	0	6130	254.60893793208297	0.9438396073279359	-0.0833863808223975
Cn136	NC_026753.1	1186808	288977488	243.49	0	1560	254.60893793208297	0.9563293495413389	-0.0644205424531205
Cn136	NC_026754.1	1059964	262200794	247.37	0	2071	254.60893793208297	0.9715684060784466	-0.04161251839139589
Cn136	NC_026755.1	1561994	376545201	241.07	0	2117	254.60893793208297	0.9468245771651014	-0.07883093962385941
Cn136	NC_026756.1	774062	190551446	246.17	0	1545	254.60893793208297	0.966855295809238	-0.04862810967329126
Cn136	NC_026757.1	756744	185749042	245.46	0	1954	254.60893793208297	0.964066705566623	-0.05279512222805558
Cn136	NC_026758.1	942867	227243886	241.01	0	691	254.60893793208297	0.9465889216516409	-0.07919005720973861
Cn137	NC_026745.1	2291499	614606745	268.21	0	1161	272.8896973314496	0.9828513227974096	-0.024954900178665123
Cn137	NC_026746.1	1621675	512963518	316.32	0	10398	272.8896973314496	1.1591496604424765	0.21306684800010564
Cn137	NC_026747.1	1575141	423732918	269.01	0	1515	272.8896973314496	0.985782910203688	-0.020658124608695445
Cn137	NC_026748.1	1084805	289968953	267.3	0	1705	272.8896973314496	0.979516642122768	-0.029858090598661714
Cn137	NC_026749.1	1814975	489616320	269.76	0	1219	272.8896973314496	0.988531273397074	-0.016641486787019998
Cn137	NC_026750.1	1422463	386276874	271.55	0	847	272.8896973314496	0.995090700218622	-0.0071000649175390566
Cn137	NC_026751.1	1399503	378496279	270.45	0	1687	272.8896973314496	0.9910597675349891	-0.012956030688242132
Cn137	NC_026752.1	1398693	370503899	264.89	0	4810	272.8896973314496	0.9706852350613543	-0.042924547374062344
Cn137	NC_026753.1	1186808	317134269	267.22	0	1513	272.8896973314496	0.9792234833821403	-0.030289938253128736
Cn137	NC_026754.1	1059964	289907158	273.51	0	2341	272.8896973314496	1.002273089364004	0.0032756532355043533
Cn137	NC_026755.1	1561994	418391706	267.86	0	2709	272.8896973314496	0.9815687533071629	-0.026838771076346007
Cn137	NC_026756.1	774062	209477665	270.62	0	2075	272.8896973314496	0.9916827298588233	-0.01204946346026239
Cn137	NC_026757.1	756744	202875628	268.09	0	1930	272.8896973314496	0.9824115846864678	-0.025600521688252702
Cn137	NC_026758.1	942867	251260008	266.49	0	848	272.8896973314496	0.9765484098739111	-0.034236531109236044
Cn138	NC_026745.1	2291499	578345225	252.39	0	1372	257.0866557765833	0.9817312346982923	-0.026599978126530494
Cn138	NC_026746.1	1621675	522504063	322.2	0	15879	257.0866557765833	1.2532739166361178	0.3257017658043506
Cn138	NC_026747.1	1575141	395114009	250.84	0	1717	257.0866557765833	0.9757021391961632	-0.035487303544251156
Cn138	NC_026748.1	1084805	271209767	250.01	0	1671	257.0866557765833	0.972473655798249	-0.0402689267052584
Cn138	NC_026749.1	1814975	458065028	252.38	0	1168	257.0866557765833	0.981692337307956	-0.026657140598193827
Cn138	NC_026750.1	1422463	359044801	252.41	0	949	257.0866557765833	0.981809029478965	-0.02648565997743023
Cn138	NC_026751.1	1399503	351588118	251.22	0	1565	257.0866557765833	0.9771802400289433	-0.03330340432812205
Cn138	NC_026752.1	1398693	343625148	245.68	0	4693	257.0866557765833	0.955631085782624	-0.06547431081370575
Cn138	NC_026753.1	1186808	298932407	251.88	0	1779	257.0866557765833	0.9797474677911402	-0.029518155776269886
Cn138	NC_026754.1	1059964	266720024	251.63	0	1639	257.0866557765833	0.9787750330327323	-0.030950793816669507
Cn138	NC_026755.1	1561994	389082212	249.09	0	2093	257.0866557765833	0.9688950958873079	-0.045587624124240264
Cn138	NC_026756.1	774062	195257941	252.25	0	1377	257.0866557765833	0.9811866712335838	-0.027400458908498543
Cn138	NC_026757.1	756744	192186104	253.96	0	1871	257.0866557765833	0.987838124981094	-0.017653445203453823
Cn138	NC_026758.1	942867	234998785	249.24	0	765	257.0866557765833	0.9694785567423526	-0.044719106223776575
Cn139	NC_026745.1	2291499	577223832	251.9	0	1623	271.911640678278	0.9264038838927258	-0.11028679313509503
Cn139	NC_026746.1	1621675	505502557	311.72	0	13236	271.911640678278	1.1464018209092517	0.19711280624676902
Cn139	NC_026747.1	1575141	403527851	256.19	0	1896	271.911640678278	0.9421810679415538	-0.08592375190853532
Cn139	NC_026748.1	1084805	273696145	252.3	0	1600	271.911640678278	0.9278749500045046	-0.10799770889303582
Cn139	NC_026749.1	1814975	462085344	254.6	0	1396	271.911640678278	0.9363335801472329	-0.09490549596797838
Cn139	NC_026750.1	1422463	362048158	254.52	0	826	271.911640678278	0.9360393669248772	-0.0953588885049873
Cn139	NC_026751.1	1399503	354451215	253.27	0	1655	271.911640678278	0.9314422853255683	-0.10246171622413996
Cn139	NC_026752.1	1398693	347500655	248.45	0	4671	271.911640678278	0.9137159386786332	-0.13018237331922639
Cn139	NC_026753.1	1186808	563014255	474.39	0	1511	271.911640678278	1.744647631916912	0.8029356834151459
Cn139	NC_026754.1	1059964	272266807	256.86	0	2160	271.911640678278	0.9446451036787834	-0.08215567383862275
Cn139	NC_026755.1	1561994	389245331	249.2	0	2613	271.911640678278	0.9164741876382185	-0.12583384684533444
Cn139	NC_026756.1	774062	196990052	254.49	0	1842	271.911640678278	0.9359290369664938	-0.09552894744794246
Cn139	NC_026757.1	756744	194167789	256.58	0	2076	271.911640678278	0.9436153574005381	-0.0837291961644794
Cn139	NC_026758.1	942867	235015292	249.26	0	685	271.911640678278	0.9166948475549853	-0.12548653029888582
Cn140	NC_026745.1	2291499	548436616	239.34	0	1710	243.25869483203098	0.9838908334407663	-0.023429843134439306
Cn140	NC_026746.1	1621675	451069075	278.15	0	9038	243.25869483203098	1.1434329210393128	0.1933717331982161
Cn140	NC_026747.1	1575141	384084625	243.84	0	2323	243.25869483203098	1.0023896583362433	0.003443435550563262
Cn140	NC_026748.1	1084805	260192223	239.85	0	1775	243.25869483203098	0.9859873669289203	-0.020358932853908336
Cn140	NC_026749.1	1814975	436985710	240.77	0	1223	243.25869483203098	0.9897693489075513	-0.014835729247176539
Cn140	NC_026750.1	1422463	344256649	242.01	0	933	243.25869483203098	0.9948668028787493	-0.0074247106275734396
Cn140	NC_026751.1	1399503	336820307	240.67	0	1307	243.25869483203098	0.9893582639098739	-0.015435054214622974
Cn140	NC_026752.1	1398693	330049636	235.97	0	7556	243.25869483203098	0.9700372690190425	-0.0438879179009444
Cn140	NC_026753.1	1186808	283893141	239.21	0	1469	243.25869483203098	0.9833564229437859	-0.02421367078015677
Cn140	NC_026754.1	1059964	253646431	239.3	0	1723	243.25869483203098	0.9837263994416955	-0.023670975516897442
Cn140	NC_026755.1	1561994	371229512	237.66	0	1950	243.25869483203098	0.9769846054797883	-0.03359226531698297
Cn140	NC_026756.1	774062	185934180	240.21	0	1598	243.25869483203098	0.9874672729205586	-0.01819516035847995
Cn140	NC_026757.1	756744	184980920	244.44	0	2156	243.25869483203098	1.0048561683223067	0.006989013744285188
Cn140	NC_026758.1	942867	223867928	237.43	0	711	243.25869483203098	0.9760391099851305	-0.03498913700583121
Cn141	NC_026745.1	2291499	593676609	259.08	0	1666	262.2811626560588	0.9877949196822164	-0.017716546061792997
Cn141	NC_026746.1	1621675	488156426	301.02	0	9757	262.2811626560588	1.1476996554065957	0.1987451486799986
Cn141	NC_026747.1	1575141	411784294	261.43	0	1770	262.2811626560588	0.9967547701579508	-0.0046894903590101586
Cn141	NC_026748.1	1084805	279441886	257.6	0	1736	262.2811626560588	0.9821521202336692	-0.025981601803474835
Cn141	NC_026749.1	1814975	470567081	259.27	0	1203	262.2811626560588	0.9885193331249355	-0.016658912917989613
Cn141	NC_026750.1	1422463	370483423	260.45	0	1004	262.2811626560588	0.993018321874453	-0.01010775816738963
Cn141	NC_026751.1	1399503	362926380	259.33	0	1482	262.2811626560588	0.9887480952647414	-0.01632508452292772
Cn141	NC_026752.1	1398693	354967473	253.79	0	7519	262.2811626560588	0.9676257243559894	-0.047478970973106015
Cn141	NC_026753.1	1186808	306809347	258.52	0	1527	262.2811626560588	0.9856598063773607	-0.02083829852751535
Cn141	NC_026754.1	1059964	277464934	261.77	0	2105	262.2811626560588	0.9980510889501846	-0.0028144277330515045
Cn141	NC_026755.1	1561994	399550058	255.79	0	2267	262.2811626560588	0.9752511290161887	-0.03615433147591126
Cn141	NC_026756.1	774062	200162433	258.59	0	1648	262.2811626560588	0.9859266955404676	-0.020447709857874245
Cn141	NC_026757.1	756744	198609673	262.45	0	2250	262.2811626560588	1.0006437265346524	9.284022926855841e-4
Cn141	NC_026758.1	942867	240204047	254.76	0	746	262.2811626560588	0.971324045616186	-0.04197541817892052
Cn142	NC_026745.1	2291499	641255324	279.84	0	1770	283.62775585427556	0.9866453272781184	-0.019396527464523253
Cn142	NC_026746.1	1621675	518272145	319.59	0	8996	283.62775585427556	1.1267938112664875	0.17222354507710813
Cn142	NC_026747.1	1575141	447656595	284.2	0	2375	283.62775585427556	1.0020175886665283	0.0029078327439670685
Cn142	NC_026748.1	1084805	303509984	279.78	0	2000	283.62775585427556	0.9864337823966265	-0.019705886325125172
Cn142	NC_026749.1	1814975	510021567	281.01	0	1388	283.62775585427556	0.9907704524672101	-0.013377250843522556
Cn142	NC_026750.1	1422463	401880651	282.52	0	992	283.62775585427556	0.9960943319847556	-0.005645720222214494
Cn142	NC_026751.1	1399503	393705054	281.32	0	1414	283.62775585427556	0.9918634343549181	-0.011786599418268377
Cn142	NC_026752.1	1398693	384440137	274.86	0	9241	283.62775585427556	0.9690871021142927	-0.04530175314701172
Cn142	NC_026753.1	1186808	329687526	277.79	0	1476	283.62775585427556	0.9794175438271461	-0.030004056319002586
Cn142	NC_026754.1	1059964	299106852	282.19	0	2271	283.62775585427556	0.9949308351365503	-0.007331857948433134
Cn142	NC_026755.1	1561994	434359336	278.08	0	2392	283.62775585427556	0.9804400107543567	-0.02849873457177556
Cn142	NC_026756.1	774062	217878775	281.47	0	1803	283.62775585427556	0.9923922965586479	-0.011017558528210994
Cn142	NC_026757.1	756744	215185217	284.36	0	2312	283.62775585427556	1.0025817083505066	0.0037198181549549245
Cn142	NC_026758.1	942867	261107513	276.93	0	823	283.62775585427556	0.9763854005257624	-0.0344773716103186
Cn143	NC_026745.1	2291499	526234309	229.65	0	1618	232.283780966083	0.9886613651838758	-0.016451639048071447
Cn143	NC_026746.1	1621675	428196645	264.05	0	7951	232.283780966083	1.1367560787145763	0.18492271880242322
Cn143	NC_026747.1	1575141	366602765	232.74	0	2308	232.283780966083	1.0019640589283487	0.0028307590961890237
Cn143	NC_026748.1	1084805	248212238	228.81	0	1620	232.283780966083	0.9850450989232424	-0.02173831701534717
Cn143	NC_026749.1	1814975	417988030	230.3	0	1179	232.283780966083	0.991459666456985	-0.012374011476169825
Cn143	NC_026750.1	1422463	328180355	230.71	0	970	232.283780966083	0.9932247487984847	-0.009807884395568036
Cn143	NC_026751.1	1399503	322358886	230.34	0	1277	232.283780966083	0.9916318696122532	-0.012123456588272139
Cn143	NC_026752.1	1398693	314706618	225	0	4548	232.283780966083	0.968642748383941	-0.04596342116461606
Cn143	NC_026753.1	1186808	271050632	228.39	0	1383	232.283780966083	0.9832369657929257	-0.024388938570991076
Cn143	NC_026754.1	1059964	242657795	228.93	0	1687	232.283780966083	0.9855617083890472	-0.020981890184077277
Cn143	NC_026755.1	1561994	354428914	226.91	0	2015	232.283780966083	0.9768654490480003	-0.033768232140071824
Cn143	NC_026756.1	774062	177690540	229.56	0	1528	232.283780966083	0.9882739080845223	-0.017017143089109184
Cn143	NC_026757.1	756744	176432026	233.15	0	1865	232.283780966083	1.0037291412698484	0.005370007070879236
Cn143	NC_026758.1	942867	213377984	226.31	0	724	232.283780966083	0.9742824017189765	-0.03758808797268814
Cn144	NC_026745.1	2291499	536894232	234.3	0	1626	238.00927792119853	0.9844154061824992	-0.022660858617938207
Cn144	NC_026746.1	1621675	452981472	279.33	0	10358	238.00927792119853	1.173609711519238	0.23095271435048725
Cn144	NC_026747.1	1575141	369812091	234.78	0	1633	238.00927792119853	0.9864321342873545	-0.01970829674648566
Cn144	NC_026748.1	1084805	254347950	234.46	0	1668	238.00927792119853	0.9850876488841177	-0.02167599977543262
Cn144	NC_026749.1	1814975	424887546	234.1	0	1100	238.00927792119853	0.9835751028054762	-0.023892878369060892
Cn144	NC_026750.1	1422463	335834933	236.09	0	899	238.00927792119853	0.9919361214068555	-0.01168087780026589
Cn144	NC_026751.1	1399503	329178348	235.21	0	1326	238.00927792119853	0.9882387865479542	-0.017068414873781454
Cn144	NC_026752.1	1398693	322689197	230.71	0	9535	238.00927792119853	0.9693319605649355	-0.04493727460762636
Cn144	NC_026753.1	1186808	276728596	233.17	0	1367	238.00927792119853	0.979667692102319	-0.029635631636480884
Cn144	NC_026754.1	1059964	250741493	236.56	0	1838	238.00927792119853	0.9939108343428597	-0.008811664248111866
Cn144	NC_026755.1	1561994	362451739	232.04	0	1923	238.00927792119853	0.9749199780221388	-0.03664428838253226
Cn144	NC_026756.1	774062	180728478	233.48	0	1575	238.00927792119853	0.9809701623367048	-0.02771883948619693
Cn144	NC_026757.1	756744	180414726	238.41	0	1958	238.00927792119853	1.0016836405803229	0.002426937443498557
Cn144	NC_026758.1	942867	218588404	231.83	0	705	238.00927792119853	0.9740376594762646	-0.03795054220055977
Cn145	NC_026745.1	2291499	597400683	260.7	0	1329	277.4313533824995	0.9396919159334105	-0.08974025746781825
Cn145	NC_026746.1	1621675	708692654	437.01	0	10974	277.4313533824995	1.5752004763408505	0.655535452623358
Cn145	NC_026747.1	1575141	409570138	260.02	0	2031	277.4313533824995	0.9372408591523029	-0.0935082448140607
Cn145	NC_026748.1	1084805	279111766	257.29	0	2117	277.4313533824995	0.9274005870752098	-0.10873545490101211
Cn145	NC_026749.1	1814975	476446866	262.51	0	1881	277.4313533824995	0.9462160523654759	-0.07975845879827288
Cn145	NC_026750.1	1422463	371327255	261.05	0	1065	277.4313533824995	0.9409534892766276	-0.08780468165544675
Cn145	NC_026751.1	1399503	367132800	262.33	0	2326	277.4313533824995	0.9455672432175357	-0.08074803702227117
Cn145	NC_026752.1	1398693	358239334	256.12	0	9699	277.4313533824995	0.9231833276135983	-0.11531092526529307
Cn145	NC_026753.1	1186808	305758260	257.63	0	2003	277.4313533824995	0.9286261154657635	-0.10683024094471105
Cn145	NC_026754.1	1059964	276985926	261.32	0	2903	277.4313533824995	0.9419267029985379	-0.08631329548959221
Cn145	NC_026755.1	1561994	404203237	258.77	0	3399	277.4313533824995	0.9327352400693848	-0.10046046937860544
Cn145	NC_026756.1	774062	200747684	259.34	0	2456	277.4313533824995	0.9347898023711955	-0.09728609905155328
Cn145	NC_026757.1	756744	220843199	291.83	0	2372	277.4313533824995	1.0518998535744042	0.07299735897525603
Cn145	NC_026758.1	942867	264549439	280.58	0	1006	277.4313533824995	1.0113492818281409	0.016281335654444697
Cn146	NC_026745.1	2291499	570512439	248.97	0	1761	275.2276119882953	0.9045967379558852	-0.14465330137586804
Cn146	NC_026746.1	1621675	689416229	425.13	0	10406	275.2276119882953	1.544648797875991	0.6272788542078604
Cn146	NC_026747.1	1575141	399495820	253.63	0	2616	275.2276119882953	0.9215281786871959	-0.11789981331708406
Cn146	NC_026748.1	1084805	268288718	247.32	0	1964	275.2276119882953	0.8986016999287044	-0.1542463038067901
Cn146	NC_026749.1	1814975	453459365	249.84	0	1611	275.2276119882953	0.9077577580065805	-0.1396207400466294
Cn146	NC_026750.1	1422463	355670056	250.04	0	982	275.2276119882953	0.9084844292826024	-0.13846630688837575
Cn146	NC_026751.1	1399503	349652318	249.84	0	2178	275.2276119882953	0.9077577580065805	-0.1396207400466294
Cn146	NC_026752.1	1398693	342544194	244.9	0	11914	275.2276119882953	0.8898089774888392	-0.16843244061586202
Cn146	NC_026753.1	1186808	342322093	288.44	0	1612	275.2276119882953	1.0480053142788108	0.067646032585523
Cn146	NC_026754.1	1059964	264912396	249.93	0	2055	275.2276119882953	0.9080847600807904	-0.1391011308060443
Cn146	NC_026755.1	1561994	386036212	247.14	0	1975	275.2276119882953	0.8979476957802847	-0.15529668247778963
Cn146	NC_026756.1	774062	192046459	248.1	0	2166	275.2276119882953	0.9014357179051898	-0.14970347928740946
Cn146	NC_026757.1	756744	353163031	466.69	0	2588	275.2276119882953	1.6956510890333456	0.7618393397674303
Cn146	NC_026758.1	942867	231858607	245.91	0	743	275.2276119882953	0.8934786674327498	-0.16249481078722727
Cn147	NC_026745.1	2291499	571768026	249.52	0	1396	268.6071879631953	0.9289401444989974	-0.10634245416367176
Cn147	NC_026746.1	1621675	535632807	330.3	0	17290	268.6071879631953	1.2296766981725666	0.2982790576350637
Cn147	NC_026747.1	1575141	394268648	250.31	0	1695	268.6071879631953	0.9318812422633217	-0.10178198347821674
Cn147	NC_026748.1	1084805	268469896	247.48	0	1114	268.6071879631953	0.9213454110316281	-0.11818597292418688
Cn147	NC_026749.1	1814975	458376668	252.55	0	2313	268.6071879631953	0.9402205574431781	-0.08892887021925877
Cn147	NC_026750.1	1422463	360076637	253.14	0	1513	268.6071879631953	0.9424170734950151	-0.08556241859731674
Cn147	NC_026751.1	1399503	353815274	252.81	0	1775	268.6071879631953	0.9411885136694114	-0.0874443809691131
Cn147	NC_026752.1	1398693	347283616	248.29	0	2390	268.6071879631953	0.9243609669672012	-0.11347175454503114
Cn147	NC_026753.1	1186808	298077705	251.16	0	1846	268.6071879631953	0.9350457145413922	-0.09689119456095852
Cn147	NC_026754.1	1059964	269041298	253.82	0	1423	268.6071879631953	0.9449486513174715	-0.08169215973606182
Cn147	NC_026755.1	1561994	390196929	249.81	0	2544	268.6071879631953	0.9300197879821037	-0.10466668219363881
Cn147	NC_026756.1	774062	392384699	506.92	0	1993	268.6071879631953	1.8872168084699894	0.9162601730903467
Cn147	NC_026757.1	756744	194298966	256.76	0	2446	268.6071879631953	0.955894002491033	-0.06507744588516545
Cn147	NC_026758.1	942867	240619060	255.2	0	3572	268.6071879631953	0.950086265133633	-0.07386958288559217
Cn148	NC_026745.1	2291499	515005844	224.75	0	1602	229.62668524957635	0.9787625499872717	-0.03096919369612782
Cn148	NC_026746.1	1621675	454378597	280.19	0	12832	229.62668524957635	1.2201979038083812	0.2871151573683723
Cn148	NC_026747.1	1575141	367195459	233.12	0	4370	229.62668524957635	1.015213017366108	0.021782473079212675
Cn148	NC_026748.1	1084805	242550164	223.59	0	1658	229.62668524957635	0.9737108723099182	-0.03843464394269334
Cn148	NC_026749.1	1814975	408495820	225.07	0	1147	229.62668524957635	0.9801561162430934	-0.028916539341210596
Cn148	NC_026750.1	1422463	319923085	224.91	0	847	229.62668524957635	0.9794593331151826	-0.02994250145628363
Cn148	NC_026751.1	1399503	314933329	225.03	0	1192	229.62668524957635	0.9799819204611158	-0.029172961477568975
Cn148	NC_026752.1	1398693	305524144	218.44	0	6110	229.62668524957635	0.9512831653802877	-0.07205324751103595
Cn148	NC_026753.1	1186808	264756222	223.08	0	1272	229.62668524957635	0.9714898760897024	-0.04172913334466189
Cn148	NC_026754.1	1059964	240754911	227.13	0	1843	229.62668524957635	0.9891271990149456	-0.015772035391183555
Cn148	NC_026755.1	1561994	347081648	222.2	0	2014	229.62668524957635	0.9676575688861926	-0.047431492708845495
Cn148	NC_026756.1	774062	173827908	224.57	0	1356	229.62668524957635	0.977978668968372	-0.0321250964881328
Cn148	NC_026757.1	756744	174151655	230.13	0	3070	229.62668524957635	1.002191882663274	0.0031587576986613877
Cn148	NC_026758.1	942867	209343243	222.03	0	648	229.62668524957635	0.9669172368127873	-0.04853568724286442
Cn149	NC_026745.1	2291499	640395010	279.47	0	1854	281.2490697120081	0.9936743978786141	-0.00915490056374908
Cn149	NC_026746.1	1621675	534595626	329.66	0	12733	281.2490697120081	1.1721283214823197	0.22913052081144974
Cn149	NC_026747.1	1575141	450094962	285.75	0	4712	281.2490697120081	1.016003360624804	0.022905174106851042
Cn149	NC_026748.1	1084805	296003846	272.86	0	1743	281.2490697120081	0.9701720979180543	-0.043687406566857885
Cn149	NC_026749.1	1814975	510636212	281.35	0	1902	281.2490697120081	1.000358864433206	5.176390625675991e-4
Cn149	NC_026750.1	1422463	395086865	277.75	0	850	281.2490697120081	0.9875588220946256	-0.018061412718535362
Cn149	NC_026751.1	1399503	382843875	273.56	0	1686	281.2490697120081	0.9726609950394448	-0.03999102985636268
Cn149	NC_026752.1	1398693	376182991	268.95	0	11648	281.2490697120081	0.9562698297114296	-0.0645103354054587
Cn149	NC_026753.1	1186808	322923428	272.09	0	1621	281.2490697120081	0.9674343110845245	-0.047764389485550826
Cn149	NC_026754.1	1059964	297277086	280.46	0	1959	281.2490697120081	0.9971944095217234	-0.0040533000823106775
Cn149	NC_026755.1	1561994	426756977	273.21	0	2048	281.2490697120081	0.9714165464787494	-0.041838034385796474
Cn149	NC_026756.1	774062	215188061	278	0	2086	281.2490697120081	0.9884477139236937	-0.01676344138411997
Cn149	NC_026757.1	756744	210880206	278.67	0	5119	281.2490697120081	0.9908299440255962	-0.013290625733398306
Cn149	NC_026758.1	942867	254265312	269.67	0	789	281.2490697120081	0.9588298381791457	-0.06065328944300328
Cn150	NC_026745.1	2291499	599102015	261.45	0	3058	262.22144297610004	0.9970580477044726	-0.004250595582294306
Cn150	NC_026746.1	1621675	568263884	350.42	0	21755	262.22144297610004	1.3363514288644152	0.41829945242943833
Cn150	NC_026747.1	1575141	401339557	254.8	0	1930	262.22144297610004	0.9716978028498743	-0.04142038817283508
Cn150	NC_026748.1	1084805	272282471	251	0	2164	262.22144297610004	0.9572062343615323	-0.06309830159100122
Cn150	NC_026749.1	1814975	440206952	242.54	0	3861	262.22144297610004	0.9249434266216974	-0.1125629677755201
Cn150	NC_026750.1	1422463	366713611	257.8	0	1338	262.22144297610004	0.9831385148143548	-0.024533402067484462
Cn150	NC_026751.1	1399503	358433490	256.11	0	3006	262.22144297610004	0.9766935804076975	-0.03402208066161666
Cn150	NC_026752.1	1398693	344549177	246.34	0	1927	262.22144297610004	0.9394349951100394	-0.09013475812438375
Cn150	NC_026753.1	1186808	305256580	257.21	0	3114	262.22144297610004	0.9808885081280069	-0.027838931849421298
Cn150	NC_026754.1	1059964	275578977	259.99	0	2278	262.22144297610004	0.9914902345484256	-0.012329531851231416
Cn150	NC_026755.1	1561994	393548336	251.95	0	3595	262.22144297610004	0.9608291264836177	-0.057648209459382906
Cn150	NC_026756.1	774062	198094614	255.92	0	2323	262.22144297610004	0.9759690019832803	-0.035092768200824034
Cn150	NC_026757.1	756744	192344033	254.17	0	2952	262.22144297610004	0.9692952533373334	-0.044991908458686544
Cn150	NC_026758.1	942867	237962191	252.38	0	858	262.22144297610004	0.9624689618651934	-0.05518807812511126
Cn151	NC_026745.1	2291499	610243937	266.31	0	1277	270.5624871335548	0.9842827910897505	-0.022855223744304588
Cn151	NC_026746.1	1621675	528310798	325.78	0	13560	270.5624871335548	1.2040841413436179	0.26793621108241417
Cn151	NC_026747.1	1575141	417774672	265.23	0	2241	270.5624871335548	0.9802911069082443	-0.028717859814225716
Cn151	NC_026748.1	1084805	287283266	264.82	0	1829	270.5624871335548	0.9787757453208206	-0.03094974391849673
Cn151	NC_026749.1	1814975	484480315	266.93	0	976	270.5624871335548	0.9865743134902448	-0.01950036916316381
Cn151	NC_026750.1	1422463	380934252	267.8	0	862	270.5624871335548	0.9897898368586804	-0.014805866168865485
Cn151	NC_026751.1	1399503	373435450	266.83	0	1456	270.5624871335548	0.9862047131030682	-0.020040947347279844
Cn151	NC_026752.1	1398693	365818177	261.54	0	8053	270.5624871335548	0.9666528526214313	-0.04893021730538457
Cn151	NC_026753.1	1186808	312115551	262.99	0	1777	270.5624871335548	0.9720120582354905	-0.04095388368116324
Cn151	NC_026754.1	1059964	283661195	267.61	0	1924	270.5624871335548	0.9890875961230451	-0.015829799488285456
Cn151	NC_026755.1	1561994	411055732	263.16	0	2195	270.5624871335548	0.9726403788936907	-0.04002160898578844
Cn151	NC_026756.1	774062	205759236	265.82	0	1647	270.5624871335548	0.9824717491925856	-0.02551217136928548
Cn151	NC_026757.1	756744	202430092	267.5	0	2400	270.5624871335548	0.9886810356971508	-0.01642293531730445
Cn151	NC_026758.1	942867	247945490	262.97	0	765	270.5624871335548	0.9719381381580553	-0.041063602674362945
Cn152	NC_026745.1	2291499	597661077	260.82	0	2458	264.972195562239	0.9843296933346967	-0.02278647924863711
Cn152	NC_026746.1	1621675	507449937	312.92	0	12347	264.972195562239	1.180954097225264	0.23995288938156445
Cn152	NC_026747.1	1575141	420320192	266.85	0	3944	264.972195562239	1.0070867980460234	0.010188030627799665
Cn152	NC_026748.1	1084805	281301196	259.31	0	1894	264.972195562239	0.978630982204663	-0.031163137514449962
Cn152	NC_026749.1	1814975	473904153	261.11	0	1398	264.972195562239	0.9854241477901338	-0.021183269603999758
Cn152	NC_026750.1	1422463	371870363	261.43	0	936	264.972195562239	0.9866318216719951	-0.019416275801434627
Cn152	NC_026751.1	1399503	364360661	260.35	0	1422	264.972195562239	0.9825559223207129	-0.025388573970266615
Cn152	NC_026752.1	1398693	356896000	255.16	0	9473	264.972195562239	0.9629689615492724	-0.054438797068465085
Cn152	NC_026753.1	1186808	306038180	257.87	0	1522	264.972195562239	0.9731964497362865	-0.03919703761677017
Cn152	NC_026754.1	1059964	279179283	263.39	0	2519	264.972195562239	0.9940288241983964	-0.008640408165034443
Cn152	NC_026755.1	1561994	402379488	257.61	0	2298	264.972195562239	0.9722152147072741	-0.04065238309065893
Cn152	NC_026756.1	774062	200350514	258.83	0	1665	264.972195562239	0.9768194713818708	-0.033836136386284084
Cn152	NC_026757.1	756744	202363025	267.41	0	5352	264.972195562239	1.009200227339281	0.013212436418147535
Cn152	NC_026758.1	942867	241566817	256.2	0	732	264.972195562239	0.9668939016653221	-0.0485705050188698
Cn153	NC_026745.1	2291499	511913052	223.4	0	2192	226.64287168099972	0.9856917111182563	-0.020791600806620462
Cn153	NC_026746.1	1621675	433021992	267.02	0	10322	226.64287168099972	1.1781530917761718	0.23652701828198952
Cn153	NC_026747.1	1575141	358623205	227.68	0	3126	226.64287168099972	1.0045760464968871	0.006586780349184739
Cn153	NC_026748.1	1084805	238870127	220.2	0	1454	226.64287168099972	0.971572581863205	-0.041606317725566506
Cn153	NC_026749.1	1814975	407289379	224.4	0	1198	226.64287168099972	0.9901039390104598	-0.014348110681142402
Cn153	NC_026750.1	1422463	319221782	224.41	0	717	226.64287168099972	0.9901480612893818	-0.014283820890757713
Cn153	NC_026751.1	1399503	310332778	221.74	0	1019	226.64287168099972	0.9783674128171985	-0.03155174309684755
Cn153	NC_026752.1	1398693	304103120	217.42	0	9025	226.64287168099972	0.9593065883228794	-0.059936129732392485
Cn153	NC_026753.1	1186808	262522823	221.2	0	1099	226.64287168099972	0.9759848097554086	-0.03506940105522835
Cn153	NC_026754.1	1059964	241270407	227.62	0	2195	226.64287168099972	1.004311312823355	0.006206540055073526
Cn153	NC_026755.1	1561994	344037315	220.26	0	1724	226.64287168099972	0.9718373155367374	-0.04121326635659412
Cn153	NC_026756.1	774062	173136681	223.67	0	1342	226.64287168099972	0.9868830126491511	-0.019049020412507577
Cn153	NC_026757.1	756744	171939311	227.21	0	4192	226.64287168099972	1.0025022993875516	0.0036055457188125173
Cn153	NC_026758.1	942867	205272259	217.71	0	585	226.64287168099972	0.9605861344116186	-0.058013110755060264
Cn154	NC_026745.1	2291499	572179519	249.7	0	1761	251.04003114043672	0.9946620818426879	-0.007721615112652271
Cn154	NC_026746.1	1621675	490188932	302.27	0	13136	251.04003114043672	1.2040709150123718	0.2679203636290306
Cn154	NC_026747.1	1575141	389816077	247.48	0	1667	251.04003114043672	0.9858188707025567	-0.020605497314589806
Cn154	NC_026748.1	1084805	265737031	244.96	0	1775	251.04003114043672	0.9757806310299754	-0.03537124842843888
Cn154	NC_026749.1	1814975	449524929	247.68	0	1047	251.04003114043672	0.9866155563908569	-0.019440059783816452
Cn154	NC_026750.1	1422463	353221805	248.32	0	1038	251.04003114043672	0.9891649505934171	-0.015716973741099174
Cn154	NC_026751.1	1399503	344781501	246.36	0	1278	251.04003114043672	0.9813574308480761	-0.027149403098468545
Cn154	NC_026752.1	1398693	337335567	241.18	0	5642	251.04003114043672	0.9607232715211033	-0.05780716055515961
Cn154	NC_026753.1	1186808	289361723	243.82	0	1421	251.04003114043672	0.9712395226066647	-0.04210096457415735
Cn154	NC_026754.1	1059964	262806256	247.94	0	2019	251.04003114043672	0.987651247785647	-0.01792639711870848
Cn154	NC_026755.1	1561994	380037443	243.3	0	2108	251.04003114043672	0.9691681398170845	-0.04518111610243513
Cn154	NC_026756.1	774062	190446238	246.03	0	1530	251.04003114043672	0.9800428994623809	-0.02908319312172197
Cn154	NC_026757.1	756744	188821219	249.52	0	2080	251.04003114043672	0.9939450647232179	-0.008761978554074767
Cn154	NC_026758.1	942867	228187439	242.01	0	741	251.04003114043672	0.9640295171275487	-0.052850774613041406
Cn155	NC_026745.1	2291499	535178265	233.55	0	1271	236.05450561010096	0.9893901385036992	-0.015388575017581117
Cn155	NC_026746.1	1621675	439229715	270.85	0	8830	236.05450561010096	1.1474044916023418	0.19837407065327842
Cn155	NC_026747.1	1575141	367218634	233.13	0	1614	236.05450561010096	0.9876108884151888	-0.01798535259864634
Cn155	NC_026748.1	1084805	251279067	231.64	0	1310	236.05450561010096	0.9812987869107123	-0.027235618215382767
Cn155	NC_026749.1	1814975	425558260	234.47	0	1044	236.05450561010096	0.9932875434594833	-0.00971667575175512
Cn155	NC_026750.1	1422463	335189987	235.64	0	711	236.05450561010096	0.9982440258489045	-0.002535562042512174
Cn155	NC_026751.1	1399503	325928474	232.89	0	1215	236.05450561010096	0.9865941740788973	-0.019471326764666678
Cn155	NC_026752.1	1398693	316445310	226.24	0	9635	236.05450561010096	0.9584227143441528	-0.06126599489573784
Cn155	NC_026753.1	1186808	275481401	232.12	0	1215	236.05450561010096	0.9833322155832954	-0.02424918615178217
Cn155	NC_026754.1	1059964	250685021	236.5	0	1437	236.05450561010096	1.001887252220616	0.002720163408983219
Cn155	NC_026755.1	1561994	361329277	231.33	0	2040	236.05450561010096	0.9799855308930024	-0.029167646336060084
Cn155	NC_026756.1	774062	181019561	233.86	0	1484	236.05450561010096	0.990703394521409	-0.013474899536734824
Cn155	NC_026757.1	756744	178752688	236.21	0	2284	236.05450561010096	1.000658722397597	9.500226700711657e-4
Cn155	NC_026758.1	942867	216055564	229.15	0	724	236.05450561010096	0.9707503756716876	-0.04282773444346178
Cn156	NC_026745.1	2291499	522026777	227.81	0	2794	227.47598349135495	1.0014683594440101	0.0021168411263470565
Cn156	NC_026746.1	1621675	458728350	282.87	0	13734	227.47598349135495	1.2435158897147938	0.31442494250960146
Cn156	NC_026747.1	1575141	350044416	222.23	0	2121	227.47598349135495	0.9769382973497317	-0.03366064929416162
Cn156	NC_026748.1	1084805	238111468	219.5	0	2712	227.47598349135495	0.9649370304111332	-0.05149329642137896
Cn156	NC_026749.1	1814975	409522411	225.64	0	4259	227.47598349135495	0.9919288908517908	-0.011691394126598866
Cn156	NC_026750.1	1422463	318411996	223.85	0	4111	227.47598349135495	0.9840599282803287	-0.023181917940555283
Cn156	NC_026751.1	1399503	310607209	221.94	0	1612	227.47598349135495	0.9756634374917854	-0.03554452988631045
Cn156	NC_026752.1	1398693	309892067	221.56	0	10418	227.47598349135495	0.9739929314710281	-0.03801679256814114
Cn156	NC_026753.1	1186808	261302674	220.17	0	1428	227.47598349135495	0.9678823962898367	-0.04709633312796578
Cn156	NC_026754.1	1059964	241157607	227.51	0	2028	227.47598349135495	1.000149538901307	2.1572290225479413e-4
Cn156	NC_026755.1	1561994	339611554	217.42	0	3491	227.47598349135495	0.9557932079817246	-0.06522957928655673
Cn156	NC_026756.1	774062	169341591	218.77	0	7069	227.47598349135495	0.9617279004238889	-0.05629932171995934
Cn156	NC_026757.1	756744	161987553	214.06	0	2822	227.47598349135495	0.9410224179034495	-0.08769900231305307
Cn156	NC_026758.1	942867	206547034	219.06	0	1710	227.47598349135495	0.9630027602818352	-0.054388161575421236
Cn157	NC_026745.1	2291499	524927590	229.08	0	1268	231.72586283989583	0.9885819269050521	-0.016567563286060724
Cn157	NC_026746.1	1621675	432653854	266.79	0	8724	231.72586283989583	1.151317322677662	0.20328551962036626
Cn157	NC_026747.1	1575141	361141176	229.28	0	1587	231.72586283989583	0.9894450157184841	-0.015308557149008917
Cn157	NC_026748.1	1084805	247443966	228.1	0	1460	231.72586283989583	0.984352791719235	-0.022752625211655057
Cn157	NC_026749.1	1814975	416344332	229.39	0	1024	231.72586283989583	0.9899197145658716	-0.014616571810790837
Cn157	NC_026750.1	1422463	327537775	230.26	0	779	231.72586283989583	0.993674150904301	-0.009155259140624757
Cn157	NC_026751.1	1399503	321301712	229.58	0	1249	231.72586283989583	0.9907396489386321	-0.013422105621596498
Cn157	NC_026752.1	1398693	311703221	222.85	0	6203	231.72586283989583	0.9616967103666441	-0.05634611091113811
Cn157	NC_026753.1	1186808	271543683	228.8	0	1290	231.72586283989583	0.9873736025662472	-0.018332019745402862
Cn157	NC_026754.1	1059964	243139716	229.38	0	1476	231.72586283989583	0.9898765601252	-0.014679465855349872
Cn157	NC_026755.1	1561994	354031528	226.65	0	2055	231.72586283989583	0.9780953978218528	-0.031952910637806954
Cn157	NC_026756.1	774062	175822596	227.14	0	1305	231.72586283989583	0.9802099654147612	-0.028837280743882678
Cn157	NC_026757.1	756744	176448667	233.17	0	2197	231.72586283989583	1.006232093139737	0.00896310932080051
Cn157	NC_026758.1	942867	213538182	226.48	0	806	231.72586283989583	0.9773617723304355	-0.03303541750540764
Cn158	NC_026745.1	2291499	606070423	264.49	0	1991	264.3401011254292	1.0005670682349466	8.178746569445456e-4
Cn158	NC_026746.1	1621675	505681324	311.83	0	11425	264.3401011254292	1.1796545384993888	0.23836442860056412
Cn158	NC_026747.1	1575141	409424762	259.93	0	2223	264.3401011254292	0.983316564128359	-0.024272149353603358
Cn158	NC_026748.1	1084805	281058564	259.09	0	1467	264.3401011254292	0.9801388396876717	-0.028941968984597468
Cn158	NC_026749.1	1814975	473909809	261.11	0	1111	264.3401011254292	0.9877805103664672	-0.017737591320868638
Cn158	NC_026750.1	1422463	372499868	261.87	0	811	264.3401011254292	0.9906555943842318	-0.013544509356317116
Cn158	NC_026751.1	1399503	364065749	260.14	0	1396	264.3401011254292	0.9841109952385306	-0.023107052443369736
Cn158	NC_026752.1	1398693	356798030	255.09	0	8360	264.3401011254292	0.9650068185415422	-0.051388958681446745
Cn158	NC_026753.1	1186808	307012495	258.69	0	1555	264.3401011254292	0.9786256375730588	-0.031171016576840644
Cn158	NC_026754.1	1059964	278692815	262.93	0	1795	264.3401011254292	0.994665579987956	-0.007716541280998023
Cn158	NC_026755.1	1561994	399359147	255.67	0	1918	264.3401011254292	0.967200961607731	-0.048112415947539365
Cn158	NC_026756.1	774062	201376669	260.16	0	1545	264.3401011254292	0.9841866553442614	-0.022996139889719745
Cn158	NC_026757.1	756744	196311958	259.42	0	2373	264.3401011254292	0.9813872314322275	-0.027105593879877557
Cn158	NC_026758.1	942867	241438255	256.07	0	761	264.3401011254292	0.968714163722344	-0.04585705918870943
Cn159	NC_026745.1	2291499	573089875	250.09	0	1557	253.41918956627038	0.9868629144779119	-0.019078401632836212
Cn159	NC_026746.1	1621675	473969610	292.27	0	9496	253.41918956627038	1.1533065057157794	0.20577597830764371
Cn159	NC_026747.1	1575141	405291774	257.31	0	4216	253.41918956627038	1.0153532589240333	0.021981753253250275
Cn159	NC_026748.1	1084805	269026756	248	0	1835	253.41918956627038	0.9786157095066661	-0.031185652658560256
Cn159	NC_026749.1	1814975	454940849	250.66	0	1276	253.41918956627038	0.9891121521973424	-0.01579398214815657
Cn159	NC_026750.1	1422463	357752209	251.5	0	1004	253.41918956627038	0.9924268183101876	-0.010967373239908306
Cn159	NC_026751.1	1399503	349901924	250.02	0	1428	253.41918956627038	0.9865866923018414	-0.019482267396455217
Cn159	NC_026752.1	1398693	343262610	245.42	0	5939	253.41918956627038	0.9684349493029274	-0.04627295000301799
Cn159	NC_026753.1	1186808	294060994	247.77	0	1376	253.41918956627038	0.9777081223567204	-0.032524256782286556
Cn159	NC_026754.1	1059964	265359538	250.35	0	2169	253.41918956627038	0.987888882560459	-0.017579317849042993
Cn159	NC_026755.1	1561994	385613363	246.87	0	2395	253.41918956627038	0.974156694378672	-0.03777424452957048
Cn159	NC_026756.1	774062	192259946	248.38	0	1605	253.41918956627038	0.9801152013196198	-0.02897676340986212
Cn159	NC_026757.1	756744	191069943	252.49	0	2084	253.41918956627038	0.9963333890860409	-0.005299522974985729
Cn159	NC_026758.1	942867	231791429	245.84	0	737	253.41918956627038	0.97009228235935	-0.04380610122719788
Cn160	NC_026745.1	2291499	432950777	188.94	0	4021	188.75656873549488	1.0009717874494857	0.0014013121556146059
Cn160	NC_026746.1	1621675	412287016	254.24	0	14861	188.75656873549488	1.3469200129202774	0.4296641786475676
Cn160	NC_026747.1	1575141	289791783	183.98	0	4107	188.75656873549488	0.9746945562345525	-0.03697790807072603
Cn160	NC_026748.1	1084805	197737551	182.28	0	2352	188.75656873549488	0.9656882471487892	-0.050370575477711906
Cn160	NC_026749.1	1814975	336602555	185.46	0	7757	188.75656873549488	0.9825353429680407	-0.025418791121571895
Cn160	NC_026750.1	1422463	266277118	187.19	0	1464	188.75656873549488	0.9917005869200233	-0.012023485331455148
Cn160	NC_026751.1	1399503	260389999	186.06	0	3184	188.75656873549488	0.9857140402924277	-0.02075891936717289
Cn160	NC_026752.1	1398693	254078789	181.65	0	8609	188.75656873549488	0.9623506149581829	-0.05536548539810414
Cn160	NC_026753.1	1186808	216966901	182.82	0	4599	188.75656873549488	0.9685490747407375	-0.046102945293309855
Cn160	NC_026754.1	1059964	185298695	174.82	0	2421	188.75656873549488	0.9261664437489101	-0.11065660767304307
Cn160	NC_026755.1	1561994	277878757	177.9	0	3597	188.75656873549488	0.9424837566807637	-0.08546034054642931
Cn160	NC_026756.1	774062	135857405	175.51	0	4023	188.75656873549488	0.9298219456719552	-0.10497361811796084
Cn160	NC_026757.1	756744	130105032	171.93	0	7771	188.75656873549488	0.9108557183031124	-0.13470554906398985
Cn160	NC_026758.1	942867	169614392	179.89	0	3605	188.75656873549488	0.9530264361399807	-0.0694118610679165
Cn161	NC_026745.1	2291499	567044427	247.46	0	1568	249.4675336279715	0.9919527258766854	-0.01165672807402139
Cn161	NC_026746.1	1621675	463421559	285.77	0	9260	249.4675336279715	1.1455198030945621	0.19600239934915123
Cn161	NC_026747.1	1575141	392780992	249.36	0	1921	249.4675336279715	0.9995689474040664	-6.220115119873601e-4
Cn161	NC_026748.1	1084805	264284601	243.62	0	1579	249.4675336279715	0.9765599413160837	-0.034219495337076515
Cn161	NC_026749.1	1814975	449435060	247.63	0	1242	249.4675336279715	0.9926341772765036	-0.01066596612532481
Cn161	NC_026750.1	1422463	351459887	247.08	0	862	249.4675336279715	0.9904294815712091	-0.01387383578394509
Cn161	NC_026751.1	1399503	344620718	246.25	0	1290	249.4675336279715	0.9871023953250374	-0.018728347018892186
Cn161	NC_026752.1	1398693	336939739	240.9	0	5310	249.4675336279715	0.965656718918991	-0.0504176780115224
Cn161	NC_026753.1	1186808	291204427	245.37	0	1503	249.4675336279715	0.9835748821965663	-0.023893201955348404
Cn161	NC_026754.1	1059964	267908724	252.75	0	1818	249.4675336279715	1.0131578900239724	0.018859020540383818
Cn161	NC_026755.1	1561994	379579550	243.01	0	2125	249.4675336279715	0.9741147333520298	-0.03783638881213302
Cn161	NC_026756.1	774062	189109499	244.31	0	1554	249.4675336279715	0.9793258322918168	-0.03013915495307757
Cn161	NC_026757.1	756744	187480795	247.75	0	2062	249.4675336279715	0.9931152017940225	-0.009967014176142545
Cn161	NC_026758.1	942867	227469347	241.25	0	714	249.4675336279715	0.9670597070950875	-0.04832312920718792
Cn162	NC_026745.1	2291499	561534639	245.05	0	1945	245.1949986959532	0.9994086392596736	-8.534055675969969e-4
Cn162	NC_026746.1	1621675	469636347	289.6	0	11140	245.1949986959532	1.1811007628222872	0.24013205010585187
Cn162	NC_026747.1	1575141	379339731	240.83	0	2228	245.1949986959532	0.9821978477572217	-0.025914433658746693
Cn162	NC_026748.1	1084805	260696110	240.32	0	1607	245.1949986959532	0.9801178705851245	-0.028972834350444093
Cn162	NC_026749.1	1814975	438005133	241.33	0	1092	245.1949986959532	0.9842370410631994	-0.02292228259264287
Cn162	NC_026750.1	1422463	345054216	242.58	0	844	245.1949986959532	0.9893350243281437	-0.015468942871864977
Cn162	NC_026751.1	1399503	338251465	241.69	0	1304	245.1949986959532	0.9857052602435034	-0.02077176993938608
Cn162	NC_026752.1	1398693	331235393	236.82	0	6930	245.1949986959532	0.9658435174432805	-0.050138627250456404
Cn162	NC_026753.1	1186808	283792974	239.12	0	1475	245.1949986959532	0.9752238066507779	-0.03619475018662146
Cn162	NC_026754.1	1059964	257357506	242.8	0	1872	245.1949986959532	0.9902322693827739	-0.01416113072167145
Cn162	NC_026755.1	1561994	373046148	238.83	0	1925	245.1949986959532	0.9740410745333109	-0.03794548400062258
Cn162	NC_026756.1	774062	186141347	240.47	0	1451	245.1949986959532	0.9807296285769177	-0.028072631504483896
Cn162	NC_026757.1	756744	183047888	241.89	0	2207	245.1949986959532	0.9865209375658943	-0.019578424372450748
Cn162	NC_026758.1	942867	224887146	238.51	0	698	245.1949986959532	0.9727359908174851	-0.03987979699447743
Cn163	NC_026745.1	2291499	562156188	245.32	0	1204	262.0271193036882	0.9362389688972432	-0.09505127956537032
Cn163	NC_026746.1	1621675	712342874	439.26	0	11262	262.0271193036882	1.6763913642499717	0.745358994711789
Cn163	NC_026747.1	1575141	386282562	245.24	0	1655	262.0271193036882	0.93593365698826	-0.09552182589729397
Cn163	NC_026748.1	1084805	262754831	242.21	0	2434	262.0271193036882	0.9243699684355181	-0.11345770558479253
Cn163	NC_026749.1	1814975	448773838	247.26	0	1103	262.0271193036882	0.94364278269008794	-0.08368726620440585
Cn163	NC_026750.1	1422463	351929626	247.41	0	1080	262.0271193036882	0.9442152425194316	-0.0828123222507959
Cn163	NC_026751.1	1399503	346307887	247.45	0	1670	262.0271193036882	0.9443678984739232	-0.08257909345169619
Cn163	NC_026752.1	1398693	338645351	242.12	0	7334	262.0271193036882	0.9240264925379119	-0.11399387949586355
Cn163	NC_026753.1	1186808	290320907	244.62	0	1789	262.0271193036882	0.9335674896936396	-0.0991737729963578
Cn163	NC_026754.1	1059964	261098861	246.33	0	2133	262.0271193036882	0.9400935317481574	-0.08912379439879255
Cn163	NC_026755.1	1561994	380642008	243.69	0	2455	262.0271193036882	0.9300182387517089	-0.10466908544236354
Cn163	NC_026756.1	774062	190047965	245.52	0	1990	262.0271193036882	0.9370022486697015	-0.0938755847395766
Cn163	NC_026757.1	756744	188908055	249.63	0	2631	262.0271193036882	0.9526876479937177	-0.06992481103007911
Cn163	NC_026758.1	942867	229793929	243.72	0	767	262.0271193036882	0.9301327307175776	-0.10449149018875227
Cn164	NC_026745.1	2291499	509500244	222.34	0	1610	225.38109631297505	0.9865068705285202	-0.019598996251850312
Cn164	NC_026746.1	1621675	428342956	264.14	0	9694	225.38109631297505	1.1719705171422294	0.22893627683549478
Cn164	NC_026747.1	1575141	356412499	226.27	0	2553	225.38109631297505	1.0039440028536848	0.0056788020991627155
Cn164	NC_026748.1	1084805	238923469	220.25	0	1635	225.38109631297505	0.9772336881978346	-0.033224496367930366
Cn164	NC_026749.1	1814975	404432427	222.83	0	1068	225.38109631297505	0.9886809659074848	-0.016423037155212764
Cn164	NC_026750.1	1422463	316972577	222.83	0	890	225.38109631297505	0.9886809659074848	-0.016423037155212764
Cn164	NC_026751.1	1399503	311264677	222.41	0	1376	225.38109631297505	0.9868174555826579	-0.019144859529214634
Cn164	NC_026752.1	1398693	305144739	218.16	0	9003	225.38109631297505	0.9679605058671492	-0.04697991014780533
Cn164	NC_026753.1	1186808	262121001	220.86	0	1295	225.38109631297505	0.9799402150981783	-0.029234359957851216
Cn164	NC_026754.1	1059964	236703944	223.31	0	1798	225.38109631297505	0.990810691993001	-0.013318657871464315
Cn164	NC_026755.1	1561994	341640752	218.72	0	2010	225.38109631297505	0.9704451863002516	-0.043281367457008564
Cn164	NC_026756.1	774062	171598451	221.69	0	1618	225.38109631297505	0.9836228664543835	-0.02382282097727464
Cn164	NC_026757.1	756744	169422059	223.88	0	1789	225.38109631297505	0.9933397417195515	-0.009640862667416095
Cn164	NC_026758.1	942867	205237994	217.67	0	639	225.38109631297505	0.9657864104881846	-0.05022393129317157
Cn165	NC_026745.1	2291499	569272169	248.43	0	1342	251.43589385805333	0.9880450885037508	-0.0173512155505714
Cn165	NC_026746.1	1621675	478007052	294.76	0	10590	251.43589385805333	1.1723067676503063	0.22935014165171985
Cn165	NC_026747.1	1575141	394719986	250.59	0	1921	251.43589385805333	0.9966357474063314	-0.0048617732430765144
Cn165	NC_026748.1	1084805	266374688	245.55	0	1573	251.43589385805333	0.9765908766336434	-0.03417379458644805
Cn165	NC_026749.1	1814975	453161375	249.68	0	1072	251.43589385805333	0.9930165346279294	-0.010110354749909917
Cn165	NC_026750.1	1422463	354581459	249.27	0	767	251.43589385805333	0.9913859002991988	-0.01248135424845318
Cn165	NC_026751.1	1399503	348334236	248.9	0	2697	251.43589385805333	0.989914352246442	-0.014624386800722014
Cn165	NC_026752.1	1398693	340838511	243.68	0	20463	251.43589385805333	0.9691535932318722	-0.04520277018182781
Cn165	NC_026753.1	1186808	290217855	244.54	0	1529	251.43589385805333	0.972573948165307	-0.040120147518130055
Cn165	NC_026754.1	1059964	263409347	248.51	0	1756	251.43589385805333	0.9883632610556982	-0.016886710361743267
Cn165	NC_026755.1	1561994	381056942	243.96	0	2011	251.43589385805333	0.9702671971636881	-0.04354599610323154
Cn165	NC_026756.1	774062	191627913	247.56	0	3370	251.43589385805333	0.9845849620013225	-0.022412390061479295
Cn165	NC_026757.1	756744	188193364	248.69	0	1807	251.43589385805333	0.9890791492975799	-0.01584212018191573
Cn165	NC_026758.1	942867	230129101	244.07	0	755	251.43589385805333	0.9707046844226158	-0.042895640767759514
Cn166	NC_026745.1	2291499	522526725	228.03	0	1636	229.85338178483488	0.9920671961809909	-0.011490252184643576
Cn166	NC_026746.1	1621675	432493569	266.7	0	9542	229.85338178483488	1.160304877522564	0.21450393250693284
Cn166	NC_026747.1	1575141	370381168	235.14	0	4127	229.85338178483488	1.022999958382661	0.03280608639201012
Cn166	NC_026748.1	1084805	242129938	223.2	0	1584	229.85338178483488	0.9710538007612909	-0.042376865214805715
Cn166	NC_026749.1	1814975	415115593	228.72	0	1147	229.85338178483488	0.9950691098123766	-0.00713136730025749
Cn166	NC_026750.1	1422463	322885089	226.99	0	939	229.85338178483488	0.9875425727365835	-0.018085151113259677
Cn166	NC_026751.1	1399503	316729541	226.32	0	2037	229.85338178483488	0.9846276710945133	-0.022349810535102755
Cn166	NC_026752.1	1398693	311872404	222.97	0	14306	229.85338178483488	0.9700531628841624	-0.043864279827159285
Cn166	NC_026753.1	1186808	264552614	222.91	0	1279	229.85338178483488	0.9697921269162159	-0.04425255336701672
Cn166	NC_026754.1	1059964	239711124	226.15	0	1639	229.85338178483488	0.9838880691853313	-0.023433896412581985
Cn166	NC_026755.1	1561994	349634855	223.84	0	1998	229.85338178483488	0.9738381844193879	-0.0382460247666022
Cn166	NC_026756.1	774062	172787375	223.22	0	2460	229.85338178483488	0.9711408127506065	-0.042247597257110685
Cn166	NC_026757.1	756744	171756993	226.97	0	1769	229.85338178483488	0.987455560747268	-0.018212272008653257
Cn166	NC_026758.1	942867	209627609	222.33	0	684	229.85338178483488	0.9672687792260656	-0.048011261466152456
Cn167	NC_026745.1	2291499	568757981	248.2	0	1727	251.60321891793706	0.986473865745545	-0.019647264170388923
Cn167	NC_026746.1	1621675	483982978	298.45	0	11481	251.60321891793706	1.1861930911835532	0.24633887414905775
Cn167	NC_026747.1	1575141	402084986	255.27	0	4522	251.60321891793706	1.0145736652250816	0.020873618762986552
Cn167	NC_026748.1	1084805	265844116	245.06	0	1802	251.60321891793706	0.9739938982256376	-0.03801536059533748
Cn167	NC_026749.1	1814975	453219107	249.71	0	1348	251.60321891793706	0.9924753787885577	-0.010896782395236853
Cn167	NC_026750.1	1422463	352743414	247.98	0	992	251.60321891793706	0.9855994731167617	-0.02092661009241152
Cn167	NC_026751.1	1399503	346636627	247.69	0	1333	251.60321891793706	0.9844468646515473	-0.022614755873255885
Cn167	NC_026752.1	1398693	337044126	240.97	0	4975	251.60321891793706	0.9577381443541658	-0.06229683295636424
Cn167	NC_026753.1	1186808	290335050	244.64	0	1395	251.60321891793706	0.9723246032070512	-0.04049006782730335
Cn167	NC_026754.1	1059964	264353547	249.4	0	1832	251.60321891793706	0.9912432800843631	-0.01268891447107541
Cn167	NC_026755.1	1561994	380994055	243.92	0	2189	251.60321891793706	0.9694629546037603	-0.04474232417835969
Cn167	NC_026756.1	774062	189499079	244.81	0	1486	251.60321891793706	0.9730002702383839	-0.03948788919081916
Cn167	NC_026757.1	756744	189010355	249.77	0	2085	251.60321891793706	0.9927138495054987	-0.010550175112183625
Cn167	NC_026758.1	942867	228579547	242.43	0	729	251.60321891793706	0.9635409317997279	-0.05358214050940717
Cn168	NC_026745.1	2291499	517359004	225.77	0	2129	230.24727877164773	0.9805544769278766	-0.028330310048288645
Cn168	NC_026746.1	1621675	459789634	283.53	0	12752	230.24727877164773	1.2314152050465552	0.30031728762522164
Cn168	NC_026747.1	1575141	355436114	225.65	0	1469	230.24727877164773	0.9800332981298461	-0.029097327056771042
Cn168	NC_026748.1	1084805	244408750	225.3	0	2017	230.24727877164773	0.9785131933022571	-0.03133679203383052
Cn168	NC_026749.1	1814975	410658350	226.26	0	1052	230.24727877164773	0.98268262368650094	-0.0252025492938008
Cn168	NC_026750.1	1422463	322879971	226.99	0	1167	230.24727877164773	0.9858531280411866	-0.02055536433852489
Cn168	NC_026751.1	1399503	316361740	226.05	0	1308	230.24727877164773	0.9817705607899477	-0.026542187950278205
Cn168	NC_026752.1	1398693	307907166	220.14	0	2993	230.24727877164773	0.9561025049869456	-0.06476279518692198
Cn168	NC_026753.1	1186808	267895600	225.73	0	1470	230.24727877164773	0.9803807506618663	-0.028585937077243623
Cn168	NC_026754.1	1059964	239320029	225.78	0	1640	230.24727877164773	0.980597908494379	-0.02826641036758346
Cn168	NC_026755.1	1561994	348219575	222.93	0	2258	230.24727877164773	0.9682199120411548	-0.04659333046794539
Cn168	NC_026756.1	774062	174136564	224.96	0	1549	230.24727877164773	0.9770365200411707	-0.03351560608408547
Cn168	NC_026757.1	756744	174666459	230.81	0	2235	230.24727877164773	1.0024439864451573	0.003521625472738962
Cn168	NC_026758.1	942867	210606825	223.37	0	715	230.24727877164773	0.9701309009672666	-0.04374866981970463
Cn169b	NC_026745.1	2291499	483599048	211.04	0	1984	214.67152852654672	0.9830833247824122	-0.02461439230348677
Cn169b	NC_026746.1	1621675	420126356	259.07	0	11011	214.67152852654672	1.2068204935148765	0.2712111008027932
Cn169b	NC_026747.1	1575141	332283699	210.95	0	1390	214.67152852654672	0.9826640796192657	-0.025229774448318285
Cn169b	NC_026748.1	1084805	228384560	210.53	0	1877	214.67152852654672	0.9807076021912493	-0.028105033619499724
Cn169b	NC_026749.1	1814975	384436697	211.81	0	937	214.67152852654672	0.9866702000671093	-0.019360158370138842
Cn169b	NC_026750.1	1422463	300266460	211.09	0	1085	214.67152852654672	0.983316238761938	-0.024272626722354047
Cn169b	NC_026751.1	1399503	294571761	210.48	0	1244	214.67152852654672	0.9804746882117235	-0.028447708389142293
Cn169b	NC_026752.1	1398693	287343302	205.44	0	2739	214.67152852654672	0.9569969590755248	-0.06341375443272838
Cn169b	NC_026753.1	1186808	249768437	210.45	0	1395	214.67152852654672	0.980334939824008	-0.028653352326613844
Cn169b	NC_026754.1	1059964	223387700	210.75	0	1521	214.67152852654672	0.9817324237011626	-0.026598230838224577
Cn169b	NC_026755.1	1561994	327241478	209.5	0	2040	214.67152852654672	0.9759095742130182	-0.035180618080955246
Cn169b	NC_026756.1	774062	163405531	211.1	0	1489	214.67152852654672	0.9833628215578432	-0.024204283320513175
Cn169b	NC_026757.1	756744	163282449	215.77	0	2080	214.67152852654672	1.005116987245551	0.007363428863416626
Cn169b	NC_026758.1	942867	197303799	209.26	0	624	214.67152852654672	0.9747915871112944	-0.03683429487780118
Cn169	NC_026745.1	2291499	477575507	208.41	0	2095	211.39568925054124	0.9858763002163082	-0.020521454633007512
Cn169	NC_026746.1	1621675	412571255	254.41	0	10669	211.39568925054124	1.203477709985274	0.26720942142063053
Cn169	NC_026747.1	1575141	327493110	207.91	0	1451	211.39568925054124	0.9835110675014281	-0.02398680756953939
Cn169	NC_026748.1	1084805	225016817	207.43	0	1926	211.39568925054124	0.9812404440951433	-0.027321395752348952
Cn169	NC_026749.1	1814975	379346600	209.01	0	1077	211.39568925054124	0.9887145794741643	-0.016373988672148187
Cn169	NC_026750.1	1422463	295681006	207.87	0	1121	211.39568925054124	0.9833218488842378	-0.02426439572584116
Cn169	NC_026751.1	1399503	290243178	207.39	0	1140	211.39568925054124	0.9810512254779529	-0.027599626318929326
Cn169	NC_026752.1	1398693	283871550	202.95	0	1784	211.39568925054124	0.9600479589698179	-0.05882161776220983
Cn169	NC_026753.1	1186808	245038209	206.47	0	1372	211.39568925054124	0.9766991972825736	-0.03401378387909384
Cn169	NC_026754.1	1059964	220039436	207.59	0	1601	211.39568925054124	0.9819973185639049	-0.026209009756598112
Cn169	NC_026755.1	1561994	322259446	206.31	0	2108	211.39568925054124	0.975942322813812	-0.03513220637099127
Cn169	NC_026756.1	774062	159682240	206.29	0	1400	211.39568925054124	0.9758477135052167	-0.03527207016566119
Cn169	NC_026757.1	756744	160756592	212.43	0	2128	211.39568925054124	1.004892771243944	0.007041564441035681
Cn169	NC_026758.1	942867	193941819	205.69	0	609	211.39568925054124	0.9730094342473606	-0.03947430151931365
Cn170	NC_026745.1	2291499	561717740	245.13	0	1999	248.93687852323566	0.9847074545731466	-0.022232915012820327
Cn170	NC_026746.1	1621675	481052057	296.64	0	12008	248.93687852323566	1.1916273786341052	0.25293317620418015
Cn170	NC_026747.1	1575141	385153677	244.52	0	1752	248.93687852323566	0.9822570341950223	-0.02582750065650463
Cn170	NC_026748.1	1084805	264197328	243.54	0	2008	248.93687852323566	0.978320293259675	-0.03162122700250112
Cn170	NC_026749.1	1814975	445924670	245.69	0	1387	248.93687852323566	0.9869570208219165	-0.018940834113645125
Cn170	NC_026750.1	1422463	350015556	246.06	0	1225	248.93687852323566	0.9884433413791395	-0.016769823372978193
Cn170	NC_026751.1	1399503	344153196	245.91	0	1351	248.93687852323566	0.9878407789910761	-0.017649569141375138
Cn170	NC_026752.1	1398693	336268606	240.42	0	7193	248.93687852323566	0.965786995587957	-0.05022305726939652
Cn170	NC_026753.1	1186808	289880534	244.25	0	1717	248.93687852323566	0.9811724218965082	-0.027421410678240655
Cn170	NC_026754.1	1059964	259757408	245.06	0	1930	248.93687852323566	0.9844262587920504	-0.02264495382858026
Cn170	NC_026755.1	1561994	379367439	242.87	0	2636	248.93687852323566	0.9756288479263253	-0.035595677728111424
Cn170	NC_026756.1	774062	190066534	245.54	0	1990	248.93687852323566	0.9863544584338532	-0.01982190515107908
Cn170	NC_026757.1	756744	187722565	248.07	0	2206	248.93687852323566	0.9965176773791885	-0.005032697408489721
Cn170	NC_026758.1	942867	227437307	241.22	0	733	248.93687852323566	0.9690006616576283	-0.04543044413879827
Cn171	NC_026745.1	2291499	572041652	249.64	0	1493	252.186900954323	0.9899007405036302	-0.014644224606711708
Cn171	NC_026746.1	1621675	482038945	297.25	0	11584	252.186900954323	1.178689293040795	0.23718346855946296
Cn171	NC_026747.1	1575141	390012590	247.6	0	1558	252.186900954323	0.9818115019576144	-0.0264820268592905
Cn171	NC_026748.1	1084805	267155005	246.27	0	1474	252.186900954323	0.9765376356506531	-0.034252448399208546
Cn171	NC_026749.1	1814975	456330507	251.43	0	1010	252.186900954323	0.996998650796458	-0.004336542611510236
Cn171	NC_026750.1	1422463	356722626	250.78	0	849	252.186900954323	0.9944211973381686	-0.008071045310405527
Cn171	NC_026751.1	1399503	345611399	246.95	0	1963	252.186900954323	0.9792340484993249	-0.030274372695111004
Cn171	NC_026752.1	1398693	338927201	242.32	0	10963	252.186900954323	0.9608746492502791	-0.057579858165545124
Cn171	NC_026753.1	1186808	292336560	246.32	0	1525	252.186900954323	0.9767359013012907	-0.03395956891610016
Cn171	NC_026754.1	1059964	267508678	252.38	0	1926	252.186900954323	1.000765698158573	0.0011042462304689566
Cn171	NC_026755.1	1561994	384200572	245.97	0	2243	252.186900954323	0.9753480417468272	-0.036010974995398126
Cn171	NC_026756.1	774062	193671251	250.2	0	2519	252.186900954323	0.9921213157907719	-0.01141155190773529
Cn171	NC_026757.1	756744	187794839	248.16	0	1785	252.186900954323	0.984032077244756	-0.023222749924826556
Cn171	NC_026758.1	942867	229759593	243.68	0	692	252.186900954323	0.9662674749476231	-0.04950549447362518
Cn172	NC_026745.1	2291499	531401255	231.9	0	1596	236.11413995929215	0.9821521067733653	-0.02598162157547693
Cn172	NC_026746.1	1621675	455878217	281.12	0	11603	236.11413995929215	1.1906106091251765	0.2517016548995331
Cn172	NC_026747.1	1575141	376485350	239.02	0	3704	236.11413995929215	1.0123070140619654	0.017646899214031925
Cn172	NC_026748.1	1084805	250288571	230.72	0	1558	236.11413995929215	0.97715452382385	-0.03334137186802045
Cn172	NC_026749.1	1814975	422995901	233.06	0	1232	236.11413995929215	0.9870649849271259	-0.018783025052873444
Cn172	NC_026750.1	1422463	331535768	233.07	0	857	236.11413995929215	0.9871073373250031	-0.018721124079277725
Cn172	NC_026751.1	1399503	324264575	231.7	0	1251	236.11413995929215	0.9813050588158202	-0.027226397356658907
Cn172	NC_026752.1	1398693	316490198	226.28	0	5926	236.11413995929215	0.9583500591663522	-0.061375365465068416
Cn172	NC_026753.1	1186808	273069326	230.09	0	1372	236.11413995929215	0.9744863227575835	-0.03728615797092863
Cn172	NC_026754.1	1059964	248569486	234.51	0	1706	236.11413995929215	0.9932060826193267	-0.00983499795389419
Cn172	NC_026755.1	1561994	357426181	228.83	0	2047	236.11413995929215	0.9691499206250503	-0.04520823728397275
Cn172	NC_026756.1	774062	179285537	231.62	0	1404	236.11413995929215	0.9809662396328023	-0.027724608547274862
Cn172	NC_026757.1	756744	178047889	235.28	0	2335	236.11413995929215	0.9964672172558748	-0.0051057522217788694
Cn172	NC_026758.1	942867	214739534	227.75	0	682	236.11413995929215	0.9645758616543076	-0.05203338753206743
Cn173	NC_026745.1	2291499	627037887	273.64	0	1958	276.7209150316764	0.9888663456055581	-0.01615255424912175
Cn173	NC_026746.1	1621675	509373340	314.1	0	9893	276.7209150316764	1.1350786403841027	0.18279225360597995
Cn173	NC_026747.1	1575141	442807404	281.12	0	4390	276.7209150316764	1.0158971900183984	0.022754407075029078
Cn173	NC_026748.1	1084805	295398129	272.31	0	1995	276.7209150316764	0.9840600590989971	-0.023181726152000436
Cn173	NC_026749.1	1814975	496655593	273.64	0	1454	276.7209150316764	0.9888663456055581	-0.01615255424912175
Cn173	NC_026750.1	1422463	390072324	274.22	0	1172	276.7209150316764	0.9909623201723293	-0.013097892706674963
Cn173	NC_026751.1	1399503	381632007	272.69	0	1497	276.7209150316764	0.9854332838151574	-0.02116989420932764
Cn173	NC_026752.1	1398693	374616551	267.83	0	7055	276.7209150316764	0.9678704624453173	-0.04711412145071525
Cn173	NC_026753.1	1186808	321881385	271.22	0	1666	276.7209150316764	0.9801210724131688	-0.02896812139291625
Cn173	NC_026754.1	1059964	292325042	275.79	0	2137	276.7209150316764	0.9966359064996233	-0.0048615429452114195
Cn173	NC_026755.1	1561994	421289658	269.71	0	2399	276.7209150316764	0.9746643110410579	-0.03702267621619312
Cn173	NC_026756.1	774062	210368766	271.77	0	1784	276.7209150316764	0.9821086345023481	-0.026045479930434632
Cn173	NC_026757.1	756744	210382991	278.01	0	2616	276.7209150316764	1.0046584298414019	0.006705088136602795
Cn173	NC_026758.1	942867	253747136	269.12	0	815	276.7209150316764	0.9725321989817564	-0.040182078678202934
Cn174	NC_026745.1	2291499	537648631	234.63	0	1405	239.40508018736563	0.9800543907270952	-0.029066277236270692
Cn174	NC_026746.1	1621675	474822213	292.8	0	13715	239.40508018736563	1.2230316907679901	0.29046178695726566
Cn174	NC_026747.1	1575141	368916989	234.21	0	1871	239.40508018736563	0.9783000419903379	-0.0316510911568482
Cn174	NC_026748.1	1084805	251241709	231.6	0	1517	239.40508018736563	0.9673980176976313	-0.04781851333754053
Cn174	NC_026749.1	1814975	425610388	234.5	0	2723	239.40508018736563	0.9795113780228608	-0.029865843924038155
Cn174	NC_026750.1	1422463	332867649	234.01	0	840	239.40508018736563	0.9774646378299772	-0.032883584539132045
Cn174	NC_026751.1	1399503	328195153	234.51	0	1348	239.40508018736563	0.9795531482308788	-0.02980432305919066
Cn174	NC_026752.1	1398693	319850788	228.68	0	6134	239.40508018736563	0.955201116956366	-0.06612357128038561
Cn174	NC_026753.1	1186808	282977953	238.44	0	3838	239.40508018736563	0.9959688399819656	-0.005827488243313042
Cn174	NC_026754.1	1059964	258365310	243.75	0	4135	239.40508018736563	1.0181488204395408	0.02594845219755832
Cn174	NC_026755.1	1561994	366691616	234.76	0	2539	239.40508018736563	0.9805974034313296	-0.028267153436825208
Cn174	NC_026756.1	774062	180640080	233.37	0	1498	239.40508018736563	0.9747913445168231	-0.036834653918532405
Cn174	NC_026757.1	756744	177153506	234.1	0	1959	239.40508018736563	0.9778405697021395	-0.03232883221476429
Cn174	NC_026758.1	942867	217665590	230.86	0	705	239.40508018736563	0.9643070223042971	-0.052435540719068044
Cn175	NC_026745.1	2291499	494584157	215.83	0	1446	219.74127785365383	0.9822005319534971	-0.02591049099956388
Cn175	NC_026746.1	1621675	421886564	260.15	0	10031	219.74127785365383	1.183892268858371	0.2435378054135543
Cn175	NC_026747.1	1575141	341170183	216.6	0	1604	219.74127785365383	0.985704652833839	-0.02077265895481075
Cn175	NC_026748.1	1084805	234384551	216.06	0	1479	219.74127785365383	0.9832472174112615	-0.024373896539063657
Cn175	NC_026749.1	1814975	394328969	217.26	0	1045	219.74127785365383	0.9887081850169892	-0.016383319253166446
Cn175	NC_026750.1	1422463	309658090	217.69	0	851	219.74127785365383	0.990665031742375	-0.013530765765690917
Cn175	NC_026751.1	1399503	304310613	217.44	0	1386	219.74127785365383	0.9895273301578483	-0.015188540683109044
Cn175	NC_026752.1	1398693	289886862	207.26	0	5237	219.74127785365383	0.9432001216359255	-0.08436419051844081
Cn175	NC_026753.1	1186808	255283882	215.1	0	1436	219.74127785365383	0.9788784433266794	-0.0307983771400771
Cn175	NC_026754.1	1059964	230571981	217.53	0	1569	219.74127785365383	0.989936902728278	-0.014591522242605265
Cn175	NC_026755.1	1561994	337383127	216	0	1907	219.74127785365383	0.9829741690309752	-0.024774589512306967
Cn175	NC_026756.1	774062	167913188	216.92	0	1416	219.74127785365383	0.987160910862033	-0.01864282643529163
Cn175	NC_026757.1	756744	166531057	220.06	0	1648	219.74127785365383	1.001450442763687	0.0020910304885682486
Cn175	NC_026758.1	942867	203281666	215.6	0	677	219.74127785365383	0.9811538464957326	-0.027448723810632573
Cn176	NC_026745.1	2291499	460470623	200.95	0	1586	204.07506286130263	0.9846866990141439	-0.02226332430594295
Cn176	NC_026746.1	1621675	388116680	239.33	0	9055	204.07506286130263	1.172754753297114	0.22990134823894834
Cn176	NC_026747.1	1575141	316952391	201.22	0	1520	204.07506286130263	0.986009741605504	-0.020326194636584877
Cn176	NC_026748.1	1084805	217174328	200.2	0	1391	204.07506286130263	0.9810115807048102	-0.027657927528694518
Cn176	NC_026749.1	1814975	367087568	202.25	0	1090	204.07506286130263	0.9910569040836557	-0.012960199047348138
Cn176	NC_026750.1	1422463	286086331	201.12	0	793	204.07506286130263	0.9855197258309263	-0.021043346831542513
Cn176	NC_026751.1	1399503	280961327	200.76	0	1111	204.07506286130263	0.983755669042446	-0.023628050492541533
Cn176	NC_026752.1	1398693	274340745	196.14	0	2218	204.07506286130263	0.9611169402569504	-0.05721611876362824
Cn176	NC_026753.1	1186808	236683233	199.43	0	1318	204.07506286130263	0.977238459240561	-0.0332174528705951
Cn176	NC_026754.1	1059964	214777375	202.63	0	1616	204.07506286130263	0.9929189640270514	-0.010252116274623939
Cn176	NC_026755.1	1561994	312208601	199.88	0	1998	204.07506286130263	0.9794435302261612	-0.029965778516162552
Cn176	NC_026756.1	774062	155891537	201.39	0	1216	204.07506286130263	0.9868427684222862	-0.019107853455159435
Cn176	NC_026757.1	756744	155611914	205.63	0	1630	204.07506286130263	1.0076194372643863	0.010950857449249252
Cn176	NC_026758.1	942867	188858746	200.3	0	825	204.07506286130263	0.9815015964793881	-0.026937480551980315
Cn177	NC_026745.1	2291499	438925747	191.55	0	1368	196.09743524403143	0.9768103277925465	-0.03384964090078287
Cn177	NC_026746.1	1621675	392639930	242.12	0	11452	196.09743524403143	1.2346923339343845	0.30415158949817256
Cn177	NC_026747.1	1575141	302831122	192.26	0	1424	196.09743524403143	0.9804309768801617	-0.028512027772178324
Cn177	NC_026748.1	1084805	207819652	191.57	0	1317	196.09743524403143	0.9769123179076905	-0.033699014982825244
Cn177	NC_026749.1	1814975	350585032	193.16	0	1044	196.09743524403143	0.985020532061646	-0.02177429803936975
Cn177	NC_026750.1	1422463	274191908	192.76	0	850	196.09743524403143	0.982980729758764	-0.024764960472036097
Cn177	NC_026751.1	1399503	269763525	192.76	0	1231	196.09743524403143	0.982980729758764	-0.024764960472036097
Cn177	NC_026752.1	1398693	262425561	187.62	0	3104	196.09743524403143	0.9567692701667323	-0.06375704156582862
Cn177	NC_026753.1	1186808	226951179	191.23	0	1376	196.09743524403143	0.9751784859502409	-0.0362617968161031
Cn177	NC_026754.1	1059964	202482541	191.03	0	1434	196.09743524403143	0.9741585847988001	-0.037771444880280496
Cn177	NC_026755.1	1561994	299714429	191.88	0	1802	196.09743524403143	0.978493164692424	-0.03136632201053707
Cn177	NC_026756.1	774062	148688872	192.09	0	1116	196.09743524403143	0.979564060901437	-0.029788250865425085
Cn177	NC_026757.1	756744	147271502	194.61	0	1575	196.09743524403143	0.9924148154095928	-0.010984822012516209
Cn177	NC_026758.1	942867	180223496	191.14	0	572	196.09743524403143	0.9747195304320925	-0.03694094296291282
Cn178	NC_026745.1	2291499	482134633	210.4	0	1452	213.56508368740927	0.985179769872673	-0.021541091699318587
Cn178	NC_026746.1	1621675	401763472	247.75	0	8921	213.56508368740927	1.160067908678492	0.21420926108222949
Cn178	NC_026747.1	1575141	338846352	215.12	0	3043	213.56508368740927	1.0072807609078394	0.010465863993889667
Cn178	NC_026748.1	1084805	227986911	210.16	0	1389	213.56508368740927	0.9840559906674949	-0.023187690745351555
Cn178	NC_026749.1	1814975	384699999	211.96	0	1075	213.56508368740927	0.9924843347063297	-0.010883763835647514
Cn178	NC_026750.1	1422463	299659049	210.66	0	772	213.56508368740927	0.986397197344949	-0.019759394277072198
Cn178	NC_026751.1	1399503	294853962	210.68	0	1093	213.56508368740927	0.9864908456120473	-0.019622431725026476
Cn178	NC_026752.1	1398693	287395050	205.47	0	5756	213.56508368740927	0.9620954720329757	-0.055748030211969446
Cn178	NC_026753.1	1186808	246830724	207.98	0	1284	213.56508368740927	0.9738483295537952	-0.03823099530986597
Cn178	NC_026754.1	1059964	222302489	209.73	0	1731	213.56508368740927	0.9820425529248844	-0.026142555516822485
Cn178	NC_026755.1	1561994	326482866	209.02	0	1687	213.56508368740927	0.9787180394428997	-0.031034803686837947
Cn178	NC_026756.1	774062	162698971	210.19	0	1341	213.56508368740927	0.9841964630681422	-0.02298176305985057
Cn178	NC_026757.1	756744	161556032	213.49	0	1744	213.56508368740927	0.9996484271393391	-5.073016045510614e-4
Cn178	NC_026758.1	942867	197288704	209.24	0	602	213.56508368740927	0.9797481703809795	-0.029517121200987144
Cn179	NC_026745.1	2291499	443308157	193.46	0	1443	192.01460177766432	1.0075275432647008	0.0108192789400819
Cn179	NC_026746.1	1621675	355583890	219.27	0	7003	192.01460177766432	1.1419444040713893	0.19149241434090994
Cn179	NC_026747.1	1575141	296546182	188.27	0	1303	192.01460177766432	0.9804983488599465	-0.028412893938140775
Cn179	NC_026748.1	1084805	204476345	188.49	0	1320	192.01460177766432	0.9816440950582213	-0.02672803914957842
Cn179	NC_026749.1	1814975	343010812	188.99	0	728	192.01460177766432	0.9842480636906639	-0.02290612571145309
Cn179	NC_026750.1	1422463	269697764	189.6	0	766	192.01460177766432	0.9874249054222437	-0.018257060831218072
Cn179	NC_026751.1	1399503	268462063	191.83	0	1239	192.01460177766432	0.999038605522938	-0.0013876661986390914
Cn179	NC_026752.1	1398693	259754062	185.71	0	7765	192.01460177766432	0.9671660294618402	-0.048164522330539486
Cn179	NC_026753.1	1186808	221950072	187.01	0	1151	192.01460177766432	0.973936347906191	-0.038100607549797265
Cn179	NC_026754.1	1059964	201244797	189.86	0	1541	192.01460177766432	0.9887789691111141	-0.016280036800586976
Cn179	NC_026755.1	1561994	293260023	187.75	0	1588	192.01460177766432	0.9777902214822061	-0.032403117327842935
Cn179	NC_026756.1	774062	147984719	191.18	0	1511	192.01460177766432	0.9956534463007625	-0.006284419165141993
Cn179	NC_026757.1	756744	145010063	191.62	0	1474	192.01460177766432	0.997944938697312	-0.002967877380677484
Cn179	NC_026758.1	942867	177095952	187.83	0	549	192.01460177766432	0.978206856463397	-0.031788518014691854
Cn180	NC_026745.1	2291499	532638897	232.44	0	1599	236.30622433427047	0.9836389229900205	-0.02379927079756569
Cn180	NC_026746.1	1621675	451385947	278.35	0	10757	236.30622433427047	1.1779207288516274	0.23624245263122035
Cn180	NC_026747.1	1575141	374975237	238.06	0	3586	236.30622433427047	1.0074216228145083	0.010667601755431534
Cn180	NC_026748.1	1084805	251531747	231.87	0	1552	236.30622433427047	0.9812267986305975	-0.027341458501527787
Cn180	NC_026749.1	1814975	424978595	234.15	0	1298	236.30622433427047	0.9908752960682901	-0.013224592535548033
Cn180	NC_026750.1	1422463	330788347	232.55	0	882	236.30622433427047	0.9841044206734181	-0.023116690710001764
Cn180	NC_026751.1	1399503	325499147	232.58	0	1285	236.30622433427047	0.984231374587072	-0.022930588539482946
Cn180	NC_026752.1	1398693	317904439	227.29	0	6829	236.30622433427047	0.9618451678127765	-0.05612341877828336
Cn180	NC_026753.1	1186808	272283340	229.42	0	1388	236.30622433427047	0.9708588956821997	-0.0426664648373923
Cn180	NC_026754.1	1059964	246773437	232.81	0	2018	236.30622433427047	0.9852046879250848	-0.021504602220828502
Cn180	NC_026755.1	1561994	360571317	230.84	0	1935	236.30622433427047	0.9768680475951487	-0.03376439445075455
Cn180	NC_026756.1	774062	179848043	232.34	0	1547	236.30622433427047	0.9832157432778411	-0.024420078518702756
Cn180	NC_026757.1	756744	178294758	235.61	0	1793	236.30622433427047	0.9970537198661107	-0.004256857769844713
Cn180	NC_026758.1	942867	216633240	229.76	0	697	236.30622433427047	0.97229770670361	-0.04052997629892426
Cn181	NC_026745.1	2291499	456861782	199.37	0	1405	203.30230854133987	0.9806578264184331	-0.028178259403503297
Cn181	NC_026746.1	1621675	393952239	242.93	0	10380	203.30230854133987	1.1949200269440234	0.2569140654092738
Cn181	NC_026747.1	1575141	320582902	203.53	0	2410	203.30230854133987	1.001119964944293	0.0016148637444112956
Cn181	NC_026748.1	1084805	215577102	198.72	0	1350	203.30230854133987	0.9774606172737674	-0.03288951871640074
Cn181	NC_026749.1	1814975	363159870	200.09	0	1031	203.30230854133987	0.9841993503940627	-0.02297753064809843
Cn181	NC_026750.1	1422463	284626158	200.09	0	765	203.30230854133987	0.9841993503940627	-0.02297753064809843
Cn181	NC_026751.1	1399503	278756077	199.18	0	1081	203.30230854133987	0.9797232575915309	-0.029553806153144204
Cn181	NC_026752.1	1398693	272688294	194.96	0	5906	203.30230854133987	0.9589659920677018	-0.06044844121354141
Cn181	NC_026753.1	1186808	234651247	197.72	0	1146	203.30230854133987	0.972541833974282	-0.04016778579710918
Cn181	NC_026754.1	1059964	212788372	200.75	0	1722	203.30230854133987	0.9874457473717232	-0.01822660964484281
Cn181	NC_026755.1	1561994	310104397	198.53	0	1668	203.30230854133987	0.9765260484468652	-0.03426956694130105
Cn181	NC_026756.1	774062	155143006	200.43	0	1321	203.30230854133987	0.9858717367158878	-0.020528132706779983
Cn181	NC_026757.1	756744	154842451	204.62	0	1585	203.30230854133987	1.0064814387407321	0.00932056671169641
Cn181	NC_026758.1	942867	186889251	198.21	0	570	203.30230854133987	0.9749520377910299	-0.036596846838451116
Cn182	NC_026745.1	2291499	460420834	200.93	0	1086	203.13603751758822	0.9891400977170424	-0.015753222065421266
Cn182	NC_026746.1	1621675	382618476	235.94	0	8375	203.13603751758822	1.1614876556778926	0.21597382122642358
Cn182	NC_026747.1	1575141	320300258	203.35	0	1744	203.13603751758822	1.0010532965249617	0.0015187859475095473
Cn182	NC_026748.1	1084805	214085659	197.35	0	1232	203.13603751758822	0.9715164399764012	-0.041689685621519985
Cn182	NC_026749.1	1814975	366277522	201.81	0	961	203.13603751758822	0.9934721700108312	-0.009448540849474971
Cn182	NC_026750.1	1422463	286589738	201.47	0	752	203.13603751758822	0.9917984148064128	-0.011881175396792742
Cn182	NC_026751.1	1399503	280373244	200.34	0	1541	203.13603751758822	0.986235640156434	-0.01999570561771378
Cn182	NC_026752.1	1398693	275308162	196.83	0	9600	203.13603751758822	0.9689565790755261	-0.0454960779115799
Cn182	NC_026753.1	1186808	234697333	197.76	0	1131	203.13603751758822	0.9735347918405529	-0.03869555649761109
Cn182	NC_026754.1	1059964	213251712	201.19	0	1440	203.13603751758822	0.99042002816748	-0.013887606015971929
Cn182	NC_026755.1	1561994	310409843	198.73	0	1545	203.13603751758822	0.9783099169825702	-0.03163652861998991
Cn182	NC_026756.1	774062	154424664	199.5	0	1893	203.13603751758822	0.9821004802396355	-0.026057458404915138
Cn182	NC_026757.1	756744	152588425	201.64	0	1740	203.13603751758822	0.9926352924086219	-0.010664345392621675
Cn182	NC_026758.1	942867	186136220	197.42	0	578	203.13603751758822	0.9718610366361344	-0.041178052752149745
Cn183	NC_026745.1	2291499	440543545	192.25	0	1032	194.00359675537698	0.9909610090498058	-0.013099801509033598
Cn183	NC_026746.1	1621675	364476140	224.75	0	7913	194.00359675537698	1.158483676379422	0.21223771604358738
Cn183	NC_026747.1	1575141	307039740	194.93	0	1607	194.00359675537698	1.0047751859249865	0.006872740774290441
Cn183	NC_026748.1	1084805	204642246	188.64	0	1135	194.00359675537698	0.972353106617193	-0.04044777626582225
Cn183	NC_026749.1	1814975	350860348	193.31	0	919	194.00359675537698	0.9964248252765564	-0.005167129052073882
Cn183	NC_026750.1	1422463	273132535	192.01	0	587	194.00359675537698	0.9897239185833717	-0.014901950339703365
Cn183	NC_026751.1	1399503	267490468	191.13	0	1211	194.00359675537698	0.9851879202064467	-0.021529156418227367
Cn183	NC_026752.1	1398693	263129419	188.13	0	8182	194.00359675537698	0.9697242893760206	-0.04435347427909931
Cn183	NC_026753.1	1186808	223817184	188.59	0	1101	194.00359675537698	0.972095379436686	-0.04083022067621825
Cn183	NC_026754.1	1059964	203275094	191.78	0	1305	194.00359675537698	0.9885383735530391	-0.016631124623182048
Cn183	NC_026755.1	1561994	295517424	189.19	0	1489	194.00359675537698	0.9751881056027711	-0.03624756541462131
Cn183	NC_026756.1	774062	147454829	190.49	0	1661	194.00359675537698	0.9818890122959559	-0.026368135988468374
Cn183	NC_026757.1	756744	145948559	192.86	0	1709	194.00359675537698	0.9941052806519926	-0.008529446488724647
Cn183	NC_026758.1	942867	177631858	188.4	0	572	194.00359675537698	0.971116016150759	-0.042284434745439144
Cn184	NC_026745.1	2291499	739973699	322.92	0	1090	186.72410265460735	1.7293964486058924	0.7902686317765908
Cn184	NC_026746.1	1621675	321177157	198.05	0	7757	186.72410265460735	1.0606557867162052	0.08495653620699922
Cn184	NC_026747.1	1575141	260366759	165.3	0	1416	186.72410265460735	0.885263325141069	-0.1758214404053067
Cn184	NC_026748.1	1084805	177349706	163.49	0	1287	186.72410265460735	0.8755698791730996	-0.19170577023950303
Cn184	NC_026749.1	1814975	300937721	165.81	0	1044	186.72410265460735	0.8879946275961321	-0.17137714664966572
Cn184	NC_026750.1	1422463	235717966	165.71	0	778	186.72410265460735	0.8874590780951394	-0.17224749841405068
Cn184	NC_026751.1	1399503	231891476	165.7	0	1168	186.72410265460735	0.88740552314504	-0.1723345624761689
Cn184	NC_026752.1	1398693	225815060	161.45	0	6744	186.72410265460735	0.8646446693528468	-0.20982072408363983
Cn184	NC_026753.1	1186808	195168835	164.45	0	1470	186.72410265460735	0.8807111543826303	-0.18325915686221833
Cn184	NC_026754.1	1059964	174477252	164.61	0	1334	186.72410265460735	0.8815680335842189	-0.1818561833939539
Cn184	NC_026755.1	1561994	256275975	164.07	0	1561	186.72410265460735	0.8786760662788576	-0.18659669710353638
Cn184	NC_026756.1	774062	127523944	164.75	0	1478	186.72410265460735	0.8823178028856087	-0.18062969980220642
Cn184	NC_026757.1	756744	126946277	167.75	0	1804	186.72410265460735	0.8983842879153922	-0.1545953986100746
Cn184	NC_026758.1	942867	153819234	163.14	0	545	186.72410265460735	0.8736954559196247	-0.1947976078390669
Cn185	NC_026745.1	2291499	874168700	381.48	0	1367	220.54654864835695	1.7297028783172572	0.790524238559942
Cn185	NC_026746.1	1621675	390614242	240.87	0	10874	220.54654864835695	1.0921503939925494	0.12717153549539506
Cn185	NC_026747.1	1575141	306536151	194.61	0	1694	220.54654864835695	0.8823987552409601	-0.18049733909968124
Cn185	NC_026748.1	1084805	208307206	192.02	0	1487	220.54654864835695	0.8706552026173843	-0.19982659989646137
Cn185	NC_026749.1	1814975	354521189	195.33	0	1172	220.54654864835695	0.8856633721865101	-0.17516963940273744
Cn185	NC_026750.1	1422463	276216382	194.18	0	931	220.54654864835695	0.8804490534540343	-0.18368856891798338
Cn185	NC_026751.1	1399503	272464113	194.69	0	1795	220.54654864835695	0.8827614904571323	-0.1799043999530297
Cn185	NC_026752.1	1398693	265401660	189.75	0	11288	220.54654864835695	0.8603625908584973	-0.21698329810899927
Cn185	NC_026753.1	1186808	232370517	195.79	0	1572	220.54654864835695	0.8877490996795003	-0.17177610276539448
Cn185	NC_026754.1	1059964	204669095	193.09	0	1592	220.54654864835695	0.8755067861336877	-0.19180973372313218
Cn185	NC_026755.1	1561994	301750354	193.18	0	1902	220.54654864835695	0.8759148632518815	-0.19113744461950183
Cn185	NC_026756.1	774062	149832187	193.57	0	2377	220.54654864835695	0.8776831974307211	-0.1882278065759982
Cn185	NC_026757.1	756744	149019460	196.92	0	2166	220.54654864835695	0.8928727346079329	-0.16347353906432152
Cn185	NC_026758.1	942867	180516160	191.45	0	596	220.54654864835695	0.8680707142021571	-0.2041155235616673
Cn186	NC_026745.1	2291499	452893935	197.64	0	1104	202.64173903680938	0.9753173306714426	-0.03605640228065982
Cn186	NC_026746.1	1621675	408656078	252	0	12271	202.64173903680938	1.2435740099635881	0.31449237054647056
Cn186	NC_026747.1	1575141	315192725	200.1	0	1447	202.64173903680938	0.9874569817210871	-0.01821019593506731
Cn186	NC_026748.1	1084805	213755453	197.05	0	1164	202.64173903680938	0.9724057883465279	-0.04036961370297463
Cn186	NC_026749.1	1814975	360401228	198.57	0	969	202.64173903680938	0.9799067109463082	-0.029283686538529058
Cn186	NC_026750.1	1422463	282981985	198.94	0	712	202.64173903680938	0.9817325934212547	-0.026597981427786337
Cn186	NC_026751.1	1399503	278339075	198.88	0	1885	202.64173903680938	0.9814365043712634	-0.02703316167568583
Cn186	NC_026752.1	1398693	272823732	195.06	0	11127	202.64173903680938	0.9625855015218154	-0.055013401316658654
Cn186	NC_026753.1	1186808	233548648	196.79	0	1245	202.64173903680938	0.9711227357965654	-0.04227445203896533
Cn186	NC_026754.1	1059964	211037467	199.1	0	1472	202.64173903680938	0.9825221642212316	-0.025438142120305818
Cn186	NC_026755.1	1561994	307881953	197.11	0	1643	202.64173903680938	0.9727018773965193	-0.03993039255865793
Cn186	NC_026756.1	774062	153445852	198.23	0	2143	202.64173903680938	0.9782288729963573	-0.0317560475967349
Cn186	NC_026757.1	756744	151727729	200.5	0	1400	202.64173903680938	0.9894309087210293	-0.015329126498525764
Cn186	NC_026758.1	942867	185458342	196.7	0	553	202.64173903680938	0.9706786022215784	-0.04293440556227819
Cn187	NC_026745.1	2291499	701385479	306.08	0	1543	221.4776477589319	1.3819904766785034	0.46674767412267326
Cn187	NC_026746.1	1621675	398873564	245.96	0	4770	221.4776477589319	1.1105409619832878	0.15126260725704838
Cn187	NC_026747.1	1575141	324358380	205.92	0	2416	221.4776477589319	0.9297552239860083	-0.10507714600273732
Cn187	NC_026748.1	1084805	218285920	201.22	0	1700	221.4776477589319	0.9085341208744396	-0.13838739760797342
Cn187	NC_026749.1	1814975	364494801	200.83	0	1165	221.4776477589319	0.9067732208290116	-0.14118630939717045
Cn187	NC_026750.1	1422463	289940914	203.83	0	899	221.4776477589319	0.9203186057938427	-0.1197946995588759
Cn187	NC_026751.1	1399503	282569328	201.91	0	1388	221.4776477589319	0.9116495594163507	-0.13344873985333505
Cn187	NC_026752.1	1398693	274370651	196.16	0	1606	221.4776477589319	0.8856875715670911	-0.1751302205326575
Cn187	NC_026753.1	1186808	251713723	212.09	0	1571	221.4776477589319	0.9576135657303444	-0.06248450497722088
Cn187	NC_026754.1	1059964	215289758	203.11	0	2015	221.4776477589319	0.9170677134022833	-0.12489983305936272
Cn187	NC_026755.1	1561994	313668209	200.81	0	2020	221.4776477589319	0.9066829182625794	-0.14132998981167905
Cn187	NC_026756.1	774062	205663490	265.69	0	1464	221.4776477589319	1.1996244437686605	0.26258282423871615
Cn187	NC_026757.1	756744	156206355	206.42	0	2972	221.4776477589319	0.9320127881468135	-0.10157834465435467
Cn187	NC_026758.1	942867	187156417	198.5	0	703	221.4776477589319	0.8962529718396594	-0.15802209730575656
Cn188	NC_026745.1	2291499	636438155	277.74	0	1926	195.59894205728563	1.4199463303776843	0.5058364013065555
Cn188	NC_026746.1	1621675	376130352	231.94	0	3134	195.59894205728563	1.1857937346719956	0.24585307915396365
Cn188	NC_026747.1	1575141	276184868	175.34	0	2537	195.59894205728563	0.8964261163981535	-0.15774341407872264
Cn188	NC_026748.1	1084805	188094477	173.39	0	1991	195.59894205728563	0.8864567373233478	-0.17387787140252475
Cn188	NC_026749.1	1814975	324814019	178.96	0	2012	195.59894205728563	0.9149333739626643	-0.12826140564737284
Cn188	NC_026750.1	1422463	247326823	173.87	0	1140	195.59894205728563	0.888910738326377	-0.16988953954364913
Cn188	NC_026751.1	1399503	235106006	167.99	0	1860	195.59894205728563	0.8588492260392712	-0.21952321141371775
Cn188	NC_026752.1	1398693	237311833	169.67	0	3568	195.59894205728563	0.8674382295498727	-0.20516706814168356
Cn188	NC_026753.1	1186808	197570556	166.47	0	2204	195.59894205728563	0.8510782228630125	-0.23263635833420393
Cn188	NC_026754.1	1059964	191634241	180.79	0	2581	195.59894205728563	0.9242892527867125	-0.11358368669044057
Cn188	NC_026755.1	1561994	264816176	169.54	0	2612	195.59894205728563	0.866773604278219	-0.206272874954559
Cn188	NC_026756.1	774062	227163057	293.47	0	2135	195.59894205728563	1.5003659882477822	0.5853144640714848
Cn188	NC_026757.1	756744	137740582	182.02	0	3154	195.59894205728563	0.9305776303569745	-0.10380158752672587
Cn188	NC_026758.1	942867	154766220	164.14	0	771	195.59894205728563	0.8391660929941422	-0.2529717087470374
Cn189	NC_026745.1	2291499	454844487	198.49	0	1485	199.92538464881494	0.992820398213382	-0.010395337901190661
Cn189	NC_026746.1	1621675	369166817	227.65	0	7230	199.92538464881494	1.1386748131053273	0.18735579576940295
Cn189	NC_026747.1	1575141	312715213	198.53	0	1635	199.92538464881494	0.9930204728565808	-0.01010463314157747
Cn189	NC_026748.1	1084805	212477407	195.87	0	1405	199.92538464881494	0.9797155090838587	-0.02956521629137673
Cn189	NC_026749.1	1814975	361528223	199.19	0	936	199.92538464881494	0.9963217044693614	-0.005316442449502751
Cn189	NC_026750.1	1422463	282588299	198.66	0	856	199.92538464881494	0.9936707154469769	-0.009160247019003125
Cn189	NC_026751.1	1399503	276514135	197.58	0	1303	199.92538464881494	0.9882687000806086	-0.01702474582065484
Cn189	NC_026752.1	1398693	270150860	193.15	0	4909	199.92538464881494	0.9661104333463385	-0.04973998601786496
Cn189	NC_026753.1	1186808	232392366	195.81	0	1432	199.92538464881494	0.9794153971190604	-0.030007218451969245
Cn189	NC_026754.1	1059964	210140685	198.25	0	1515	199.92538464881494	0.9916199503541889	-0.012140797658455516
Cn189	NC_026755.1	1561994	306975786	196.53	0	1603	199.92538464881494	0.9830167406966394	-0.024712109130895513
Cn189	NC_026756.1	774062	151481194	195.7	0	1284	199.92538464881494	0.9788651918502637	-0.030817907622992444
Cn189	NC_026757.1	756744	151586693	200.31	0	1788	199.92538464881494	1.0019237944789285	0.0027727824769768613
Cn189	NC_026758.1	942867	184266862	195.43	0	600	199.92538464881494	0.9775146880086716	-0.03280971455630464
Cn190	NC_026745.1	2291499	482487336	210.56	0	1542	213.7814786498661	0.9849309740478394	-0.021905473758243
Cn190	NC_026746.1	1621675	403703361	248.94	0	9260	213.7814786498661	1.1644600906129803	0.21966119509932205
Cn190	NC_026747.1	1575141	337909004	214.53	0	2219	213.7814786498661	1.003501338632613	0.005042541202118794
Cn190	NC_026748.1	1084805	226548467	208.84	0	1420	213.7814786498661	0.9768853752856705	-0.0337388041455565
Cn190	NC_026749.1	1814975	383174327	211.12	0	1147	213.7814786498661	0.9875504713192432	-0.018073612167216035
Cn190	NC_026750.1	1422463	300981360	211.59	0	832	213.7814786498661	0.9897489779577429	-0.014865422398150715
Cn190	NC_026751.1	1399503	294890855	210.71	0	1545	213.7814786498661	0.9856326251026797	-0.02087808388818903
Cn190	NC_026752.1	1398693	288734552	206.43	0	9693	213.7814786498661	0.9656121816712362	-0.05048421837414348
Cn190	NC_026753.1	1186808	247206414	208.3	0	1312	213.7814786498661	0.9743594314882454	-0.03747402856547517
Cn190	NC_026754.1	1059964	224838982	212.12	0	1503	213.7814786498661	0.9922281450181787	-0.011256214352738455
Cn190	NC_026755.1	1561994	326512373	209.04	0	1534	213.7814786498661	0.9778209100254576	-0.03235783817346367
Cn190	NC_026756.1	774062	163141210	210.76	0	1958	213.7814786498661	0.9858665087876264	-0.020535783120007065
Cn190	NC_026757.1	756744	161998715	214.07	0	1981	213.7814786498661	1.0013496087311027	0.0019457611105526329
Cn190	NC_026758.1	942867	196460217	208.36	0	599	213.7814786498661	0.9746400919101815	-0.037058525742782046
Cn191	NC_026745.1	2291499	501284628	218.76	0	1183	220.47200682349705	0.9922348109033741	-0.011246522219674598
Cn191	NC_026746.1	1621675	430650589	265.56	0	11103	220.47200682349705	1.2045066574488024	0.2684423675422027
Cn191	NC_026747.1	1575141	340945367	216.45	0	1420	220.47200682349705	0.981757290272606	-0.026561688880248516
Cn191	NC_026748.1	1084805	234582632	216.24	0	1521	220.47200682349705	0.9808047883970819	-0.027962072445270176
Cn191	NC_026749.1	1814975	402750390	221.9	0	2855	220.47200682349705	1.0064769818040717	0.009314178104408847
Cn191	NC_026750.1	1422463	305595693	214.84	0	759	220.47200682349705	0.9744547758935861	-0.03733286282443103
Cn191	NC_026751.1	1399503	298885382	213.57	0	1766	220.47200682349705	0.9686944074082721	-0.045886482343704724
Cn191	NC_026752.1	1398693	299618113	214.21	0	3322	220.47200682349705	0.971597270267013	-0.04156965820483124
Cn191	NC_026753.1	1186808	251835145	212.2	0	3272	220.47200682349705	0.9624804666012798	-0.05517083317783793
Cn191	NC_026754.1	1059964	241068501	227.43	0	3689	220.47200682349705	1.0315595311928798	0.04482708140712253
Cn191	NC_026755.1	1561994	333898436	213.76	0	2516	220.47200682349705	0.9695561948194608	-0.044603576505912866
Cn191	NC_026756.1	774062	161517296	208.66	0	1873	220.47200682349705	0.9464240064138693	-0.0794414262234148
Cn191	NC_026757.1	756744	164666051	217.6	0	1971	220.47200682349705	0.9869733719719062	-0.018916932842263347
Cn191	NC_026758.1	942867	197681009	209.66	0	726	220.47200682349705	0.9509597296306519	-0.07254384643272589
Cn192	NC_026745.1	2291499	746979011	325.98	0	1180	187.6560305640835	1.7371144376235734	0.796692799041811
Cn192	NC_026746.1	1621675	328751825	202.72	0	8895	187.6560305640835	1.0802743689645096	0.11139777579014029
Cn192	NC_026747.1	1575141	260730379	165.53	0	1413	187.6560305640835	0.8820926218167682	-0.18099794475081224
Cn192	NC_026748.1	1084805	177743637	163.85	0	1264	187.6560305640835	0.8731400717977253	-0.19571498092054712
Cn192	NC_026749.1	1814975	301894997	166.34	0	1052	187.6560305640835	0.8864090298616639	-0.1739555166700632
Cn192	NC_026750.1	1422463	235009783	165.21	0	677	187.6560305640835	0.8803873741940934	-0.18378963947863478
Cn192	NC_026751.1	1399503	232341332	166.02	0	1354	187.6560305640835	0.8847037822389892	-0.17673360401955837
Cn192	NC_026752.1	1398693	226033925	161.6	0	8664	187.6560305640835	0.8611500494507929	-0.21566345571151224
Cn192	NC_026753.1	1186808	195237927	164.51	0	1423	187.6560305640835	0.8766571450194921	-0.18991537068011038
Cn192	NC_026754.1	1059964	175421983	165.5	0	1336	187.6560305640835	0.8819327548521425	-0.18125943676872683
Cn192	NC_026755.1	1561994	256870831	164.45	0	1529	187.6560305640835	0.8763374110902405	-0.19044164562790486
Cn192	NC_026756.1	774062	127521842	164.74	0	1662	187.6560305640835	0.8778827917482898	-0.18789975996862315
Cn192	NC_026757.1	756744	127593481	168.61	0	1866	187.6560305640835	0.8985056301850136	-0.15440055095787755
Cn192	NC_026758.1	942867	152915338	162.18	0	543	187.6560305640835	0.8642408107668911	-0.21049473609481828
Cn193	NC_026745.1	2291499	574402246	250.67	0	3160	215.06135658028586	1.165574345786389	0.22104102924287836
Cn193	NC_026746.1	1621675	450895388	278.04	0	16881	215.06135658028586	1.2928403522657184	0.3705441334507279
Cn193	NC_026747.1	1575141	321936488	204.39	0	1867	215.06135658028586	0.9503799438914908	-0.07342370398605026
Cn193	NC_026748.1	1084805	220202183	202.99	0	2891	215.06135658028586	0.9438701737390957	-0.0833396596470939
Cn193	NC_026749.1	1814975	367512134	202.49	0	989	215.06135658028586	0.9415452558275258	-0.08689765454726256
Cn193	NC_026750.1	1422463	286246705	201.23	0	1513	215.06135658028586	0.9356864626903699	-0.09590291390337605
Cn193	NC_026751.1	1399503	278820028	199.23	0	2160	215.06135658028586	0.9263867910440908	-0.11031341218957816
Cn193	NC_026752.1	1398693	280191714	200.32	0	1381	215.06135658028586	0.9314551120913129	-0.10244184920263207
Cn193	NC_026753.1	1186808	235225867	198.2	0	1311	215.06135658028586	0.9215974601462571	-0.11779135406139987
Cn193	NC_026754.1	1059964	221428341	208.9	0	2796	215.06135658028586	0.9713507034538503	-0.0419358241807796
Cn193	NC_026755.1	1561994	315996291	202.3	0	1480	215.06135658028586	0.9406617870211293	-0.08825199668960494
Cn193	NC_026756.1	774062	161310567	208.39	0	2931	215.06135658028586	0.968979287184049	-0.0454622678396102
Cn193	NC_026757.1	756744	158750070	209.78	0	1616	215.06135658028586	0.9754425589782131	-0.03587117573549297
Cn193	NC_026758.1	942867	189847572	201.35	0	918	215.06135658028586	0.9362444429891467	-0.09504284430213397
Cn194	NC_026745.1	2291499	485617420	211.92	0	1622	214.46141675647482	0.9881497716703016	-0.01719837041527406
Cn194	NC_026746.1	1621675	403891020	249.06	0	8937	214.46141675647482	1.161327775255782	0.21577521853986772
Cn194	NC_026747.1	1575141	336623538	213.71	0	1933	214.46141675647482	0.9964962613422998	-0.005063702520511935
Cn194	NC_026748.1	1084805	227932574	210.11	0	1442	214.46141675647482	0.97971002513046	-0.029573291793338577
Cn194	NC_026749.1	1814975	386211171	212.79	0	1082	214.46141675647482	0.9922064454214963	-0.011287765808931646
Cn194	NC_026750.1	1422463	301208992	211.75	0	884	214.46141675647482	0.9873570882936314	-0.018356149677972843
Cn194	NC_026751.1	1399503	295968429	211.48	0	1220	214.46141675647482	0.9860981205777434	-0.020196887403954335
Cn194	NC_026752.1	1398693	288547272	206.3	0	3452	214.46141675647482	0.9619445918062629	-0.05597429801104911
Cn194	NC_026753.1	1186808	249054233	209.85	0	1300	214.46141675647482	0.9784976858484937	-0.03135965601162439
Cn194	NC_026754.1	1059964	225560325	212.8	0	1500	214.46141675647482	0.9922530738554182	-0.011219968396344038
Cn194	NC_026755.1	1561994	327732772	209.82	0	1559	214.46141675647482	0.9783578005467284	-0.03156591736602377
Cn194	NC_026756.1	774062	163361076	211.04	0	1425	214.46141675647482	0.9840464694851853	-0.02320164953335146
Cn194	NC_026757.1	756744	162803813	215.14	0	2360	214.46141675647482	1.0031641273931138	0.00455766418023978
Cn194	NC_026758.1	942867	196919380	208.85	0	632	214.46141675647482	0.973834842456316	-0.03825097573474114
Cn195	NC_026745.1	2291499	484153707	211.28	0	1156	215.47401993087468	0.9805358440325189	-0.028357724987257405
Cn195	NC_026746.1	1621675	422745547	260.68	0	11427	215.47401993087468	1.2097978219537913	0.2747659684620474
Cn195	NC_026747.1	1575141	332512310	211.1	0	1460	215.47401993087468	0.9797004765016316	-0.02958735291983215
Cn195	NC_026748.1	1084805	228585492	210.72	0	1527	215.47401993087468	0.9779369228253142	-0.032186680897835995
Cn195	NC_026749.1	1814975	387759378	213.64	0	984	215.47401993087468	0.9914884405485959	-0.012332142262215818
Cn195	NC_026750.1	1422463	301962103	212.28	0	823	215.47401993087468	0.9851767747596701	-0.02154547774273582
Cn195	NC_026751.1	1399503	297127176	212.31	0	1314	215.47401993087468	0.9853160026814847	-0.02134160647257547
Cn195	NC_026752.1	1398693	288188885	206.04	0	4556	215.47401993087468	0.9562173670222462	-0.06458948643106009
Cn195	NC_026753.1	1186808	248345463	209.25	0	1356	215.47401993087468	0.9711147546564018	-0.0422863088292819
Cn195	NC_026754.1	1059964	225132234	212.4	0	1820	215.47401993087468	0.9857336864469284	-0.020730165462834297
Cn195	NC_026755.1	1561994	330306822	211.46	0	1885	215.47401993087468	0.9813712115634061	-0.027129144190296335
Cn195	NC_026756.1	774062	164404379	212.39	0	1427	215.47401993087468	0.9856872771396568	-0.02079809055717074
Cn195	NC_026757.1	756744	161687298	213.66	0	1699	215.47401993087468	0.9915812591631389	-0.012197090070131339
Cn195	NC_026758.1	942867	197650503	209.63	0	588	215.47401993087468	0.9728783083327193	-0.03966873689493367
Cn196	NC_026745.1	2291499	657649935	287	0	1429	211.484679395314	1.3570722986676984	0.4404975830639556
Cn196	NC_026746.1	1621675	415556651	256.25	0	4050	211.484679395314	1.2116716952390163	0.27699885078107606
Cn196	NC_026747.1	1575141	299511205	190.15	0	2367	211.484679395314	0.8991195038037033	-0.15341521486850335
Cn196	NC_026748.1	1084805	201675188	185.91	0	1533	211.484679395314	0.8790707701927241	-0.18594877969369078
Cn196	NC_026749.1	1814975	336845904	185.59	0	1082	211.484679395314	0.8775576582220841	-0.18843417687949618
Cn196	NC_026750.1	1422463	265655987	186.76	0	809	211.484679395314	0.8830899738647363	-0.17936766014426797
Cn196	NC_026751.1	1399503	262562304	187.61	0	1204	211.484679395314	0.8871091775367488	-0.17281642531256153
Cn196	NC_026752.1	1398693	257544742	184.13	0	2002	211.484679395314	0.8706540848560393	-0.19982845205306654
Cn196	NC_026753.1	1186808	234507565	197.6	0	1535	211.484679395314	0.9343466418701645	-0.09797020691441688
Cn196	NC_026754.1	1059964	199930761	188.62	0	1903	211.484679395314	0.8918849371940811	-0.16507049600519288
Cn196	NC_026755.1	1561994	289481449	185.33	0	1813	211.484679395314	0.8763282547459392	-0.19045671959526073
Cn196	NC_026756.1	774062	250463676	323.57	0	1437	211.484679395314	1.5299926260623942	0.6135246997356709
Cn196	NC_026757.1	756744	144157243	190.5	0	2580	211.484679395314	0.9007744700215907	-0.1507621561184102
Cn196	NC_026758.1	942867	179655285	190.54	0	626	211.484679395314	0.9009636090179207	-0.15045925982485814
Cn197	NC_026745.1	2291499	508475681	221.9	0	1280	185.17561553682714	1.1983219246049663	0.2610155347048727
Cn197	NC_026746.1	1621675	359330602	221.58	0	4001	185.17561553682714	1.1965938353040488	0.25893353554726867
Cn197	NC_026747.1	1575141	269143539	170.87	0	2132	185.17561553682714	0.9227456838992817	-0.11599501054074296
Cn197	NC_026748.1	1084805	180564503	166.45	0	1322	185.17561553682714	0.8988764504303589	-0.15380526235187558
Cn197	NC_026749.1	1814975	302006314	166.4	0	899	185.17561553682714	0.8986064364770906	-0.15423869935104648
Cn197	NC_026750.1	1422463	237452276	166.93	0	746	185.17561553682714	0.9014685843817352	-0.1496508793766227
Cn197	NC_026751.1	1399503	234137648	167.3	0	1121	185.17561553682714	0.9034666876359211	-0.14645668745378587
Cn197	NC_026752.1	1398693	227392859	162.58	0	1815	185.17561553682714	0.8779773704473882	-0.18774433959605266
Cn197	NC_026753.1	1186808	201934637	170.15	0	1152	185.17561553682714	0.9188574829722174	-0.12208698152713014
Cn197	NC_026754.1	1059964	179646729	169.48	0	1592	185.17561553682714	0.9152392959984212	-0.12777909901561094
Cn197	NC_026755.1	1561994	258942762	165.78	0	1666	185.17561553682714	0.8952582634565629	-0.15962416484585318
Cn197	NC_026756.1	774062	210736069	272.25	0	1165	185.17561553682714	1.4702259755462013	0.5560379161121305
Cn197	NC_026757.1	756744	129691957	171.38	0	2339	185.17561553682714	0.9254998262226188	-0.11169537568053466
Cn197	NC_026758.1	942867	198732716	210.77	0	570	185.17561553682714	1.1382168186074302	0.1867754024027806
Cn198	NC_026745.1	2291499	505123442	220.43	0	1314	186.73729748036558	1.180428350277357	0.23931047541948647
Cn198	NC_026746.1	1621675	356068653	219.57	0	4676	186.73729748036558	1.1758229500086161	0.23367084216895043
Cn198	NC_026747.1	1575141	274356470	174.18	0	2037	186.73729748036558	0.9327542079177519	-0.10043113142570949
Cn198	NC_026748.1	1084805	184527166	170.1	0	1317	186.73729748036558	0.910905332224191	-0.13462696822278003
Cn198	NC_026749.1	1814975	308703729	170.09	0	963	186.73729748036558	0.9108517810582755	-0.13471178523922983
Cn198	NC_026750.1	1422463	243678631	171.31	0	660	186.73729748036558	0.9173850232999775	-0.12440073988434111
Cn198	NC_026751.1	1399503	238882991	170.69	0	1044	186.73729748036558	0.9140648510132108	-0.1296315697395484
Cn198	NC_026752.1	1398693	233150706	166.69	0	3738	186.73729748036558	0.8926443846469747	-0.16384255188923935
Cn198	NC_026753.1	1186808	205089443	172.81	0	1284	186.73729748036558	0.925417698187316	-0.11182340484203376
Cn198	NC_026754.1	1059964	182899485	172.55	0	1492	186.73729748036558	0.9240253678735108	-0.11399563545064921
Cn198	NC_026755.1	1561994	264082545	169.07	0	1639	186.73729748036558	0.9053895621348852	-0.14338942044545885
Cn198	NC_026756.1	774062	195348281	252.37	0	1298	186.73729748036558	1.3514707742117524	0.4345303136812142
Cn198	NC_026757.1	756744	133172495	175.98	0	2385	186.73729748036558	0.942393417782558	-0.08559863229541562
Cn198	NC_026758.1	942867	202606290	214.88	0	620	186.73729748036558	1.1507074531942043	0.2025211006539149
Cn199	NC_026745.1	2291499	870701389	379.97	0	1423	219.7636821030837	1.7289936005976136	0.7899325292444093
Cn199	NC_026746.1	1621675	390218463	240.63	0	11011	219.7636821030837	1.0949488909961411	0.1308635306234851
Cn199	NC_026747.1	1575141	304829120	193.52	0	1735	219.7636821030837	0.8805822606722904	-0.18347031340825612
Cn199	NC_026748.1	1084805	208216562	191.94	0	1565	219.7636821030837	0.8733927196849907	-0.1952975895513513
Cn199	NC_026749.1	1814975	352460629	194.2	0	1360	219.7636821030837	0.8836764935022673	-0.17840978708162672
Cn199	NC_026750.1	1422463	275523246	193.69	0	877	219.7636821030837	0.8813558188797845	-0.18220351672062257
Cn199	NC_026751.1	1399503	271633504	194.09	0	1380	219.7636821030837	0.8831759558385947	-0.17922719911254767
Cn199	NC_026752.1	1398693	264000117	188.75	0	8262	219.7636821030837	0.8588771274384808	-0.21947634340101524
Cn199	NC_026753.1	1186808	228833467	192.81	0	1716	219.7636821030837	0.8773515175704025	-0.1887731096304064
Cn199	NC_026754.1	1059964	204942551	193.35	0	1468	219.7636821030837	0.879808702464796	-0.18473822341801174
Cn199	NC_026755.1	1561994	301069859	192.75	0	1790	219.7636821030837	0.877078497026581	-0.1892221276984222
Cn199	NC_026756.1	774062	149455630	193.08	0	1610	219.7636821030837	0.8785801100175994	-0.18675425594357858
Cn199	NC_026757.1	756744	149206997	197.17	0	2176	219.7636821030837	0.8971910104214318	-0.1565129297522917
Cn199	NC_026758.1	942867	180506599	191.44	0	582	219.7636821030837	0.8711175484864782	-0.19906068584968237
Cn200	NC_026745.1	2291499	410258251	179.03	0	1061	182.42206895033044	0.9814053805559346	-0.02707891388260268
Cn200	NC_026746.1	1621675	363988953	224.45	0	10127	182.42206895033044	1.2303884134825422	0.2991138226760448
Cn200	NC_026747.1	1575141	288672295	183.27	0	2604	182.42206895033044	1.0046481823967277	0.006690372674539153
Cn200	NC_026748.1	1084805	193587756	178.45	0	1103	182.42206895033044	0.9782259406814865	-0.03176037219047749
Cn200	NC_026749.1	1814975	313317986	172.63	0	805	182.42206895033044	0.946321906079266	-0.07959707273209385
Cn200	NC_026750.1	1422463	255953717	179.94	0	604	182.42206895033044	0.986393812083086	-0.019764345536966026
Cn200	NC_026751.1	1399503	251389734	179.63	0	1091	182.42206895033044	0.9846944562881224	-0.022251958927870217
Cn200	NC_026752.1	1398693	245869605	175.79	0	5976	182.42206895033044	0.9636443716021211	-0.05342726999454474
Cn200	NC_026753.1	1186808	210189441	177.1	0	1040	182.42206895033044	0.9708255202840642	-0.042716061487585943
Cn200	NC_026754.1	1059964	190676160	179.89	0	1286	182.42206895033044	0.9861197224387369	-0.020165283493827523
Cn200	NC_026755.1	1561994	278480972	178.29	0	1444	182.42206895033044	0.9773488538195698	-0.03305448679506368
Cn200	NC_026756.1	774062	139077784	179.67	0	1076	182.42206895033044	0.9849137280036014	-0.021930735427319475
Cn200	NC_026757.1	756744	137749533	182.03	0	1261	182.42206895033044	0.997850759216873	-0.003104035875883872
Cn200	NC_026758.1	942867	166958325	177.08	0	571	182.42206895033044	0.9707158844263247	-0.04287899502899664
Cn201	NC_026745.1	2291499	477837872	208.53	0	1479	220.82017811156766	0.944343047738336	-0.08261705800425845
Cn201	NC_026746.1	1621675	411098631	253.5	0	10346	220.82017811156766	1.147992915176081	0.1991137384666726
Cn201	NC_026747.1	1575141	327698522	208.04	0	1501	220.82017811156766	0.9421240476261613	-0.0860110657151923
Cn201	NC_026748.1	1084805	226096689	208.42	0	1505	220.82017811156766	0.943844904856011	-0.08337828337027177
Cn201	NC_026749.1	1814975	381630053	210.27	0	1380	220.82017811156766	0.9522227624223849	-0.07062897865706085
Cn201	NC_026750.1	1422463	298501798	209.85	0	853	220.82017811156766	0.9503207623262351	-0.07351354553812083
Cn201	NC_026751.1	1399503	293709009	209.87	0	1386	220.82017811156766	0.9504113337593851	-0.07337605434952062
Cn201	NC_026752.1	1398693	286312426	204.7	0	8403	220.82017811156766	0.9269986182901135	-0.10936090640061966
Cn201	NC_026753.1	1186808	247721331	208.73	0	1441	220.82017811156766	0.9452487620698359	-0.08123404007646945
Cn201	NC_026754.1	1059964	221215411	208.7	0	1389	220.82017811156766	0.9451129049201109	-0.0814414082641952
Cn201	NC_026755.1	1561994	326517744	209.04	0	2024	220.82017811156766	0.9466526192836606	-0.0790929789913719
Cn201	NC_026756.1	774062	317495349	410.17	0	1453	220.82017811156766	1.8574842367565016	0.8933499676146283
Cn201	NC_026757.1	756744	159966829	211.39	0	1762	220.82017811156766	0.9572947626787841	-0.06296487845404186
Cn201	NC_026758.1	942867	195754939	207.62	0	621	220.82017811156766	0.9402220475300117	-0.08892658379915785
Cn202	NC_026745.1	2291499	480125558	209.52	0	1418	219.56174435357258	0.9542645993128849	-0.06753874145786566
Cn202	NC_026746.1	1621675	396390642	244.43	0	8720	219.56174435357258	1.1132631539234845	0.15479465825561148
Cn202	NC_026747.1	1575141	326518805	207.29	0	1556	219.56174435357258	0.9441080030143562	-0.0829761860412692
Cn202	NC_026748.1	1084805	224966349	207.38	0	1442	219.56174435357258	0.9445179104882878	-0.08234994080665463
Cn202	NC_026749.1	1814975	378834145	208.73	0	1427	219.56174435357258	0.9506665225972626	-0.07298873757353876
Cn202	NC_026750.1	1422463	297164993	208.91	0	859	219.56174435357258	0.9514863375451259	-0.07174515399227595
Cn202	NC_026751.1	1399503	292023293	208.66	0	1360	219.56174435357258	0.9503477056730936	-0.07347264305191163
Cn202	NC_026752.1	1398693	285711468	204.27	0	6221	219.56174435357258	0.9303533300002053	-0.10414936723574372
Cn202	NC_026753.1	1186808	247009597	208.13	0	1363	219.56174435357258	0.9479338061043849	-0.07714177515111277
Cn202	NC_026754.1	1059964	221161097	208.65	0	1487	219.56174435357258	0.9503021603982122	-0.07354178565770425
Cn202	NC_026755.1	1561994	325305621	208.26	0	2068	219.56174435357258	0.9485258946778418	-0.0762409352586596
Cn202	NC_026756.1	774062	317607978	410.31	0	1302	219.56174435357258	1.8687681736543995	0.9020876094986154
Cn202	NC_026757.1	756744	159534793	210.82	0	1682	219.56174435357258	0.9601854850474532	-0.05861496768937131
Cn202	NC_026758.1	942867	195428949	207.27	0	633	219.56174435357258	0.9440169124645936	-0.08311538857330387
Cn203	NC_026745.1	2291499	509219571	222.22	0	1303	226.24728258294752	0.9821996421925155	-0.02591179791632409
Cn203	NC_026746.1	1621675	432292647	266.57	0	10190	226.24728258294752	1.1782240960276251	0.23661396317520522
Cn203	NC_026747.1	1575141	350783734	222.7	0	1547	226.24728258294752	0.9843212146353757	-0.022798906213127464
Cn203	NC_026748.1	1084805	240600269	221.79	0	1435	226.24728258294752	0.9802990668791198	-0.028706145167624528
Cn203	NC_026749.1	1814975	405456436	223.4	0	1001	226.24728258294752	0.9874151744478803	-0.018271278517602223
Cn203	NC_026750.1	1422463	319207932	224.41	0	794	226.24728258294752	0.9918793164630655	-0.01176349860173946
Cn203	NC_026751.1	1399503	312815964	223.52	0	1417	226.24728258294752	0.9879455675585954	-0.017496538478816236
Cn203	NC_026752.1	1398693	305908393	218.71	0	6948	226.24728258294752	0.9666856437040999	-0.04888127860950089
Cn203	NC_026753.1	1186808	262928877	221.54	0	1496	226.24728258294752	0.9791940812317967	-0.030333257244197553
Cn203	NC_026754.1	1059964	237796807	224.34	0	1695	226.24728258294752	0.991569920481815	-0.012213587308954308
Cn203	NC_026755.1	1561994	345541826	221.22	0	1912	226.24728258294752	0.9777796996032233	-0.03241864207330536
Cn203	NC_026756.1	774062	172440289	222.77	0	1369	226.24728258294752	0.9846306106166263	-0.022345503498271357
Cn203	NC_026757.1	756744	170776555	225.67	0	1675	226.24728258294752	0.9974484441255735	-0.0036858212983267606
Cn203	NC_026758.1	942867	208311781	220.93	0	682	226.24728258294752	0.9764979162523286	-0.034311129337138105
Cn204	NC_026745.1	2291499	416439251	181.73	0	992	184.31017850487262	0.986000889772865	-0.020339146387298522
Cn204	NC_026746.1	1621675	354356919	218.51	0	8835	184.31017850487262	1.1855557938935164	0.24556355963931256
Cn204	NC_026747.1	1575141	285889111	181.5	0	1227	184.31017850487262	0.98475299341757	-0.02216619758765313
Cn204	NC_026748.1	1084805	195077365	179.83	0	1051	184.31017850487262	0.9756921807508631	-0.035502028399707355
Cn204	NC_026749.1	1814975	330593858	182.15	0	776	184.31017850487262	0.9882796570303604	-0.01700875072798394
Cn204	NC_026750.1	1422463	259493473	182.43	0	649	184.31017850487262	0.9897988352020238	-0.014792750448917076
Cn204	NC_026751.1	1399503	255096471	182.28	0	1126	184.31017850487262	0.9889849897529184	-0.01597947013488879
Cn204	NC_026752.1	1398693	249462556	178.35	0	7442	184.31017850487262	0.9676622389863561	-0.04742453000395413
Cn204	NC_026753.1	1186808	213390595	179.8	0	1174	184.31017850487262	0.9755294116610419	-0.03574272495631877
Cn204	NC_026754.1	1059964	193902434	182.93	0	1474	184.31017850487262	0.9925116533657086	-0.010844053433562099
Cn204	NC_026755.1	1561994	280911730	179.84	0	1555	184.31017850487262	0.9757464371141367	-0.035421805137202375
Cn204	NC_026756.1	774062	140381759	181.36	0	1376	184.31017850487262	0.9839934043317384	-0.023279449617342473
Cn204	NC_026757.1	756744	137962010	182.31	0	1407	184.31017850487262	0.9891477588427394	-0.015742048091912632
Cn204	NC_026758.1	942867	168881622	179.11	0	582	184.31017850487262	0.9717857225951569	-0.04128985824660584
Cn205	NC_026745.1	2291499	504223459	220.04	0	1169	225.60444933255405	0.9753353741514568	-0.03602971250746414
Cn205	NC_026746.1	1621675	467462865	288.26	0	15447	225.60444933255405	1.277723027417283	0.35357513653706646
Cn205	NC_026747.1	1575141	346904496	220.24	0	1805	225.60444933255405	0.9762218814902602	-0.034719005557230675
Cn205	NC_026748.1	1084805	237646689	219.07	0	1393	225.60444933255405	0.9710358135582605	-0.04240358905743458
Cn205	NC_026749.1	1814975	401356858	221.14	0	1579	225.60444933255405	0.9802111645148753	-0.028835515882484567
Cn205	NC_026750.1	1422463	313591166	220.46	0	923	225.60444933255405	0.9771970395629439	-0.03327860194769575
Cn205	NC_026751.1	1399503	308960629	220.76	0	1380	225.60444933255405	0.9785268005711489	-0.031316729961096045
Cn205	NC_026752.1	1398693	301185031	215.33	0	5810	225.60444933255405	0.9544581263226378	-0.06724618931872517
Cn205	NC_026753.1	1186808	261113665	220.01	0	1563	225.60444933255405	0.9752023980506364	-0.03622642129643672
Cn205	NC_026754.1	1059964	230534833	217.49	0	1477	225.60444933255405	0.9640324055817141	-0.05284645197334692
Cn205	NC_026755.1	1561994	343216376	219.73	0	1839	225.60444933255405	0.9739612877763116	-0.03806366451307262
Cn205	NC_026756.1	774062	171571678	221.65	0	1210	225.60444933255405	0.9824717582288239	-0.025512158100164863
Cn205	NC_026757.1	756744	167984929	221.98	0	1653	225.60444933255405	0.9839344953378494	-0.023365822409137482
Cn205	NC_026758.1	942867	206184520	218.68	0	618	225.60444933255405	0.969307124247594	-0.04497423995320843
Cn206	NC_026745.1	2291499	474688525	207.15	0	1098	211.42030119537714	0.979801839410725	-0.029438094850349945
Cn206	NC_026746.1	1621675	421537688	259.94	0	12436	211.42030119537714	1.2294940387951911	0.2980647400405716
Cn206	NC_026747.1	1575141	330344497	209.72	0	1715	211.42030119537714	0.991957720305176	-0.011649464200564357
Cn206	NC_026748.1	1084805	223264447	205.81	0	1335	211.42030119537714	0.9734637536525286	-0.038800832838838124
Cn206	NC_026749.1	1814975	377984784	208.26	0	1044	211.42030119537714	0.985052044777589	-0.021728144167117207
Cn206	NC_026750.1	1422463	295466194	207.71	0	776	211.42030119537714	0.9824505916678816	-0.025543240135042153
Cn206	NC_026751.1	1399503	290138461	207.32	0	1172	211.42030119537714	0.9806059249173618	-0.028254616332220147
Cn206	NC_026752.1	1398693	284199766	203.19	0	9485	211.42030119537714	0.9610713770208312	-0.057284513576162904
Cn206	NC_026753.1	1186808	242589746	204.41	0	1137	211.42030119537714	0.9668418730096369	-0.0486481386692809
Cn206	NC_026754.1	1059964	221644730	209.11	0	1303	211.42030119537714	0.9890724723107733	-0.01585185943107006
Cn206	NC_026755.1	1561994	320554905	205.22	0	1503	211.42030119537714	0.9706731039530242	-0.042942577522826555
Cn206	NC_026756.1	774062	160204311	206.97	0	1540	211.42030119537714	0.9789504547566388	-0.03069224883332028
Cn206	NC_026757.1	756744	158417953	209.34	0	1678	211.42030119537714	0.9901603527021056	-0.014265911801388599
Cn206	NC_026758.1	942867	192945707	204.64	0	657	211.42030119537714	0.967929753400969	-0.047025745835282594
Cn207	NC_026745.1	2291499	444381877	193.93	0	1727	197.02819202577624	0.9842753872229061	-0.022866075871610277
Cn207	NC_026746.1	1621675	389852262	240.4	0	10822	197.02819202577624	1.2201299597194175	0.2870348217694587
Cn207	NC_026747.1	1575141	303524833	192.7	0	1291	197.02819202577624	0.978032625781746	-0.03204550264600577
Cn207	NC_026748.1	1084805	208133625	191.86	0	1210	197.02819202577624	0.9737692765048562	-0.03834811218268457
Cn207	NC_026749.1	1814975	355165017	195.69	0	1590	197.02819202577624	0.9932081190411514	-0.00983203992463214
Cn207	NC_026750.1	1422463	276307329	194.25	0	679	197.02819202577624	0.9858995202807689	-0.020487475646654384
Cn207	NC_026751.1	1399503	270233727	193.09	0	956	197.02819202577624	0.9800120379460163	-0.02912862425303098
Cn207	NC_026752.1	1398693	264717091	189.26	0	5320	197.02819202577624	0.960573195409721	-0.05803254384796642
Cn207	NC_026753.1	1186808	228276997	192.35	0	1115	197.02819202577624	0.9762562302497085	-0.03466824464511197
Cn207	NC_026754.1	1059964	204385051	192.82	0	1373	197.02819202577624	0.9786416756784445	-0.031147373311611472
Cn207	NC_026755.1	1561994	299727961	191.89	0	1632	197.02819202577624	0.9739215389790308	-0.03812254422794939
Cn207	NC_026756.1	774062	149033879	192.53	0	1226	197.02819202577624	0.9771698050947564	-0.03331881039914933
Cn207	NC_026757.1	756744	146977560	194.22	0	1415	197.02819202577624	0.9857472578065942	-0.020710302898759903
Cn207	NC_026758.1	942867	181380393	192.37	0	754	197.02819202577624	0.976357738565825	-0.03451824516058412
Cn208	NC_026745.1	2291499	460863633	201.12	0	1207	202.95409638766594	0.9909629989228569	-0.01309690454631324
Cn208	NC_026746.1	1621675	360606688	222.37	0	5179	202.95409638766594	1.0956664780751575	0.13180870737331413
Cn208	NC_026747.1	1575141	315450971	200.27	0	1446	202.95409638766594	0.9867748597567649	-0.019207134586033847
Cn208	NC_026748.1	1084805	218295976	201.23	0	1616	202.95409638766594	0.9915049934031747	-0.012308056734946718
Cn208	NC_026749.1	1814975	367612755	202.54	0	1232	202.95409638766594	0.9979596549415047	-0.0029466027640596784
Cn208	NC_026750.1	1422463	287562702	202.16	0	780	202.95409638766594	0.9960873103731341	-0.005655890022045996
Cn208	NC_026751.1	1399503	282766150	202.05	0	1417	202.95409638766594	0.9955453158928165	-0.0064411078959992546
Cn208	NC_026752.1	1398693	274891294	196.53	0	3351	202.95409638766594	0.96834704742596	-0.04640390496055781
Cn208	NC_026753.1	1186808	237832345	200.4	0	1414	202.95409638766594	0.9874153986880496	-0.018270950884250126
Cn208	NC_026754.1	1059964	215072089	202.91	0	2070	202.95409638766594	0.9997827272843919	-3.134923272263386e-4
Cn208	NC_026755.1	1561994	312746353	200.22	0	2122	202.95409638766594	0.9865284986293477	-0.019567367063345435
Cn208	NC_026756.1	774062	156732597	202.48	0	1787	202.95409638766594	0.9976640215886041	-0.003374046856136896
Cn208	NC_026757.1	756744	155300778	205.22	0	1791	202.95409638766594	1.0111646113710655	0.016017878227271916
Cn208	NC_026758.1	942867	188310674	199.72	0	601	202.95409638766594	0.9840648873551759	-0.023174647636728368
Cn209	NC_026745.1	2291499	421484066	183.93	0	1282	188.38807977876252	0.9763356589015719	-0.03455087109373373
Cn209	NC_026746.1	1621675	357915003	220.71	0	8050	188.38807977876252	1.171570941533007	0.22844431561728146
Cn209	NC_026747.1	1575141	292287017	185.56	0	1420	188.38807977876252	0.9849880110138405	-0.021821930273821392
Cn209	NC_026748.1	1084805	201057141	185.34	0	1233	188.38807977876252	0.9838202088882583	-0.02353340477486343
Cn209	NC_026749.1	1814975	335358341	184.77	0	837	188.38807977876252	0.9807945397447042	-0.02797714757274298
Cn209	NC_026750.1	1422463	265599725	186.72	0	704	188.38807977876252	0.991145513130547	-0.012831215416309239
Cn209	NC_026751.1	1399503	260893854	186.42	0	1109	188.38807977876252	0.9895530556865711	-0.015151034280660499
Cn209	NC_026752.1	1398693	254662028	182.07	0	6826	188.38807977876252	0.9664624227489218	-0.049214455123062176
Cn209	NC_026753.1	1186808	218714079	184.29	0	1030	188.38807977876252	0.9782466078343428	-0.03172989243858031
Cn209	NC_026754.1	1059964	199693793	188.4	0	1722	188.38807977876252	1.0000632748168117	9.128337648835481e-5
Cn209	NC_026755.1	1561994	288554913	184.73	0	1750	188.38807977876252	0.9805822120855073	-0.028289503739784994
Cn209	NC_026756.1	774062	145074507	187.42	0	1314	188.38807977876252	0.9948612471664905	-0.007432767204475205
Cn209	NC_026757.1	756744	142881357	188.81	0	1636	188.38807977876252	1.0022396333235786	0.003227495034194228
Cn209	NC_026758.1	942867	174699750	185.29	0	545	188.38807977876252	0.9835547993142623	-0.023922659570654734
Cn210	NC_026745.1	2291499	425824575	185.83	0	2203	193.674442582848	0.9594967592097632	-0.05965016129620043
Cn210	NC_026746.1	1621675	332190944	204.84	0	5214	193.674442582848	1.0576511658856367	0.08086387676150313
Cn210	NC_026747.1	1575141	295291844	187.47	0	2090	193.674442582848	0.967964577565809	-0.04697384150443193
Cn210	NC_026748.1	1084805	198490733	182.97	0	1017	193.674442582848	0.9447297101254392	-0.08202646570034625
Cn210	NC_026749.1	1814975	342938457	188.95	0	2098	193.674442582848	0.9756062673017528	-0.035629068840067266
Cn210	NC_026750.1	1422463	261782360	184.03	0	609	193.674442582848	0.9502028122336151	-0.07369261831174119
Cn210	NC_026751.1	1399503	257602928	184.07	0	1039	193.674442582848	0.9504093443886407	-0.07337907415600792
Cn210	NC_026752.1	1398693	251428872	179.76	0	5652	193.674442582848	0.9281555046846419	-0.1075615578074839
Cn210	NC_026753.1	1186808	217270727	183.07	0	1002	193.674442582848	0.9452460405130029	-0.08123819388481753
Cn210	NC_026754.1	1059964	196552715	185.43	0	1400	193.674442582848	0.957431437659508	-0.0627589165601648
Cn210	NC_026755.1	1561994	287224300	183.88	0	1575	193.674442582848	0.9494283166522695	-0.07486901617058728
Cn210	NC_026756.1	774062	148127032	191.36	0	1117	193.674442582848	0.9880498296420399	-0.017344292789285974
Cn210	NC_026757.1	756744	272553346	360.17	0	1729	193.674442582848	1.8596671568884486	0.8950444309697837
Cn210	NC_026758.1	942867	171462441	181.85	0	627	193.674442582848	0.9389468097847249	-0.09088466164441182
Cn211	NC_026745.1	2291499	466058522	203.39	0	1117	208.20423405763734	0.9768773479587134	-0.033750659203138425
Cn211	NC_026746.1	1621675	412114782	254.13	0	11518	208.20423405763734	1.2205803649970395	0.287567287634999
Cn211	NC_026747.1	1575141	329796515	209.38	0	2829	208.20423405763734	1.0056471759456975	0.008124234770111616
Cn211	NC_026748.1	1084805	219923530	202.73	0	1187	208.20423405763734	0.9737073836062243	-0.03843981297662113
Cn211	NC_026749.1	1814975	372667171	205.33	0	1059	208.20423405763734	0.9861951219645146	-0.020054978060304495
Cn211	NC_026750.1	1422463	290932572	204.53	0	655	208.20423405763734	0.9823527409311945	-0.02568693774623848
Cn211	NC_026751.1	1399503	285788190	204.21	0	1144	208.20423405763734	0.9808157885178665	-0.027945892129981692
Cn211	NC_026752.1	1398693	279084967	199.53	0	5910	208.20423405763734	0.958337859472944	-0.06139373093501205
Cn211	NC_026753.1	1186808	239360055	201.68	0	1119	208.20423405763734	0.9686642584999918	-0.04593138438609162
Cn211	NC_026754.1	1059964	217249639	204.96	0	1329	208.20423405763734	0.9844180207366041	-0.022657026902984895
Cn211	NC_026755.1	1561994	315538888	202.01	0	1722	208.20423405763734	0.9702492406762362	-0.043572695939310534
Cn211	NC_026756.1	774062	157791708	203.85	0	1243	208.20423405763734	0.9790867170528724	-0.030491450868721782
Cn211	NC_026757.1	756744	156223535	206.44	0	1440	208.20423405763734	0.9915264256482462	-0.012276871960581566
Cn211	NC_026758.1	942867	190696295	202.25	0	596	208.20423405763734	0.9714019549862323	-0.04185970503992931
Cn212	NC_026745.1	2291499	493603592	215.41	0	1157	219.98236622747964	0.9792148511451529	-0.03030265622874626
Cn212	NC_026746.1	1621675	423988473	261.45	0	10511	219.98236622747964	1.1885043537064213	0.24914718814291317
Cn212	NC_026747.1	1575141	345388347	219.27	0	1975	219.98236622747964	0.9967617121331308	-0.004679442633540907
Cn212	NC_026748.1	1084805	234551146	216.22	0	1416	219.98236622747964	0.9828969644612829	-0.02488790584112292
Cn212	NC_026749.1	1814975	392326976	216.16	0	1117	219.98236622747964	0.9826242153267548	-0.02528830226560577
Cn212	NC_026750.1	1422463	309118541	217.31	0	686	219.98236622747964	0.9878519070718778	-0.01763331719379187
Cn212	NC_026751.1	1399503	302926586	216.45	0	1273	219.98236622747964	0.9839425028103075	-0.02335408149157374
Cn212	NC_026752.1	1398693	296338817	211.87	0	8638	219.98236622747964	0.963122652207992	-0.054208560095257145
Cn212	NC_026753.1	1186808	254823494	214.71	0	1143	219.98236622747964	0.9760327779089912	-0.0349984965533985
Cn212	NC_026754.1	1059964	230252192	217.23	0	1634	219.98236622747964	0.9874882415591735	-0.018164525389010262
Cn212	NC_026755.1	1561994	334283741	214.01	0	1569	219.98236622747964	0.9728507046728294	-0.039709671334385375
Cn212	NC_026756.1	774062	168488166	217.67	0	1525	219.98236622747964	0.9894884018790466	-0.015245297821393125
Cn212	NC_026757.1	756744	167062377	220.76	0	2434	219.98236622747964	1.0035349823072464	0.005090908600405429
Cn212	NC_026758.1	942867	202576889	214.85	0	622	219.98236622747964	0.9766691925562235	-0.034058104929989355
Cn213	NC_026745.1	2291499	408751323	178.38	0	1440	178.5895296289652	0.9988267530050584	-0.001693631339668894
Cn213	NC_026746.1	1621675	343634316	211.9	0	8561	178.5895296289652	1.1865197273336243	0.24673608729106283
Cn213	NC_026747.1	1575141	280772358	178.25	0	1308	178.5895296289652	0.9980988267919704	-0.0027454237498565457
Cn213	NC_026748.1	1084805	188279598	173.56	0	1009	178.5895296289652	0.9718374887967146	-0.04121300915172692
Cn213	NC_026749.1	1814975	319953097	176.29	0	633	178.5895296289652	0.9871239392715649	-0.01869685990490428
Cn213	NC_026750.1	1422463	250696869	176.24	0	553	178.5895296289652	0.9868439676511465	-0.01910610026758625
Cn213	NC_026751.1	1399503	246610887	176.21	0	1146	178.5895296289652	0.9866759846788954	-0.019351700218394507
Cn213	NC_026752.1	1398693	241583603	172.72	0	8695	178.5895296289652	0.9671339655736837	-0.04821235194596409
Cn213	NC_026753.1	1186808	204185278	172.05	0	1091	178.5895296289652	0.9633823458600758	-0.05381960834412579
Cn213	NC_026754.1	1059964	186814872	176.25	0	1166	178.5895296289652	0.9868999619752301	-0.019024242907588817
Cn213	NC_026755.1	1561994	272597425	174.52	0	1347	178.5895296289652	0.9772129439087499	-0.033255121591969514
Cn213	NC_026756.1	774062	134897642	174.27	0	1381	178.5895296289652	0.9758130858066574	-0.03532326472673635
Cn213	NC_026757.1	756744	131550203	173.84	0	1461	178.5895296289652	0.9734053298710582	-0.038887420787186475
Cn213	NC_026758.1	942867	163441801	173.35	0	552	178.5895296289652	0.9706616079909568	-0.0429596638782737
Cn214	NC_026745.1	2291499	487455149	212.72	0	1251	218.68610283109172	0.97271841807113	-0.03990585991726411
Cn214	NC_026746.1	1621675	439329334	270.91	0	13192	218.68610283109172	1.238807571641829	0.30895210596242334
Cn214	NC_026747.1	1575141	348847515	221.47	0	4097	218.68610283109172	1.0127301055387983	0.018249744444316925
Cn214	NC_026748.1	1084805	230798639	212.76	0	1487	218.68610283109172	0.9729013286424107	-0.03963460015508701
Cn214	NC_026749.1	1814975	388283184	213.93	0	984	218.68610283109172	0.9782514628523733	-0.03172273239018468
Cn214	NC_026750.1	1422463	304702086	214.21	0	777	218.68610283109172	0.9795318368513387	-0.02983571099979796
Cn214	NC_026751.1	1399503	299648378	214.11	0	1193	218.68610283109172	0.9790745604231368	-0.03050936390748472
Cn214	NC_026752.1	1398693	292523401	209.14	0	5071	218.68610283109172	0.9563479219415011	-0.06439252485704007
Cn214	NC_026753.1	1186808	251348615	211.79	0	1254	218.68610283109172	0.968465747288852	-0.046227070416475655
Cn214	NC_026754.1	1059964	228052045	215.15	0	1564	218.68610283109172	0.9838302352764368	-0.023518701939259524
Cn214	NC_026755.1	1561994	330317310	211.47	0	1598	218.68610283109172	0.967002462718606	-0.04840853098938675
Cn214	NC_026756.1	774062	165672480	214.03	0	1302	218.68610283109172	0.9787087392805752	-0.0310485128055758
Cn214	NC_026757.1	756744	164755712	217.72	0	1984	218.68610283109172	0.99558223948122615	-0.0063876010498378445
Cn214	NC_026758.1	942867	199507527	211.6	0	640	218.68610283109172	0.9675969220752685	-0.04752191477354367
Cn215	NC_026745.1	2291499	540712283	235.96	0	1497	229.80336308035177	1.0267908912955968	0.03814240287544413
Cn215	NC_026746.1	1621675	428034052	263.95	0	7109	229.80336308035177	1.148590675357996	0.1998647546048343
Cn215	NC_026747.1	1575141	354649760	225.15	0	3194	229.80336308035177	0.9797506745855382	-0.029513433723949312
Cn215	NC_026748.1	1084805	238784212	220.12	0	1667	229.80336308035177	0.9578623961348819	-0.06210967762379546
Cn215	NC_026749.1	1814975	391820471	215.88	0	946	229.80336308035177	0.9394118393494381	-0.09017031898051794
Cn215	NC_026750.1	1422463	326272538	229.37	0	803	229.80336308035177	0.9981142004427488	-0.0027232021838851594
Cn215	NC_026751.1	1399503	326859994	233.55	0	1263	229.80336308035177	1.016303664443493	0.02333153373439936
Cn215	NC_026752.1	1398693	304493620	217.7	0	5954	229.80336308035177	0.9473316538186616	-0.07805850387758737
Cn215	NC_026753.1	1186808	260852065	219.79	0	1405	229.80336308035177	0.9564263858190336	-0.06427416332676512
Cn215	NC_026754.1	1059964	246671840	232.72	0	1796	229.80336308035177	1.0126918809218142	0.018195290147150177
Cn215	NC_026755.1	1561994	338227969	216.54	0	1922	229.80336308035177	0.9422838599811344	-0.08576636233476766
Cn215	NC_026756.1	774062	204881441	264.68	0	1462	229.80336308035177	1.1517673042385088	0.20384927326363123
Cn215	NC_026757.1	756744	174133738	230.11	0	3045	229.80336308035177	1.0013343447873781	0.0019237694069914933
Cn215	NC_026758.1	942867	204865701	217.28	0	623	229.80336308035177	0.9455040043257639	-0.08084452670842453
Cn216	NC_026745.1	2291499	484860684	211.59	0	1209	225.11281262120397	0.93992872967227	-0.08937672665720124
Cn216	NC_026746.1	1621675	607614703	374.68	0	9094	225.11281262120397	1.664409926903947	0.7350107980689621
Cn216	NC_026747.1	1575141	329900148	209.44	0	1673	225.11281262120397	0.9303779627702643	-0.10411116980729429
Cn216	NC_026748.1	1084805	227366174	209.59	0	1857	225.11281262120397	0.9310442953448229	-0.10307828784000372
Cn216	NC_026749.1	1814975	385418088	212.35	0	1351	225.11281262120397	0.9433048147166999	-0.08420406351777074
Cn216	NC_026750.1	1422463	303392047	213.29	0	820	225.11281262120397	0.9474804988506	-0.07783184500844535
Cn216	NC_026751.1	1399503	297387661	212.5	0	1387	225.11281262120397	0.9439711472912584	-0.08318533095274626
Cn216	NC_026752.1	1398693	290267771	207.53	0	6687	225.11281262120397	0.9218933279875523	-0.11732826840476676
Cn216	NC_026753.1	1186808	247274894	208.35	0	1409	225.11281262120397	0.9255359460618057	-0.11163907216262385
Cn216	NC_026754.1	1059964	224330986	211.64	0	1801	225.11281262120397	0.9401508405304562	-0.08903584934519583
Cn216	NC_026755.1	1561994	327711229	209.8	0	1953	225.11281262120397	0.9319771609492049	-0.10163349428790493
Cn216	NC_026756.1	774062	168191175	217.28	0	1574	225.11281262120397	0.9652049453338571	-0.05109278750780316
Cn216	NC_026757.1	756744	161953122	214.01	0	1998	225.11281262120397	0.950678895208481	-0.07296996149563015
Cn216	NC_026758.1	942867	196980908	208.92	0	619	225.11281262120397	0.928068009845128	-0.10769756338027775
Cn217	NC_026745.1	2291499	486233970	212.19	0	1484	214.92734222767191	0.9872638715981875	-0.01849236140374353
Cn217	NC_026746.1	1621675	418069832	257.8	0	11012	214.92734222767191	1.1994751218154143	0.2624032351588691
Cn217	NC_026747.1	1575141	340970499	216.47	0	3080	214.92734222767191	1.0071775780426018	0.01031807100633082
Cn217	NC_026748.1	1084805	225962941	208.3	0	1492	214.92734222767191	0.9691647318624934	-0.04518618916213501
Cn217	NC_026749.1	1814975	387215986	213.35	0	1574	214.92734222767191	0.9926610443728419	-0.01062691800167048
Cn217	NC_026750.1	1422463	300105469	210.98	0	759	214.92734222767191	0.981634062066005	-0.0267427844347162
Cn217	NC_026751.1	1399503	294595672	210.5	0	1276	214.92734222767191	0.9794007491937343	-0.030028795249023413
Cn217	NC_026752.1	1398693	288784997	206.47	0	9250	214.92734222767191	0.9606502265369612	-0.0579168546219726
Cn217	NC_026753.1	1186808	250003726	210.65	0	1218	214.92734222767191	0.9800986594663189	-0.02900111264052753
Cn217	NC_026754.1	1059964	224234598	211.55	0	1670	214.92734222767191	0.9842861211018266	-0.022850342846431497
Cn217	NC_026755.1	1561994	324635494	207.83	0	1720	214.92734222767191	0.9669779463417283	-0.04844510804588459
Cn217	NC_026756.1	774062	162369787	209.76	0	1616	214.92734222767191	0.9759577251823168	-0.03510943786838978
Cn217	NC_026757.1	756744	161821339	213.84	0	2379	214.92734222767191	0.9949408845966182	-0.007317285847066101
Cn217	NC_026758.1	942867	195229593	207.06	0	634	214.92734222767191	0.963395340275794	-0.053800148933472326
Cn218	NC_026745.1	2291499	429409947	187.39	0	1306	191.48871995537814	0.9785955018325191	-0.031215443527437284
Cn218	NC_026746.1	1621675	380761056	234.79	0	10952	191.48871995537814	1.2261296647380178	0.2941115538923983
Cn218	NC_026747.1	1575141	301834531	191.62	0	1745	191.48871995537814	1.0006855758639592	9.887380103427929e-4
Cn218	NC_026748.1	1084805	201726128	185.96	0	1303	191.48871995537814	0.9711276990275642	-0.04226707870685484
Cn218	NC_026749.1	1814975	342832539	188.89	0	813	191.48871995537814	0.9864288614181361	-0.01971308345188576
Cn218	NC_026750.1	1422463	268257581	188.59	0	705	191.48871995537814	0.9848621895010128	-0.0220062306564526
Cn218	NC_026751.1	1399503	263512469	188.29	0	998	191.48871995537814	0.9832955175838893	-0.02430302859574546
Cn218	NC_026752.1	1398693	257330601	183.98	0	6700	191.48871995537814	0.9607876643745497	-0.0577104665955936
Cn218	NC_026753.1	1186808	219747554	185.16	0	1058	191.48871995537814	0.9669499072485684	-0.048486941933928
Cn218	NC_026754.1	1059964	200024219	188.71	0	1499	191.48871995537814	0.9854888582678621	-0.021088534336579142
Cn218	NC_026755.1	1561994	290436713	185.94	0	1564	191.48871995537814	0.9710232542330893	-0.0424222489184472
Cn218	NC_026756.1	774062	144511171	186.69	0	1311	191.48871995537814	0.9749399340258978	-0.03661475761728883
Cn218	NC_026757.1	756744	143386088	189.48	0	1466	191.48871995537814	0.9895099828551456	-0.015213832644425931
Cn218	NC_026758.1	942867	173679769	184.2	0	541	191.48871995537814	0.9619365571137735	-0.055986348247121294
Cn219	NC_026745.1	2291499	459892630	200.7	0	4449	197.8176543429523	1.0145707200230503	0.02086943076296451
Cn219	NC_026746.1	1621675	405853660	250.27	0	12813	197.8176543429523	1.265155027903183	0.3393141788195123
Cn219	NC_026747.1	1575141	302836926	192.26	0	1387	197.8176543429523	0.9719051650803769	-0.04111254704716782
Cn219	NC_026748.1	1084805	205644110	189.57	0	3301	197.8176543429523	0.9583067832325344	-0.061440514294778856
Cn219	NC_026749.1	1814975	351698644	193.78	0	1432	197.8176543429523	0.9795890090984888	-0.029751507804641496
Cn219	NC_026750.1	1422463	271909170	191.15	0	1043	197.8176543429523	0.9662939368829401	-0.049465985765003766
Cn219	NC_026751.1	1399503	264592156	189.06	0	919	197.8176543429523	0.9557286513580364	-0.06532702574831897
Cn219	NC_026752.1	1398693	266626473	190.63	0	1309	197.8176543429523	0.9636652534030596	-0.05339600768954803
Cn219	NC_026753.1	1186808	224595794	189.24	0	2577	197.8176543429523	0.9566385802549181	-0.06395411997534828
Cn219	NC_026754.1	1059964	208467151	196.67	0	4332	197.8176543429523	0.9941984230539775	-0.008394279933144566
Cn219	NC_026755.1	1561994	302018545	193.35	0	4501	197.8176543429523	0.9774152900670492	-0.03295642151684542
Cn219	NC_026756.1	774062	152035756	196.41	0	4053	197.8176543429523	0.9928840813140374	-0.010302801177340034
Cn219	NC_026757.1	756744	144365919	190.77	0	2378	197.8176543429523	0.9643729758784122	-0.0523368712721598
Cn219	NC_026758.1	942867	176474553	187.17	0	3989	197.8176543429523	0.9461743979407788	-0.0798219706723066
Cn220	NC_026745.1	2291499	504932890	220.35	0	4947	217.1681607402984	1.0146514997818057	0.020984293054816826
Cn220	NC_026746.1	1621675	444951475	274.38	0	13996	217.1681607402984	1.263444876379087	0.33736272141813817
Cn220	NC_026747.1	1575141	332815111	211.29	0	1675	217.1681607402984	0.9729326770542215	-0.0395881149994873
Cn220	NC_026748.1	1084805	225074174	207.48	0	3896	217.1681607402984	0.9553886688210983	-0.06584032874654387
Cn220	NC_026749.1	1814975	385225172	212.25	0	1689	217.1681607402984	0.97735321456178	-0.03304804978221855
Cn220	NC_026750.1	1422463	297444574	209.11	0	1134	217.1681607402984	0.9628943731308073	-0.05455054782413229
Cn220	NC_026751.1	1399503	289883151	207.13	0	1122	217.1681607402984	0.9537770145214677	-0.06827607985845613
Cn220	NC_026752.1	1398693	291969726	208.74	0	1567	217.1681607402984	0.9611906242997691	-0.05710551876893511
Cn220	NC_026753.1	1186808	245802677	207.11	0	2743	217.1681607402984	0.9536849199900602	-0.06841538992431262
Cn220	NC_026754.1	1059964	229929919	216.92	0	5211	217.1681607402984	0.9988572876454244	-0.001649528094772994
Cn220	NC_026755.1	1561994	333106396	213.26	0	5104	217.1681607402984	0.9820039883978573	-0.02619921084624855
Cn220	NC_026756.1	774062	168147321	217.23	0	4942	217.1681607402984	1.0002847528822403	4.10753092298501e-4
Cn220	NC_026757.1	756744	159147160	210.31	0	2737	217.1681607402984	0.9684200450152555	-0.04629515336049779
Cn220	NC_026758.1	942867	194135892	205.9	0	4532	217.1681607402984	0.9481132008399082	-0.0768687735903651
Cn221	NC_026745.1	2291499	503627739	219.78	0	1603	224.12357848442923	0.9806197165251357	-0.028234325873314026
Cn221	NC_026746.1	1621675	439357910	270.93	0	11776	224.12357848442923	1.2088420229236283	0.2736257188332287
Cn221	NC_026747.1	1575141	350692177	222.64	0	2160	224.12357848442923	0.9933805336570943	-0.009581618971422333
Cn221	NC_026748.1	1084805	237045995	218.51	0	1564	224.12357848442923	0.9749531998266785	-0.036595127305588476
Cn221	NC_026749.1	1814975	399925330	220.35	0	1279	224.12357848442923	0.9831629563031834	-0.024497536138231215
Cn221	NC_026750.1	1422463	313268452	220.23	0	808	224.12357848442923	0.9826275374025417	-0.025283424781327665
Cn221	NC_026751.1	1399503	308097241	220.15	0	1362	224.12357848442923	0.9822705914687807	-0.025807588478773947
Cn221	NC_026752.1	1398693	299771789	214.32	0	4722	224.12357848442923	0.9562581565459418	-0.06452794646065048
Cn221	NC_026753.1	1186808	263110569	221.7	0	1223	224.12357848442923	0.9891864189354017	-0.015685662548360093
Cn221	NC_026754.1	1059964	235245468	221.94	0	2012	224.12357848442923	0.990257256736685	-0.014124726457878116
Cn221	NC_026755.1	1561994	339557866	217.39	0	2098	224.12357848442923	0.9699559567540234	-0.044008855232082304
Cn221	NC_026756.1	774062	170707412	220.53	0	1614	224.12357848442923	0.9839660846541459	-0.023319505282720258
Cn221	NC_026757.1	756744	169074385	223.42	0	1834	224.12357848442923	0.9968607565112649	-0.004536094697282184
Cn221	NC_026758.1	942867	204479444	216.87	0	645	224.12357848442923	0.9676358081845764	-0.047463936426869045
Cn222	NC_026745.1	2291499	477637488	208.44	0	1220	222.56596494461732	0.9365313337637567	-0.09460083100168211
Cn222	NC_026746.1	1621675	610378346	376.39	0	10315	222.56596494461732	1.6911390746274246	0.7579953078998408
Cn222	NC_026747.1	1575141	325380766	206.57	0	1660	222.56596494461732	0.9281293303376474	-0.10760224294361981
Cn222	NC_026748.1	1084805	225859985	208.2	0	1832	222.56596494461732	0.9354530017732401	-0.09626292224645157
Cn222	NC_026749.1	1814975	380504652	209.65	0	1383	222.56596494461732	0.9419679242159452	-0.08625016069947881
Cn222	NC_026750.1	1422463	297745968	209.32	0	802	222.56596494461732	0.9404852177289846	-0.08852282681851596
Cn222	NC_026751.1	1399503	293781352	209.92	0	1451	222.56596494461732	0.9431810477052764	-0.08439336581514734
Cn222	NC_026752.1	1398693	285736497	204.29	0	2588	222.56596494461732	0.9178851764277388	-0.12361440503830402
Cn222	NC_026753.1	1186808	245135162	206.55	0	1384	222.56596494461732	0.9280394693384378	-0.1077419306897482
Cn222	NC_026754.1	1059964	221833977	209.28	0	1999	222.56596494461732	0.9403054957305653	-0.08879854493514835
Cn222	NC_026755.1	1561994	323496333	207.1	0	2085	222.56596494461732	0.9305106468167051	-0.10390543732535688
Cn222	NC_026756.1	774062	161335197	208.43	0	1577	222.56596494461732	0.936486403264152	-0.0946700465864525
Cn222	NC_026757.1	756744	160569327	212.18	0	1947	222.56596494461732	0.9533353406159755	-0.06894431606679416
Cn222	NC_026758.1	942867	195141549	206.97	0	650	222.56596494461732	0.929926550321842	-0.10481132454963171
Cn223	NC_026745.1	2291499	413543224	180.47	0	1237	184.20840880721508	0.979705547475156	-0.029579885485041542
Cn223	NC_026746.1	1621675	362010463	223.23	0	9987	184.20840880721508	1.2118339300874332	0.2771920052009991
Cn223	NC_026747.1	1575141	285685946	181.37	0	1361	184.20840880721508	0.984591317923029	-0.02240307687116742
Cn223	NC_026748.1	1084805	195043011	179.8	0	1274	184.20840880721508	0.9760683628084061	-0.034945898707056125
Cn223	NC_026749.1	1814975	329754383	181.69	0	1065	184.20840880721508	0.9863284807489394	-0.01985990200952662
Cn223	NC_026750.1	1422463	256983638	180.66	0	695	184.20840880721508	0.9807369879030403	-0.028061805663032176
Cn223	NC_026751.1	1399503	253059244	180.82	0	1042	184.20840880721508	0.9816055693159955	-0.026784660473163864
Cn223	NC_026752.1	1398693	247495530	176.95	0	5201	184.20840880721508	0.9605967563901415	-0.05799715779627321
Cn223	NC_026753.1	1186808	213179426	179.62	0	1251	184.20840880721508	0.9750912087188316	-0.03639092196157913
Cn223	NC_026754.1	1059964	192973321	182.06	0	1362	184.20840880721508	0.9883370752663984	-0.016924933766346004
Cn223	NC_026755.1	1561994	281307172	180.09	0	1915	184.20840880721508	0.9776426666193875	-0.032620845760812214
Cn223	NC_026756.1	774062	139868639	180.69	0	1149	184.20840880721508	0.9808998469179694	-0.027822254804716957
Cn223	NC_026757.1	756744	139354798	184.15	0	1519	184.20840880721508	0.9996829199731256	-4.575223217654933e-4
Cn223	NC_026758.1	942867	169657808	179.94	0	777	184.20840880721508	0.9768283715447419	-0.03382299151896946
Cn224	NC_026745.1	2291499	495564747	216.26	0	1499	219.13151975102895	0.9868959072875892	-0.019030170245712207
Cn224	NC_026746.1	1621675	418749141	258.22	0	9929	219.13151975102895	1.1783790861916272	0.23680373083995415
Cn224	NC_026747.1	1575141	342990584	217.75	0	1634	219.13151975102895	0.9936954767958595	-0.00912429685000074
Cn224	NC_026748.1	1084805	232175730	214.03	0	1528	219.13151975102895	0.9767193703725272	-0.0339839862542341
Cn224	NC_026749.1	1814975	394764260	217.5	0	1228	219.13151975102895	0.9925546094287	-0.010781614712774733
Cn224	NC_026750.1	1422463	307681206	216.3	0	728	219.13151975102895	0.9870784460663349	-0.018763350374248877
Cn224	NC_026751.1	1399503	302076349	215.85	0	1137	219.13151975102895	0.9850248848054478	-0.02176792287477363
Cn224	NC_026752.1	1398693	296426294	211.93	0	6445	219.13151975102895	0.9671360844883881	-0.0482091911176858
Cn224	NC_026753.1	1186808	252976011	213.16	0	1219	219.13151975102895	0.9727491519348124	-0.039860277463555624
Cn224	NC_026754.1	1059964	229028561	216.07	0	1808	219.13151975102895	0.9860288480885481	-0.020298238968291787
Cn224	NC_026755.1	1561994	334773199	214.32	0	1778	219.13151975102895	0.9780427765184321	-0.03203052938121107
Cn224	NC_026756.1	774062	166076806	214.55	0	1439	219.13151975102895	0.9790923744962189	-0.030483114587841958
Cn224	NC_026757.1	756744	164849351	217.84	0	1746	219.13151975102895	0.9941061890480368	-0.008528128179794023
Cn224	NC_026758.1	942867	201523593	213.73	0	653	219.13151975102895	0.9753503295319358	-0.03600759100094838
Cn225	NC_026745.1	2291499	419136188	182.91	0	1122	185.4668533109582	0.9862139607950791	-0.020027419185556027
Cn225	NC_026746.1	1621675	355560530	219.26	0	8702	185.4668533109582	1.1822058555788586	0.24148127152588703
Cn225	NC_026747.1	1575141	291588888	185.12	0	1352	185.4668533109582	0.9981298366540104	-0.0027006014556908665
Cn225	NC_026748.1	1084805	196283091	180.94	0	1254	185.4668533109582	0.9755921167036335	-0.03564999443932973
Cn225	NC_026749.1	1814975	333355707	183.67	0	922	185.4668533109582	0.9903117280587839	-0.014045369962965942
Cn225	NC_026750.1	1422463	261106605	183.56	0	674	185.4668533109582	0.989718630165353	-0.01490965915090842
Cn225	NC_026751.1	1399503	255757887	182.75	0	945	185.4668533109582	0.9853512729500886	-0.021289964836018777
Cn225	NC_026752.1	1398693	250200375	178.88	0	5951	185.4668533109582	0.9644850106993808	-0.052169277719990886
Cn225	NC_026753.1	1186808	213009697	179.48	0	1098	185.4668533109582	0.9677200901180951	-0.047338281886835865
Cn225	NC_026754.1	1059964	194245673	183.26	0	1467	185.4668533109582	0.9881010904559958	-0.017269446560335983
Cn225	NC_026755.1	1561994	282467839	180.84	0	1569	185.4668533109582	0.9750529368005145	-0.036447548244200635
Cn225	NC_026756.1	774062	140397108	181.38	0	1190	185.4668533109582	0.9779645082773574	-0.032145986214317544
Cn225	NC_026757.1	756744	140164628	185.22	0	1558	185.4668533109582	0.9986690165571295	-0.0019214822268999712
Cn225	NC_026758.1	942867	170415905	180.74	0	563	185.4668533109582	0.9745137568973955	-0.03724554319838595
Cn226	NC_026745.1	2291499	466849942	203.73	0	1021	208.37754164069997	0.9776965329175751	-0.03254135812889203
Cn226	NC_026746.1	1621675	420416668	259.25	0	12318	208.37754164069997	1.244135994497037	0.31514419275388306
Cn226	NC_026747.1	1575141	321672143	204.22	0	1367	208.37754164069997	0.9800480339293535	-0.029075634829488904
Cn226	NC_026748.1	1084805	220553522	203.31	0	1239	208.37754164069997	0.975680960621765	-0.03551861899867058
Cn226	NC_026749.1	1814975	372446125	205.21	0	967	208.37754164069997	0.9847990257694772	-0.022098760276851464
Cn226	NC_026750.1	1422463	291712096	205.08	0	729	208.37754164069997	0.9841751581541075	-0.023012993436771566
Cn226	NC_026751.1	1399503	286289519	204.57	0	1084	208.37754164069997	0.9817276775091952	-0.026605205573907092
Cn226	NC_026752.1	1398693	279726697	199.99	0	5297	208.37754164069997	0.9597483415215523	-0.05927193284009116
Cn226	NC_026753.1	1186808	240707426	202.82	0	1291	208.37754164069997	0.9733294596099866	-0.038999873341120164
Cn226	NC_026754.1	1059964	213442777	201.37	0	1449	208.37754164069997	0.9663709362077854	-0.04935102890340652
Cn226	NC_026755.1	1561994	317300013	203.14	0	1824	208.37754164069997	0.9748651337401276	-0.036725449709718735
Cn226	NC_026756.1	774062	157519498	203.5	0	1034	208.37754164069997	0.9765927671365363	-0.034171001793095436
Cn226	NC_026757.1	756744	155808821	205.89	0	1518	208.37754164069997	0.9880623332960268	-0.017326035769326887
Cn226	NC_026758.1	942867	192055109	203.69	0	606	208.37754164069997	0.9775045736513075	-0.03282464221814127
CnH9901	NC_026745.1	2291499	728217203	317.79	0	944	185.8466628338401	1.7099580651826203	0.7739609450556729
CnH9901	NC_026746.1	1621675	358608042	221.13	0	13597	185.8466628338401	1.189851873733701	0.25078198165823734
CnH9901	NC_026747.1	1575141	256865320	163.07	0	549	185.8466628338401	0.877443788946568	-0.188621388849711
CnH9901	NC_026748.1	1084805	173637887	160.06	0	784	185.8466628338401	0.861247641250921	-0.21549996825796183
CnH9901	NC_026749.1	1814975	295492324	162.81	0	664	185.8466628338401	0.876044786155582	-0.1909234680826865
CnH9901	NC_026750.1	1422463	230067078	161.74	0	657	185.8466628338401	0.8702873515926776	-0.20043626602903383
CnH9901	NC_026751.1	1399503	227573981	162.61	0	1848	185.8466628338401	0.8749686301625158	-0.19269680127982805
CnH9901	NC_026752.1	1398693	225584446	161.28	0	393	185.8466628338401	0.8678121928086252	-0.20454523864632335
CnH9901	NC_026753.1	1186808	192387102	162.1	0	804	185.8466628338401	0.8722244323801968	-0.19722869174133603
CnH9901	NC_026754.1	1059964	172920870	163.14	0	766	185.8466628338401	0.8778204435441412	-0.18800222540032377
CnH9901	NC_026755.1	1561994	253539012	162.32	0	560	185.8466628338401	0.8734082039725697	-0.19527201238958092
CnH9901	NC_026756.1	774062	124749576	161.16	0	2193	185.8466628338401	0.8671664992127854	-0.20561907199764132
CnH9901	NC_026757.1	756744	120977217	159.87	0	1027	185.8466628338401	0.8602252930575082	-0.21721354366504914
CnH9901	NC_026758.1	942867	150245118	159.35	0	369	185.8466628338401	0.8574272874755359	-0.22191376348102435
CnH9902	NC_026745.1	2291499	416101540	181.58	0	892	185.47206224614825	0.9790153719163217	-0.030596582542211797
CnH9902	NC_026746.1	1621675	399813931	246.54	0	15040	185.47206224614825	1.3292568002657228	0.4106198470372971
CnH9902	NC_026747.1	1575141	283900286	180.24	0	609	185.47206224614825	0.9717905641270945	-0.041282670616087404
CnH9902	NC_026748.1	1084805	193504084	178.38	0	855	185.47206224614825	0.9617620995838388	-0.05624802022271489
CnH9902	NC_026749.1	1814975	326656983	179.98	0	724	185.47206224614825	0.9703887357500802	-0.0433652911022884
CnH9902	NC_026750.1	1422463	254251107	178.74	0	687	185.47206224614825	0.9637030927212432	-0.053339359880829114
CnH9902	NC_026751.1	1399503	252364568	180.32	0	1203	185.47206224614825	0.9722218959354065	-0.04064246867929437
CnH9902	NC_026752.1	1398693	250540447	179.12	0	405	185.47206224614825	0.9657519188107255	-0.05027545599891787
CnH9902	NC_026753.1	1186808	214077155	180.38	0	817	185.47206224614825	0.9725453947916406	-0.04016250359334078
CnH9902	NC_026754.1	1059964	191934584	181.08	0	750	185.47206224614825	0.9763195481143713	-0.0345746776036759
CnH9902	NC_026755.1	1561994	280657265	179.68	0	599	185.47206224614825	0.96877124146891	-0.045772056450914214
CnH9902	NC_026756.1	774062	138592016	179.05	0	1374	185.47206224614825	0.9653745034784526	-0.05083937064362844
CnH9902	NC_026757.1	756744	134271197	177.43	0	1050	185.47206224614825	0.9566400343601331	-0.06395192705857534
CnH9902	NC_026758.1	942867	167123361	177.25	0	419	185.47206224614825	0.9556695377914309	-0.06541626183727449
CnH9903	NC_026745.1	2291499	426653287	186.19	0	854	190.4415356933784	0.9776753759210196	-0.032572577861438974
CnH9903	NC_026746.1	1621675	416388369	256.76	0	16272	190.4415356933784	1.3482352947069176	0.4310722983623967
CnH9903	NC_026747.1	1575141	290877516	184.67	0	593	190.4415356933784	0.9696939237946972	-0.04439865099580236
CnH9903	NC_026748.1	1084805	198651518	183.12	0	874	190.4415356933784	0.961554943007987	-0.05655879973457518
CnH9903	NC_026749.1	1814975	333736278	183.88	0	757	190.4415356933784	0.9655456690711481	-0.050583596473458066
CnH9903	NC_026750.1	1422463	260816438	183.36	0	702	190.4415356933784	0.9628151722910907	-0.05466921853335676
CnH9903	NC_026751.1	1399503	258753954	184.89	0	1725	190.4415356933784	0.9708491339708755	-0.042680970800496085
CnH9903	NC_026752.1	1398693	256817616	183.61	0	394	190.4415356933784	0.9641279111276568	-0.05270353296767337
CnH9903	NC_026753.1	1186808	219723879	185.14	0	900	190.4415356933784	0.9721618728074416	-0.040731540672666496
CnH9903	NC_026754.1	1059964	196942584	185.8	0	753	190.4415356933784	0.9756275033359765	-0.03559766602024643
CnH9903	NC_026755.1	1561994	287279609	183.92	0	616	190.4415356933784	0.9657557072849987	-0.050269796572081936
CnH9903	NC_026756.1	774062	142202048	183.71	0	1983	190.4415356933784	0.9646530066622833	-0.05191800804306756
CnH9903	NC_026757.1	756744	138223508	182.66	0	1166	190.4415356933784	0.9591395035487053	-0.06018742934069519
CnH9903	NC_026758.1	942867	170601202	180.94	0	432	190.4415356933784	0.9501078603531301	-0.07383679116641065
Cn10101	NC_026745.1	2291499	711213963	310.37	0	1071	181.84998930453995	1.706736421525055	0.7712402741125691
Cn10101	NC_026746.1	1621675	336395730	207.44	0	11109	181.84998930453995	1.140720441025735	0.18994527036204834
Cn10101	NC_026747.1	1575141	255423242	162.16	0	1531	181.84998930453995	0.8917240007555591	-0.16533084702434736
Cn10101	NC_026748.1	1084805	171088990	157.71	0	1092	181.84998930453995	0.8672532816919045	-0.20547470019821418
Cn10101	NC_026749.1	1814975	290349826	159.97	0	889	181.84998930453995	0.879681107553446	-0.18494746651237007
Cn10101	NC_026750.1	1422463	228144287	160.39	0	718	181.84998930453995	0.8819907035100155	-0.18116464553391073
Cn10101	NC_026751.1	1399503	224158038	160.17	0	1550	181.84998930453995	0.8807809151518123	-0.18314488610557872
Cn10101	NC_026752.1	1398693	220671709	157.77	0	12279	181.84998930453995	0.8675832239714145	-0.20492593828939576
Cn10101	NC_026753.1	1186808	187207988	157.74	0	1158	181.84998930453995	0.8674182528316595	-0.2052002931520442
Cn10101	NC_026754.1	1059964	169183252	159.61	0	1339	181.84998930453995	0.8777014538763863	-0.18819779778720447
Cn10101	NC_026755.1	1561994	247686827	158.57	0	1374	181.84998930453995	0.8719824543648804	-0.1976289888478246
Cn10101	NC_026756.1	774062	122842836	158.7	0	1951	181.84998930453995	0.8726973293038186	-0.1964467127687021
Cn10101	NC_026757.1	756744	122784614	162.25	0	1460	181.84998930453995	0.892218914174824	-0.16453036271738314
Cn10101	NC_026758.1	942867	148211943	157.19	0	539	181.84998930453995	0.8643937819361516	-0.21023940075813258
Cn10102	NC_026745.1	2291499	402439512	175.62	0	1165	179.47104785812098	0.978542233390394	-0.03129397669955449
Cn10102	NC_026746.1	1621675	363924069	224.41	0	10946	179.47104785812098	1.2503966666389836	0.32238583745707855
Cn10102	NC_026747.1	1575141	281197057	178.52	0	1654	179.47104785812098	0.9947008285209723	-0.007665416577606009
Cn10102	NC_026748.1	1084805	188341938	173.62	0	1135	179.47104785812098	0.9673983746796505	-0.047817980965048246
Cn10102	NC_026749.1	1814975	319681279	176.14	0	806	179.47104785812098	0.9814396366551873	-0.027028557278710168
Cn10102	NC_026750.1	1422463	250224350	175.91	0	667	179.47104785812098	0.9801580929034518	-0.028913629891201744
Cn10102	NC_026751.1	1399503	245932991	175.73	0	971	179.47104785812098	0.9791551456194849	-0.030390624146927125
Cn10102	NC_026752.1	1398693	241206366	172.45	0	6989	179.47104785812098	0.9608792173338654	-0.057572999481245425
Cn10102	NC_026753.1	1186808	205858033	173.46	0	951	179.47104785812098	0.966506865982791	-0.04914811363125549
Cn10102	NC_026754.1	1059964	186848745	176.28	0	1410	179.47104785812098	0.9822197067649394	-0.02588232655202517
Cn10102	NC_026755.1	1561994	271105155	173.56	0	1454	179.47104785812098	0.9670640589183281	-0.04831663701271883
Cn10102	NC_026756.1	774062	135646057	175.24	0	1085	179.47104785812098	0.9764249002353528	-0.03441900850651056
Cn10102	NC_026757.1	756744	135111079	178.54	0	1437	179.47104785812098	0.9948122671080796	-0.0075037972371707175
Cn10102	NC_026758.1	942867	162905572	172.78	0	526	179.47104785812098	0.9627179540211381	-0.0548148990351845
Cn10103	NC_026745.1	2291499	430889702	188.04	0	1253	192.0498306803599	0.9791208840635027	-0.03044110628138054
Cn10103	NC_026746.1	1621675	396489147	244.49	0	12986	192.0498306803599	1.2730550145962871	0.3482947661130008
Cn10103	NC_026747.1	1575141	300318275	190.66	0	1778	192.0498306803599	0.992763176747221	-0.010478490407614144
Cn10103	NC_026748.1	1084805	200533275	184.86	0	1175	192.0498306803599	0.9625626814931884	-0.05504760371460936
Cn10103	NC_026749.1	1814975	342091161	188.48	0	860	192.0498306803599	0.981411956117257	-0.02706924764465626
Cn10103	NC_026750.1	1422463	267989928	188.4	0	712	192.0498306803599	0.980995397562029	-0.02768172697497127
Cn10103	NC_026751.1	1399503	262309607	187.43	0	1159	192.0498306803599	0.9759446250798891	-0.03512880303059203
Cn10103	NC_026752.1	1398693	258090805	184.52	0	10102	192.0498306803599	0.9607923076334692	-0.0577034944094609
Cn10103	NC_026753.1	1186808	219571705	185.01	0	1057	192.0498306803599	0.9633437287842408	-0.05387743977594309
Cn10103	NC_026754.1	1059964	199248421	187.98	0	1483	192.0498306803599	0.9788084651470818	-0.030901516382906957
Cn10103	NC_026755.1	1561994	289396340	185.27	0	1657	192.0498306803599	0.9646975440887321	-0.051851401252240366
Cn10103	NC_026756.1	774062	144109498	186.17	0	1491	192.0498306803599	0.9693838278350474	-0.04486008056625071
Cn10103	NC_026757.1	756744	143674143	189.86	0	1528	192.0498306803599	0.9885975911949407	-0.01654470365886453
Cn10103	NC_026758.1	942867	173338410	183.84	0	597	192.0498306803599	0.9572515599140309	-0.06302998882900353
Cn10601	NC_026745.1	2291499	776218818	338.74	0	1209	201.5964027258628	1.6802879189299298	0.7487084613507878
Cn10601	NC_026746.1	1621675	349877360	215.75	0	9082	201.5964027258628	1.070207588442854	0.09789066370063282
Cn10601	NC_026747.1	1575141	280515971	178.09	0	1356	201.5964027258628	0.8833986995401523	-0.17886338631318371
Cn10601	NC_026748.1	1084805	218476565	201.4	0	1449	201.5964027258628	0.9990257627457279	-0.0014062123588998085
Cn10601	NC_026749.1	1814975	322950972	177.94	0	858	201.5964027258628	0.8826546386443636	-0.1800790381904838
Cn10601	NC_026750.1	1422463	254238517	178.73	0	723	201.5964027258628	0.8865733593621844	-0.17368808326791269
Cn10601	NC_026751.1	1399503	250389748	178.91	0	1223	201.5964027258628	0.887466232437131	-0.17223586802752014
Cn10601	NC_026752.1	1398693	244122368	174.54	0	9874	201.5964027258628	0.8657892583398179	-0.20791219343158437
Cn10601	NC_026753.1	1186808	209245244	176.31	0	1322	201.5964027258628	0.8745691769101255	-0.19335559154314758
Cn10601	NC_026754.1	1059964	187895218	177.27	0	1273	201.5964027258628	0.8793311666431737	-0.1855214909577026
Cn10601	NC_026755.1	1561994	276501103	177.02	0	1639	201.5964027258628	0.8780910651501924	-0.18755752821579538
Cn10601	NC_026756.1	774062	136310988	176.1	0	1388	201.5964027258628	0.8735274916560212	-0.19507498653447622
Cn10601	NC_026757.1	756744	136343586	180.17	0	1593	201.5964027258628	0.8937163439617566	-0.1621110868515974
Cn10601	NC_026758.1	942867	165310094	175.33	0	554	201.5964027258628	0.8697079790576389	-0.2013970248302728
Cn10602	NC_026745.1	2291499	440867401	192.39	0	1345	196.85228677723	0.9773318011678482	-0.033079658964247013
Cn10602	NC_026746.1	1621675	395872951	244.11	0	11466	196.85228677723	1.2400668744897523	0.31041792455828066
Cn10602	NC_026747.1	1575141	304658092	193.42	0	1475	196.85228677723	0.9825641508492395	-0.02537649200391618
Cn10602	NC_026748.1	1084805	207565223	191.34	0	1456	196.85228677723	0.9719978524635172	-0.04097496854977987
Cn10602	NC_026749.1	1814975	351024830	193.4	0	789	196.85228677723	0.9824625518263	-0.02552567715899321
Cn10602	NC_026750.1	1422463	276148249	194.13	0	709	196.85228677723	0.9861709161635968	-0.020090388920430517
Cn10602	NC_026751.1	1399503	270421204	193.23	0	1021	196.85228677723	0.981598960131313	-0.026794374222111395
Cn10602	NC_026752.1	1398693	265026622	189.48	0	5359	196.85228677723	0.9625491433301309	-0.05506789494180381
Cn10602	NC_026753.1	1186808	226744998	191.05	0	1079	196.85228677723	0.9705246666308925	-0.04316321427832329
Cn10602	NC_026754.1	1059964	204736934	193.15	0	1404	196.85228677723	0.9811925640395546	-0.027391794403903182
Cn10602	NC_026755.1	1561994	298525390	191.12	0	1811	196.85228677723	0.9708802632111813	-0.04263471306686458
Cn10602	NC_026756.1	774062	148663589	192.06	0	1181	196.85228677723	0.9756554172893442	-0.035556389256459535
Cn10602	NC_026757.1	756744	149019030	196.92	0	1679	196.85228677723	1.0003439798636762	4.961727116719372e-4
Cn10602	NC_026758.1	942867	179500029	190.38	0	565	196.85228677723	0.9671210993624146	-0.04823154488440294
Cn10603	NC_026745.1	2291499	410399426	179.1	0	1202	182.486077877665	0.9814447331158328	-0.02702106561123082
Cn10603	NC_026746.1	1621675	366114529	225.76	0	10296	182.486077877665	1.2371354715144076	0.3070034901127097
Cn10603	NC_026747.1	1575141	281699017	178.84	0	1414	182.486077877665	0.9800199668924374	-0.029116951941912574
Cn10603	NC_026748.1	1084805	192154143	177.13	0	1309	182.486077877665	0.9706493890385676	-0.04297782503024163
Cn10603	NC_026749.1	1814975	324597836	178.84	0	752	182.486077877665	0.9800199668924374	-0.029116951941912574
Cn10603	NC_026750.1	1422463	256446700	180.28	0	651	182.486077877665	0.9879109798220119	-0.017547047769195464
Cn10603	NC_026751.1	1399503	250382506	178.91	0	955	182.486077877665	0.9804035577987361	-0.028552375259027783
Cn10603	NC_026752.1	1398693	245961153	175.85	0	8077	182.486077877665	0.9636351553233903	-0.053441067971885116
Cn10603	NC_026753.1	1186808	209710451	176.7	0	1084	182.486077877665	0.9682930448998751	-0.046484363045575336
Cn10603	NC_026754.1	1059964	190257788	179.49	0	1361	182.486077877665	0.9835818824509259	-0.023882934108442524
Cn10603	NC_026755.1	1561994	277028326	177.36	0	1689	182.486077877665	0.9719097591592636	-0.04110572761724722
Cn10603	NC_026756.1	774062	137914596	178.17	0	1089	182.486077877665	0.9763484539321492	-0.03453196447484868
Cn10603	NC_026757.1	756744	138135527	182.54	0	1504	182.486077877665	1.000295486225372	4.2623354202562874e-4
Cn10603	NC_026758.1	942867	166577719	176.67	0	534	182.486077877665	0.9681286487971756	-0.04672932357607114
Cn12601	NC_026745.1	2291499	395467613	172.58	0	1072	184.4116182074896	0.9358412538076787	-0.095664267822043
Cn12601	NC_026746.1	1621675	348427536	214.86	0	9609	184.4116182074896	1.1651109734217049	0.22046737391848661
Cn12601	NC_026747.1	1575141	272439080	172.96	0	1146	184.4116182074896	0.9379018615052503	-0.09249112238854373
Cn12601	NC_026748.1	1084805	357309895	329.38	0	1204	184.4116182074896	1.786113061647776	0.836823406503861
Cn12601	NC_026749.1	1814975	314139863	173.08	0	703	184.4116182074896	0.9385525797255362	-0.09149052470130266
Cn12601	NC_026750.1	1422463	245485251	172.58	0	685	184.4116182074896	0.9358412538076787	-0.095664267822043
Cn12601	NC_026751.1	1399503	241378974	172.47	0	1841	184.4116182074896	0.93524476210575	-0.09658411398853418
Cn12601	NC_026752.1	1398693	237917831	170.1	0	15807	184.4116182074896	0.9223930772551057	-0.11654640957244668
Cn12601	NC_026753.1	1186808	201052598	169.41	0	929	184.4116182074896	0.9186514474884624	-0.12241051342074838
Cn12601	NC_026754.1	1059964	181671934	171.39	0	1552	184.4116182074896	0.9293882981231778	-0.10564661481808961
Cn12601	NC_026755.1	1561994	265634069	170.06	0	1601	184.4116182074896	0.922176171181677	-0.11688570756104942
Cn12601	NC_026756.1	774062	132623875	171.33	0	2075	184.4116182074896	0.929062939013035	-0.10615176014569032
Cn12601	NC_026757.1	756744	130955756	173.05	0	1419	184.4116182074896	0.9383899001704646	-0.09174060907038405
Cn12601	NC_026758.1	942867	159251196	168.9	0	528	184.4116182074896	0.9158858950522478	-0.12676022243444587
Cn12602	NC_026745.1	2291499	413814136	180.59	0	1106	184.04634387039505	0.9812202524771206	-0.02735108332493654
Cn12602	NC_026746.1	1621675	371016670	228.79	0	10790	184.04634387039505	1.2431108121393235	0.3139549053994554
Cn12602	NC_026747.1	1575141	286560020	181.93	0	1180	184.04634387039505	0.988501027372294	-0.016685629505318784
Cn12602	NC_026748.1	1084805	192740510	177.67	0	1197	184.04634387039505	0.9653546833025639	-0.050868991027119684
Cn12602	NC_026749.1	1814975	329169186	181.36	0	681	184.04634387039505	0.9854039813347949	-0.021212794294337544
Cn12602	NC_026750.1	1422463	257474880	181.01	0	630	184.04634387039505	0.9835022863994883	-0.02399968847062433
Cn12602	NC_026751.1	1399503	252879661	180.69	0	965	184.04634387039505	0.9817635938872082	-0.02655242573097453
Cn12602	NC_026752.1	1398693	248067357	177.36	0	8022	184.04634387039505	0.9636703249312927	-0.053388415167816165
Cn12602	NC_026753.1	1186808	211406190	178.13	0	1006	184.04634387039505	0.9678540537889667	-0.047138580186394455
Cn12602	NC_026754.1	1059964	190385976	179.62	0	1507	184.04634387039505	0.9759498407992714	-0.03512109288783684
Cn12602	NC_026755.1	1561994	279037850	178.64	0	1452	184.04634387039505	0.9706250949804133	-0.043013934212650026
Cn12602	NC_026756.1	774062	139191198	179.82	0	1261	184.04634387039505	0.9770365236194465	-0.03351560080039277
Cn12602	NC_026757.1	756744	137432479	181.61	0	1453	184.04634387039505	0.9867623348600139	-0.019225446484568066
Cn12602	NC_026758.1	942867	167678890	177.84	0	536	184.04634387039505	0.9662783636997129	-0.0494892370081334
Cn12603	NC_026745.1	2291499	404740267	176.63	0	1075	181.53156192941336	0.9729988445132242	-0.039490003155416564
Cn12603	NC_026746.1	1621675	365667069	225.49	0	11336	181.53156192941336	1.242153141874466	0.3128430506943891
Cn12603	NC_026747.1	1575141	279986682	177.75	0	1133	181.53156192941336	0.9791685705272355	-0.030370843915827672
Cn12603	NC_026748.1	1084805	217921601	200.89	0	1255	181.53156192941336	1.1066395169238612	0.1461853469235347
Cn12603	NC_026749.1	1814975	321230663	176.99	0	673	181.53156192941336	0.9749819707320136	-0.03655255394922399
Cn12603	NC_026750.1	1422463	251997887	177.16	0	648	181.53156192941336	0.9759184470019974	-0.0351675014246514
Cn12603	NC_026751.1	1399503	247255557	176.67	0	1399	181.53156192941336	0.9732191918708674	-0.0391633244014844
Cn12603	NC_026752.1	1398693	242796424	173.59	0	11462	181.53156192941336	0.9562524453323364	-0.06453656292482889
Cn12603	NC_026753.1	1186808	206262552	173.8	0	1055	181.53156192941336	0.9574092689599637	-0.06279232160820497
Cn12603	NC_026754.1	1059964	186288503	175.75	0	1461	181.53156192941336	0.9681512026450725	-0.04669571446270771
Cn12603	NC_026755.1	1561994	272243491	174.29	0	1503	181.53156192941336	0.9601085240910935	-0.058730607471210165
Cn12603	NC_026756.1	774062	135752946	175.38	0	1755	181.53156192941336	0.9661129895868723	-0.04973616878275884
Cn12603	NC_026757.1	756744	133964834	177.03	0	1382	181.53156192941336	0.97520231808965685	-0.03622653958912504
Cn12603	NC_026758.1	942867	163239296	173.13	0	522	181.53156192941336	0.953718450719439	-0.06836466691759059
Cn12801	NC_026745.1	2291499	707944537	308.94	0	1205	190.0688379500437	1.6254111054290736	0.7008046564505749
Cn12801	NC_026746.1	1621675	312839892	192.91	0	7551	190.0688379500437	1.0149480687134156	0.021405911719505163
Cn12801	NC_026747.1	1575141	255482783	162.2	0	1159	190.0688379500437	0.8533750284864237	-0.22874819996340312
Cn12801	NC_026748.1	1084805	171615771	158.2	0	1224	190.0688379500437	0.8323300216186944	-0.2647724197078842
Cn12801	NC_026749.1	1814975	295163604	162.63	0	1196	190.0688379500437	0.8556373667247046	-0.22492860676112647
Cn12801	NC_026750.1	1422463	229832814	161.57	0	670	190.0688379500437	0.8500604399047563	-0.23436267334181252
Cn12801	NC_026751.1	1399503	225843870	161.37	0	1114	190.0688379500437	0.8490081895613699	-0.2361496247573511
Cn12801	NC_026752.1	1398693	220430268	157.6	0	8095	190.0688379500437	0.829173270588535	-0.2702544847242998
Cn12801	NC_026753.1	1186808	362670768	305.59	0	1281	190.0688379500437	1.6077859121773503	0.6850753144753048
Cn12801	NC_026754.1	1059964	170056690	160.44	0	1580	190.0688379500437	0.8441152254646228	-0.24448814825352938
Cn12801	NC_026755.1	1561994	248724525	159.24	0	1584	190.0688379500437	0.8378017234043041	-0.25531924297668857
Cn12801	NC_026756.1	774062	119511321	154.4	0	1249	190.0688379500437	0.8123372650943516	-0.29984926691259556
Cn12801	NC_026757.1	756744	122442736	161.8	0	1528	190.0688379500437	0.8512705277996508	-0.23231041175069833
Cn12801	NC_026758.1	942867	148067522	157.04	0	499	190.0688379500437	0.8262269696270529	-0.2753899416018673
Cn12802	NC_026745.1	2291499	459954286	200.72	0	1840	221.57197996971394	0.9058907178941844	-0.14259107360198472
Cn12802	NC_026746.1	1621675	392006719	241.73	0	9906	221.57197996971394	1.0909772979103287	0.12562108100803387
Cn12802	NC_026747.1	1575141	316525855	200.95	0	1463	221.57197996971394	0.9069287552851552	-0.14093887206504987
Cn12802	NC_026748.1	1084805	212965040	196.32	0	1394	221.57197996971394	0.8860326112843079	-0.17456829534825233
Cn12802	NC_026749.1	1814975	367336897	202.39	0	1859	221.57197996971394	0.913427771993842	-0.13063744058965115
Cn12802	NC_026750.1	1422463	283339363	199.19	0	796	221.57197996971394	0.8989855126412046	-0.15363022832350143
Cn12802	NC_026751.1	1399503	278458928	198.97	0	1433	221.57197996971394	0.8979926073107107	-0.1552245268029864
Cn12802	NC_026752.1	1398693	273066618	195.23	0	8468	221.57197996971394	0.8811132166923157	-0.18260068792524123
Cn12802	NC_026753.1	1186808	451004472	380.01	0	1426	221.57197996971394	1.7150634301861747	0.7782619342539465
Cn12802	NC_026754.1	1059964	210912472	198.98	0	2112	221.57197996971394	0.8980377393711877	-0.155152020455898
Cn12802	NC_026755.1	1561994	308097449	197.25	0	2028	221.57197996971394	0.8902298929086682	-0.16775014922297407
Cn12802	NC_026756.1	774062	153301543	198.05	0	1505	221.57197996971394	0.8938404577468275	-0.1619107482191753
Cn12802	NC_026757.1	756744	293983988	388.49	0	1993	221.57197996971394	1.7533354174706641	0.8101020136858538
Cn12802	NC_026758.1	942867	184805407	196	0	579	221.57197996971394	0.8845883853490442	-0.17692179512122438
Cn12803	NC_026745.1	2291499	473115604	206.47	0	1600	221.7724653493297	0.9309992549109931	-0.10314808170763855
Cn12803	NC_026746.1	1621675	418316365	257.95	0	12149	221.7724653493297	1.1631290638072875	0.21801119086422596
Cn12803	NC_026747.1	1575141	326792280	207.47	0	1499	221.7724653493297	0.9355083809579297	-0.09617751666204896
Cn12803	NC_026748.1	1084805	220792198	203.53	0	1454	221.7724653493297	0.9177424243329997	-0.1238387944945167
Cn12803	NC_026749.1	1814975	376616859	207.51	0	1225	221.7724653493297	0.9356887459998071	-0.09589939337025521
Cn12803	NC_026750.1	1422463	294395584	206.96	0	807	221.7724653493297	0.9332087266739921	-0.09972829649106896
Cn12803	NC_026751.1	1399503	288172386	205.91	0	1417	221.7724653493297	0.9284741443247087	-0.10706635960431658
Cn12803	NC_026752.1	1398693	282657338	202.09	0	7905	221.7724653493297	0.911249282825411	-0.13408232088222408
Cn12803	NC_026753.1	1186808	464349799	391.26	0	1498	221.7724653493297	1.7642406571244014	0.8190473699423254
Cn12803	NC_026754.1	1059964	218474955	206.12	0	1966	221.7724653493297	0.9294210607945653	-0.10559575802278118
Cn12803	NC_026755.1	1561994	317541453	203.29	0	2032	221.7724653493297	0.9166602340817348	-0.12554100603761484
Cn12803	NC_026756.1	774062	159340993	205.85	0	1625	221.7724653493297	0.9282035967618925	-0.10748680696717844
Cn12803	NC_026757.1	756744	158056478	208.86	0	1688	221.7724653493297	0.9417760661631716	-0.08654403573097134
Cn12803	NC_026758.1	942867	190924153	202.49	0	594	221.7724653493297	0.9130529332441857	-0.13122959358782219
Cn14701	NC_026745.1	2291499	463781420	202.39	0	1140	216.86563638410766	0.9332506678998753	-0.09966345886451616
Cn14701	NC_026746.1	1621675	430496956	265.46	0	13686	216.86563638410766	1.2240759044453822	0.2916930217328711
Cn14701	NC_026747.1	1575141	318511480	202.21	0	1595	216.86563638410766	0.9324206608826218	-0.10094712235681672
Cn14701	NC_026748.1	1084805	216151539	199.25	0	899	216.86563638410766	0.9187716565988941	-0.1222217435208258
Cn14701	NC_026749.1	1814975	370941444	204.38	0	1830	216.86563638410766	0.9424268565906248	-0.08554744226607215
Cn14701	NC_026750.1	1422463	291241766	204.74	0	1193	216.86563638410766	0.9440868706251322	-0.08300847888726985
Cn14701	NC_026751.1	1399503	287324983	205.31	0	1437	216.86563638410766	0.9467152261797689	-0.07899756947146251
Cn14701	NC_026752.1	1398693	280099706	200.26	0	1862	216.86563638410766	0.9234289181957065	-0.11492718220522236
Cn14701	NC_026753.1	1186808	237989545	200.53	0	1549	216.86563638410766	0.9246739287215872	-0.11298338260959075
Cn14701	NC_026754.1	1059964	216974715	204.7	0	1079	216.86563638410766	0.9439024246212979	-0.08329036537524948
Cn14701	NC_026755.1	1561994	316050124	202.34	0	2101	216.86563638410766	0.9330201103950827	-0.10001991750317103
Cn14701	NC_026756.1	774062	316419144	408.78	0	1572	216.86563638410766	1.8849459361831664	0.9145231448631778
Cn14701	NC_026757.1	756744	156449736	206.74	0	2022	216.86563638410766	0.9533091708168401	-0.06898391971520336
Cn14701	NC_026758.1	942867	194418034	206.2	0	2850	216.86563638410766	0.9508191497650789	-0.07275713503055162
Cn14702	NC_026745.1	2291499	394005318	171.94	0	958	184.00086426516313	0.9344521325303002	-0.097807331323439
Cn14702	NC_026746.1	1621675	359244722	221.53	0	10481	184.00086426516313	1.20396173618377	0.26778954168637664
Cn14702	NC_026747.1	1575141	271081060	172.1	0	1199	184.00086426516313	0.9353216936632818	-0.09646544536143549
Cn14702	NC_026748.1	1084805	184411603	170	0	745	184.00086426516313	0.9239087037928989	-0.1141777963765749
Cn14702	NC_026749.1	1814975	315519968	173.84	0	1587	184.00086426516313	0.9447781709844562	-0.08195246310771848
Cn14702	NC_026750.1	1422463	247454467	173.96	0	967	184.00086426516313	0.9454303418341924	-0.08095692882493298
Cn14702	NC_026751.1	1399503	242852908	173.53	0	1237	184.00086426516313	0.9430933962893044	-0.08452744414467496
Cn14702	NC_026752.1	1398693	238153439	170.27	0	1558	184.00086426516313	0.9253760882048053	-0.11188827486253104
Cn14702	NC_026753.1	1186808	202302847	170.46	0	1303	184.00086426516313	0.9264086920502209	-0.11027930537830392
Cn14702	NC_026754.1	1059964	185042604	174.57	0	988	184.00086426516313	0.9487455436536845	-0.0759068908165222
Cn14702	NC_026755.1	1561994	268376403	171.82	0	1816	184.00086426516313	0.933799961680564	-0.09881456550972485
Cn14702	NC_026756.1	774062	268626590	347.03	0	1384	184.00086426516313	1.8860237498661745	0.9153478433504518
Cn14702	NC_026757.1	756744	133468821	176.37	0	1776	184.00086426516313	0.958528106399727	-0.061107359009586006
Cn14702	NC_026758.1	942867	165455089	175.48	0	2467	184.00086426516313	0.953691172597517	-0.06840593126977078
Cn14703	NC_026745.1	2291499	468940850	204.64	0	1207	211.51830866372495	0.9674812610445925	-0.04769437663791132
Cn14703	NC_026746.1	1621675	454155210	280.05	0	16603	211.51830866372495	1.3239988621752257	0.4049018823151725
Cn14703	NC_026747.1	1575141	322231261	204.57	0	1694	211.51830866372495	0.9671503204255879	-0.048187955259388064
Cn14703	NC_026748.1	1084805	217262854	200.28	0	881	211.51830866372495	0.9468683882037285	-0.07876418543579326
Cn14703	NC_026749.1	1814975	373720926	205.91	0	1942	211.51830866372495	0.9734854694179635	-0.038768649948054734
Cn14703	NC_026750.1	1422463	293547217	206.37	0	1311	211.51830866372495	0.9756602220571373	-0.035549284496442304
Cn14703	NC_026751.1	1399503	288290072	205.99	0	1633	211.51830866372495	0.9738636872682547	-0.03820824400135713
Cn14703	NC_026752.1	1398693	282336759	201.86	0	1983	211.51830866372495	0.9543381907469776	-0.06742748730103117
Cn14703	NC_026753.1	1186808	240036790	202.25	0	1534	211.51830866372495	0.9561820027671465	-0.06464284331484592
Cn14703	NC_026754.1	1059964	219222279	206.82	0	1136	211.51830866372495	0.9777876974650246	-0.03240684143112266
Cn14703	NC_026755.1	1561994	318200867	203.71	0	2095	211.51830866372495	0.9630844785349588	-0.05426574290587567
Cn14703	NC_026756.1	774062	165248839	213.48	0	1869	211.51830866372495	1.0092743335017573	0.013318370468767743
Cn14703	NC_026757.1	756744	158189821	209.04	0	2123	211.51830866372495	0.9882832428106022	-0.01700351619952745
Cn14703	NC_026758.1	942867	194449447	206.23	0	2938	211.51830866372495	0.9749983408191278	-0.036528331095937505
Cn15001	NC_026745.1	2291499	697617059	304.44	0	2401	202.09056548202116	1.5064533036159191	0.5911559535922751
Cn15001	NC_026746.1	1621675	369240143	227.69	0	14926	202.09056548202116	1.1266730807394187	0.17206895897382832
Cn15001	NC_026747.1	1575141	253393463	160.87	0	1349	202.09056548202116	0.7960292437021841	-0.3291066629009168
Cn15001	NC_026748.1	1084805	323940894	298.62	0	1375	202.09056548202116	1.4776543342720594	0.5633088212053553
Cn15001	NC_026749.1	1814975	277207028	152.73	0	2500	202.09056548202116	0.7557502728329368	-0.4040185002078447
Cn15001	NC_026750.1	1422463	434995388	305.8	0	1146	202.09056548202116	1.5131829596825255	0.5975864350553468
Cn15001	NC_026751.1	1399503	227957034	162.88	0	1834	202.09056548202116	0.8059752795065067	-0.31119250511712493
Cn15001	NC_026752.1	1398693	219826737	157.17	0	1581	202.09056548202116	0.777720620579799	-0.3626761038026046
Cn15001	NC_026753.1	1186808	191964637	161.75	0	1962	202.09056548202116	0.8003837270393999	-0.32123625942558814
Cn15001	NC_026754.1	1059964	174247126	164.39	0	1637	202.09056548202116	0.8134471770510475	-0.2978794304656398
Cn15001	NC_026755.1	1561994	249704951	159.86	0	2580	202.09056548202116	0.7910314844174249	-0.33819297729558223
Cn15001	NC_026756.1	774062	125197645	161.74	0	1748	202.09056548202116	0.8003342442742043	-0.3213254550756142
Cn15001	NC_026757.1	756744	122009140	161.23	0	2238	202.09056548202116	0.7978106232492268	-0.3258817611251844
Cn15001	NC_026758.1	942867	150430631	159.55	0	770	202.09056548202116	0.7894975186963602	-0.34099336302614586
Cn15002	NC_026745.1	2291499	422693608	184.46	0	2023	185.55281077272357	0.9941105135073265	-0.008521852328712285
Cn15002	NC_026746.1	1621675	412546380	254.4	0	16865	185.55281077272357	1.3710382448024712	0.4552688153310721
Cn15002	NC_026747.1	1575141	283062496	179.71	0	1346	185.55281077272357	0.968511332442815	-0.04615916514670167
Cn15002	NC_026748.1	1084805	191906379	176.9	0	1469	185.55281077272357	0.9533673958551775	-0.06889580726282483
Cn15002	NC_026749.1	1814975	310780950	171.23	0	2617	185.55281077272357	0.9228100576160657	-0.11589436698940887
Cn15002	NC_026750.1	1422463	258323265	181.6	0	906	185.55281077272357	0.9786971118558521	-0.031065652662368267
Cn15002	NC_026751.1	1399503	253122631	180.87	0	1986	185.55281077272357	0.9747629219238324	-0.036876720081722325
Cn15002	NC_026752.1	1398693	243827294	174.33	0	1553	185.55281077272357	0.9395168915739577	-0.0900089947950793
Cn15002	NC_026753.1	1186808	214663139	180.87	0	2274	185.55281077272357	0.9747629219238324	-0.036876720081722325
Cn15002	NC_026754.1	1059964	193935449	182.96	0	1567	185.55281077272357	0.9860265615922176	-0.020301584428972886
Cn15002	NC_026755.1	1561994	277968013	177.96	0	2515	185.55281077272357	0.9590800552085211	-0.06027685166485888
Cn15002	NC_026756.1	774062	139008700	179.58	0	1596	185.55281077272357	0.9678107232768388	-0.047203170621388374
Cn15002	NC_026757.1	756744	135630162	179.23	0	2025	185.55281077272357	0.96592446782998	-0.05001771550286752
Cn15002	NC_026758.1	942867	167845494	178.02	0	642	185.55281077272357	0.9594034132851256	-0.05979052263922227
Cn15003	NC_026745.1	2291499	482097306	210.39	0	2395	210.7956419163152	0.998075662700483	-0.002778906514106837
Cn15003	NC_026746.1	1621675	463293937	285.69	0	18775	210.7956419163152	1.3552936740192072	0.43860549818041206
Cn15003	NC_026747.1	1575141	322905483	205	0	1515	210.7956419163152	0.9725058741080803	-0.04022113062811818
Cn15003	NC_026748.1	1084805	217623410	200.61	0	1601	210.7956419163152	0.9516800166088878	-0.07145151720622411
Cn15003	NC_026749.1	1814975	354245161	195.18	0	3038	210.7956419163152	0.9259204707727567	-0.11103981214600074
Cn15003	NC_026750.1	1422463	294478591	207.02	0	1090	210.7956419163152	0.9820886149163649	-0.026074888542454776
Cn15003	NC_026751.1	1399503	287760749	205.62	0	2422	210.7956419163152	0.9754471113858706	-0.03586444266795832
Cn15003	NC_026752.1	1398693	277415162	198.34	0	1612	210.7956419163152	0.9409112930273007	-0.08786937952346646
Cn15003	NC_026753.1	1186808	243557218	205.22	0	2354	210.7956419163152	0.9735495389485865	-0.03867370271419603
Cn15003	NC_026754.1	1059964	220019974	207.57	0	1763	210.7956419163152	0.9846977770176304	-0.02224709367054629
Cn15003	NC_026755.1	1561994	315832774	202.2	0	2886	210.7956419163152	0.9592228670470918	-0.060062043117912065
Cn15003	NC_026756.1	774062	157889384	203.98	0	1785	210.7956419163152	0.9676670643930059	-0.047417335786172375
Cn15003	NC_026757.1	756744	153975886	203.47	0	2238	210.7956419163152	0.9652476595354688	-0.05102894386129744
Cn15003	NC_026758.1	942867	191086120	202.66	0	705	210.7956419163152	0.9614050753499686	-0.05678367526540948
Cn16001	NC_026745.1	2291499	529242976	230.96	0	3741	142.54413583091338	1.6202700914611177	0.6962343236855277
Cn16001	NC_026746.1	1621675	277260738	170.97	0	10843	142.54413583091338	1.199417983794195	0.2623345095122931
Cn16001	NC_026747.1	1575141	190928933	121.21	0	2969	142.54413583091338	0.8503331216920769	-0.23389996085622666
Cn16001	NC_026748.1	1084805	130154539	119.98	0	2296	142.54413583091338	0.8417042153338453	-0.24861475238035008
Cn16001	NC_026749.1	1814975	220527889	121.5	0	8088	142.54413583091338	0.8523675792887331	-0.23045237516994857
Cn16001	NC_026750.1	1422463	174929053	122.98	0	1001	142.54413583091338	0.8627503284027029	-0.21298497706996664
Cn16001	NC_026751.1	1399503	172271313	123.09	0	2850	142.54413583091338	0.8635220192152276	-0.21169512893676293
Cn16001	NC_026752.1	1398693	168135333	120.21	0	11856	142.54413583091338	0.8433177506691243	-0.24585177339850006
Cn16001	NC_026753.1	1186808	141946471	119.6	0	3104	142.54413583091338	0.8390383743451233	-0.25319129946498675
Cn16001	NC_026754.1	1059964	119714350	112.94	0	1730	142.54413583091338	0.7923160033322594	-0.3358521525691647
Cn16001	NC_026755.1	1561994	183827258	117.69	0	5290	142.54413583091338	0.825639015691284	-0.27641694775220244
Cn16001	NC_026756.1	774062	88338445	114.12	0	3119	142.54413583091338	0.8005941411393435	-0.3208570369687344
Cn16001	NC_026757.1	756744	85160808	112.54	0	9931	142.54413583091338	0.7895098549230785	-0.3409708204928969
Cn16001	NC_026758.1	942867	210390675	223.14	0	2466	142.54413583091338	1.5654098900616287	0.6465404647826896
Cn16002	NC_026745.1	2291499	323068038	140.99	0	3250	141.72449558902923	0.9948174407961267	-0.007496294279148925
Cn16002	NC_026746.1	1621675	311977197	192.38	0	11729	141.72449558902923	1.357422365134824	0.4408696885358419
Cn16002	NC_026747.1	1575141	217726710	138.23	0	3039	141.72449558902923	0.9753430373873933	-0.03601837725874514
Cn16002	NC_026748.1	1084805	148448117	136.84	0	1770	141.72449558902923	0.9655352762503864	-0.050599125259043476
Cn16002	NC_026749.1	1814975	252131830	138.92	0	6110	141.72449558902923	0.9802116382395766	-0.028834818644851677
Cn16002	NC_026750.1	1422463	199528807	140.27	0	1027	141.72449558902923	0.9897371616460223	-0.014882646397834222
Cn16002	NC_026751.1	1399503	196477539	140.39	0	2410	141.72449558902923	0.9905838748377063	-0.013648958551641293
Cn16002	NC_026752.1	1398693	191226404	136.72	0	6872	141.72449558902923	0.9646885630587023	-0.05186483235080391
Cn16002	NC_026753.1	1186808	162876832	137.24	0	3125	141.72449558902923	0.9683576535559999	-0.04638810346928867
Cn16002	NC_026754.1	1059964	137067291	129.31	0	1840	141.72449558902923	0.9124040234722118	-0.13225528630109035
Cn16002	NC_026755.1	1561994	209966318	134.42	0	3195	141.72449558902923	0.9484598935514245	-0.07634132557091663
Cn16002	NC_026756.1	774062	100913095	130.37	0	2894	141.72449558902923	0.9198833233320877	-0.12047721146230637
Cn16002	NC_026757.1	756744	97954875	129.44	0	6062	141.72449558902923	0.9133212960965361	-0.13080562159696582
Cn16002	NC_026758.1	942867	127981746	135.74	0	2931	141.72449558902923	0.9577737386599492	-0.06224321624022812
Cn16003	NC_026745.1	2291499	321824439	140.44	0	3343	141.80999945318436	0.9903391900538252	-0.014005363636056664
Cn16003	NC_026746.1	1621675	314881068	194.17	0	12129	141.80999945318436	1.3692264350096215	0.45336105116264636
Cn16003	NC_026747.1	1575141	217218414	137.9	0	3121	141.80999945318436	0.9724279002308638	-0.040336808115468796
Cn16003	NC_026748.1	1084805	148571478	136.96	0	1770	141.80999945318436	0.9657993126585867	-0.05020465811566463
Cn16003	NC_026749.1	1814975	251841537	138.76	0	6143	141.80999945318436	0.9784923526906065	-0.03136751923042943
Cn16003	NC_026750.1	1422463	199563043	140.29	0	1053	141.80999945318436	0.9892814367178235	-0.015547088971630067
Cn16003	NC_026751.1	1399503	196040918	140.08	0	2318	141.80999945318436	0.9878005820474214	-0.017708276083253628
Cn16003	NC_026752.1	1398693	191227532	136.72	0	8613	141.80999945318436	0.9641069073209839	-0.05273496284067232
Cn16003	NC_026753.1	1186808	162978547	137.33	0	3145	141.80999945318436	0.9684084375540575	-0.04631244557491798
Cn16003	NC_026754.1	1059964	136702382	128.97	0	1890	141.80999945318436	0.9094563182942312	-0.13692374881235367
Cn16003	NC_026755.1	1561994	209850993	134.35	0	3958	141.80999945318436	0.9473944046121576	-0.07796294361628324
Cn16003	NC_026756.1	774062	100539243	129.89	0	2865	141.80999945318436	0.9159438720883747	-0.126668900430585
Cn16003	NC_026757.1	756744	97340416	128.63	0	7299	141.80999945318436	0.9070587440659608	-0.1407321074982295
Cn16003	NC_026758.1	942867	130380059	138.28	0	3000	141.80999945318436	0.9751075420154013	-0.036366756254412984
Cn16201	NC_026745.1	2291499	708380495	309.13	0	2479	178.92205261996952	1.7277356003543742	0.7888824552079571
Cn16201	NC_026746.1	1621675	313984949	193.62	0	8132	178.92205261996952	1.0821472097195806	0.113896769299942
Cn16201	NC_026747.1	1575141	247878164	157.37	0	1597	178.92205261996952	0.8795450180434378	-0.1851706733630879
Cn16201	NC_026748.1	1084805	170249291	156.94	0	1198	178.92205261996952	0.8771417368732103	-0.1891181090451254
Cn16201	NC_026749.1	1814975	287257034	158.27	0	834	178.92205261996952	0.8845751414229833	-0.17694339509902304
Cn16201	NC_026750.1	1422463	225340312	158.42	0	722	178.92205261996952	0.8854134953195741	-0.17557673197536083
Cn16201	NC_026751.1	1399503	221795313	158.48	0	1066	178.92205261996952	0.8857488368782106	-0.17503042901866978
Cn16201	NC_026752.1	1398693	217154831	155.26	0	8814	178.92205261996952	0.8677521732313918	-0.2046450216888423
Cn16201	NC_026753.1	1186808	185415318	156.23	0	1307	178.92205261996952	0.8731735284293465	-0.19565970136878244
Cn16201	NC_026754.1	1059964	168437569	158.91	0	1180	178.92205261996952	0.888152118048438	-0.17112129988961433
Cn16201	NC_026755.1	1561994	244638839	156.62	0	1404	178.92205261996952	0.875353248560483	-0.19206276125432376
Cn16201	NC_026756.1	774062	122402247	158.13	0	1140	178.92205261996952	0.8837926777861651	-0.17822011645746771
Cn16201	NC_026757.1	756744	120313446	158.99	0	1658	178.92205261996952	0.8885992401266198	-0.1703951872396773
Cn16201	NC_026758.1	942867	146803220	155.7	0	528	178.92205261996952	0.8702113446613918	-0.200562269941757
Cn16202	NC_026745.1	2291499	440619086	192.28	0	1535	193.27538144361768	0.994849931552674	-0.007449176601087609
Cn16202	NC_026746.1	1621675	385986965	238.02	0	10815	193.27538144361768	1.231507076701516	0.3004249181274537
Cn16202	NC_026747.1	1575141	297959117	189.16	0	1693	193.27538144361768	0.9787071617043053	-0.03105083828117875
Cn16202	NC_026748.1	1084805	203717753	187.79	0	1121	193.27538144361768	0.9716188300721689	-0.041537645065400475
Cn16202	NC_026749.1	1814975	344072932	189.57	0	739	193.27538144361768	0.9808284872292511	-0.02792721354674729
Cn16202	NC_026750.1	1422463	270064695	189.86	0	635	193.27538144361768	0.9823289369907983	-0.025721896922730917
Cn16202	NC_026751.1	1399503	265534937	189.74	0	1028	193.27538144361768	0.9817080612273995	-0.026634032911527508
Cn16202	NC_026752.1	1398693	259878238	185.8	0	4246	193.27538144361768	0.9613226403291389	-0.0569073834689679
Cn16202	NC_026753.1	1186808	222071585	187.12	0	1082	193.27538144361768	0.9681522737265257	-0.046694118386555634
Cn16202	NC_026754.1	1059964	201223492	189.84	0	1243	193.27538144361768	0.9822254576968984	-0.025873879545035276
Cn16202	NC_026755.1	1561994	292822999	187.47	0	1490	193.27538144361768	0.9699631613697721	-0.04399813925602413
Cn16202	NC_026756.1	774062	146707860	189.53	0	1180	193.27538144361768	0.9806215286414516	-0.02823165987673773
Cn16202	NC_026757.1	756744	144008880	190.3	0	1797	193.27538144361768	0.9846054814565939	-0.022382323577598905
Cn16202	NC_026758.1	942867	176533994	187.23	0	578	193.27538144361768	0.9687214098429745	-0.0458462676636213
Cn16203	NC_026745.1	2291499	441977301	192.88	0	1586	194.0267081597229	0.9940899468397983	-0.008551699851478014
Cn16203	NC_026746.1	1621675	392758720	242.19	0	11728	194.0267081597229	1.2482302168453483	0.3198840416287257
Cn16203	NC_026747.1	1575141	298533328	189.53	0	1732	194.0267081597229	0.9768242825826783	-0.03382903059175867
Cn16203	NC_026748.1	1084805	203525095	187.61	0	1177	194.0267081597229	0.9669287376950155	-0.0485185273801086
Cn16203	NC_026749.1	1814975	345686743	190.46	0	722	194.0267081597229	0.98161743713764	-0.026767218086459304
Cn16203	NC_026750.1	1422463	271062026	190.56	0	700	194.0267081597229	0.9821328301005391	-0.026009937589890137
Cn16203	NC_026751.1	1399503	266222147	190.23	0	1071	194.0267081597229	0.980432033322972	-0.02851047322727076
Cn16203	NC_026752.1	1398693	260658560	186.36	0	8076	194.0267081597229	0.9604863256587767	-0.05816302034554659
Cn16203	NC_026753.1	1186808	222227706	187.25	0	1235	194.0267081597229	0.9650733230285786	-0.05128953722052837
Cn16203	NC_026754.1	1059964	202251257	190.81	0	1302	194.0267081597229	0.9834213125077869	-0.024118473594896665
Cn16203	NC_026755.1	1561994	293639975	187.99	0	1522	194.0267081597229	0.9688872309540321	-0.04559933514056744
Cn16203	NC_026756.1	774062	146448413	189.19	0	1236	194.0267081597229	0.9750719465088213	-0.03641942162304054
Cn16203	NC_026757.1	756744	143721614	189.92	0	1730	194.0267081597229	0.9788343151379847	-0.03086341581209758
Cn16203	NC_026758.1	942867	176683106	187.39	0	594	194.0267081597229	0.9657948731766374	-0.05021128975562226
Cn16901	NC_026745.1	2291499	464537126	202.72	0	1738	204.7323087536081	0.9901710249551776	-0.01425036207394801
Cn16901	NC_026746.1	1621675	402470388	248.18	0	10677	204.7323087536081	1.212217072678453	0.2776480664967308
Cn16901	NC_026747.1	1575141	315820882	200.5	0	1308	204.7323087536081	0.979327597195704	-0.030136554985112536
Cn16901	NC_026748.1	1084805	223593046	206.11	0	1775	204.7323087536081	1.006729232209509	0.009675711273100403
Cn16901	NC_026749.1	1814975	363939392	200.52	0	914	204.7323087536081	0.9794252857340776	-0.029992652432413367
Cn16901	NC_026750.1	1422463	285349917	200.6	0	1052	204.7323087536081	0.979816039887572	-0.029417185715214643
Cn16901	NC_026751.1	1399503	280394173	200.35	0	1150	204.7323087536081	0.9785949331579017	-0.031216281896597208
Cn16901	NC_026752.1	1398693	274613243	196.34	0	5900	204.7323087536081	0.9590083812139876	-0.060384671215364345
Cn16901	NC_026753.1	1186808	237381476	200.02	0	1236	204.7323087536081	0.9769830722747367	-0.03359452937421357
Cn16901	NC_026754.1	1059964	211556646	199.59	0	1445	204.7323087536081	0.9748827686997035	-0.03669935211146491
Cn16901	NC_026755.1	1561994	311970297	199.73	0	2071	204.7323087536081	0.9755665884683189	-0.035687745810753874
Cn16901	NC_026756.1	774062	154030163	198.99	0	1408	204.7323087536081	0.9719521125484945	-0.04104285995621923
Cn16901	NC_026757.1	756744	155047910	204.89	0	2042	204.7323087536081	1.000770231368717	0.0011107812515969684
Cn16901	NC_026758.1	942867	186932899	198.26	0	606	204.7323087536081	0.9683864808978566	-0.04634515606864662
Cn16902	NC_026745.1	2291499	455866641	198.94	0	1679	201.5903030052152	0.9868530233562542	-0.019092861537517377
Cn16902	NC_026746.1	1621675	391042667	241.14	0	9672	201.5903030052152	1.1961884892536803	0.25844473994199957
Cn16902	NC_026747.1	1575141	313040035	198.74	0	1364	201.5903030052152	0.9858609121434703	-0.0205439731473749
Cn16902	NC_026748.1	1084805	213553524	196.86	0	1681	201.5903030052152	0.9765350667433006	-0.034256243598325735
Cn16902	NC_026749.1	1814975	361816865	199.35	0	872	201.5903030052152	0.9888868513424615	-0.016122637953208806
Cn16902	NC_026750.1	1422463	282324982	198.48	0	986	201.5903030052152	0.984571167566851	-0.022432602945470927
Cn16902	NC_026751.1	1399503	278543340	199.03	0	1180	201.5903030052152	0.9872994734020071	-0.018440337197021768
Cn16902	NC_026752.1	1398693	271533351	194.13	0	5254	201.5903030052152	0.9629927486887988	-0.05440316023513548
Cn16902	NC_026753.1	1186808	233161335	196.46	0	1243	201.5903030052152	0.9745508443177325	-0.037190639079381686
Cn16902	NC_026754.1	1059964	208630409	196.83	0	1337	201.5903030052152	0.976386250061383	-0.03447611634749607
Cn16902	NC_026755.1	1561994	307473662	196.85	0	1868	201.5903030052152	0.9764854611826613	-0.03432953079149843
Cn16902	NC_026756.1	774062	153151205	197.85	0	1404	201.5903030052152	0.9814460172465814	-0.027019177977838534
Cn16902	NC_026757.1	756744	153526908	202.88	0	2077	201.5903030052152	1.0063976142480993	0.009200407301505478
Cn16902	NC_026758.1	942867	184616397	195.8	0	584	201.5903030052152	0.9712768773155454	-0.04204547834684438
Cn16903	NC_026745.1	2291499	434311158	189.53	0	1706	192.79525464590827	0.9830636150671587	-0.024643317006801942
Cn16903	NC_026746.1	1621675	383678991	236.59	0	10754	192.79525464590827	1.2271567598202875	0.2953195539477143
Cn16903	NC_026747.1	1575141	298113157	189.26	0	1325	192.79525464590827	0.9816631656603727	-0.026700011887924577
Cn16903	NC_026748.1	1084805	203100087	187.22	0	1626	192.79525464590827	0.971081992364657	-0.04233498154578754
Cn16903	NC_026749.1	1814975	344915960	190.04	0	853	192.79525464590827	0.9857089083910875	-0.020766430458203682
Cn16903	NC_026750.1	1422463	269881295	189.73	0	1018	192.79525464590827	0.9841009849981112	-0.023121727411672344
Cn16903	NC_026751.1	1399503	264410694	188.93	0	1054	192.79525464590827	0.9799515052743011	-0.029217738344591702
Cn16903	NC_026752.1	1398693	259451520	185.5	0	5731	192.79525464590827	0.9621606109584653	-0.055650355473519465
Cn16903	NC_026753.1	1186808	222697438	187.64	0	1224	192.79525464590827	0.9732604692196573	-0.039102136373066185
Cn16903	NC_026754.1	1059964	199532814	188.24	0	1413	192.79525464590827	0.976372579012515	-0.03449631664474977
Cn16903	NC_026755.1	1561994	294252987	188.38	0	1836	192.79525464590827	0.9770987379641816	-0.033423737838379555
Cn16903	NC_026756.1	774062	145730965	188.27	0	1376	192.79525464590827	0.9765281845021578	-0.03426641119034875
Cn16903	NC_026757.1	756744	145719286	192.56	0	1978	192.79525464590827	0.9987797695210894	-0.0017614953945505232
Cn16903	NC_026758.1	942867	176336013	187.02	0	540	192.79525464590827	0.9700446224337045	-0.04387698152252327
Cn17401	NC_026745.1	2291499	641386061	279.9	0	1692	181.34406826503758	1.5434748027761303	0.6261819311508725
Cn17401	NC_026746.1	1621675	311924403	192.35	0	10154	181.34406826503758	1.0606908835798095	0.0850042738745726
Cn17401	NC_026747.1	1575141	231609569	147.04	0	1343	181.34406826503758	0.8108343515548488	-0.30252088402037025
Cn17401	NC_026748.1	1084805	300391529	276.91	0	1018	181.34406826503758	1.5269868082770215	0.6106875986668343
Cn17401	NC_026749.1	1814975	264613363	145.79	0	2271	181.34406826503758	0.8039413772659236	-0.3148377897657699
Cn17401	NC_026750.1	1422463	209299364	147.14	0	696	181.34406826503758	0.8113857894979628	-0.3015400592896223
Cn17401	NC_026751.1	1399503	205685640	146.97	0	1524	181.34406826503758	0.8104483449946691	-0.3032078583053973
Cn17401	NC_026752.1	1398693	201917962	144.36	0	11514	181.34406826503758	0.7960558146793933	-0.3290585074121719
Cn17401	NC_026753.1	1186808	178489397	150.39	0	2810	181.34406826503758	0.8293075226491684	-0.2700209158059044
Cn17401	NC_026754.1	1059964	161676446	152.53	0	2941	181.34406826503758	0.8411082946318084	-0.24963653213589368
Cn17401	NC_026755.1	1561994	230391951	147.5	0	1976	181.34406826503758	0.8133709660931734	-0.2980146012854763
Cn17401	NC_026756.1	774062	113056398	146.06	0	1652	181.34406826503758	0.8054302597123316	-0.31216842007470574
Cn17401	NC_026757.1	756744	110789121	146.4	0	1396	181.34406826503758	0.8073051487189192	-0.3088140021379998
Cn17401	NC_026758.1	942867	264574589	280.61	0	792	181.34406826503758	1.54739001217224	0.6298368669303649
Cn17402	NC_026745.1	2291499	439235439	191.68	0	1114	196.1295376104622	0.9773132712967512	-0.03310701221985075
Cn17402	NC_026746.1	1621675	402554912	248.23	0	12945	196.1295376104622	1.2656431204820144	0.3398706584045435
Cn17402	NC_026747.1	1575141	301771011	191.58	0	1579	196.1295376104622	0.9768034041894387	-0.033859866717386514
Cn17402	NC_026748.1	1084805	204335575	188.36	0	1178	196.1295376104622	0.9603856833339737	-0.058314197709108485
Cn17402	NC_026749.1	1814975	345893987	190.58	0	2062	196.1295376104622	0.9717047331163129	-0.04141009873373224
Cn17402	NC_026750.1	1422463	272914933	191.86	0	669	196.1295376104622	0.9782310320899139	-0.03175286336223172
Cn17402	NC_026751.1	1399503	267537947	191.17	0	1128	196.1295376104622	0.9747129490494569	-0.0369506841857461
Cn17402	NC_026752.1	1398693	262755672	187.86	0	8318	196.1295376104622	0.9578363477974108	-0.06214891114881009
Cn17402	NC_026753.1	1186808	230184336	193.95	0	2846	196.1295376104622	0.9888872546327466	-0.016122049589863678
Cn17402	NC_026754.1	1059964	211319786	199.37	0	4063	196.1295376104622	1.0165220518490885	0.02364151252474233
Cn17402	NC_026755.1	1561994	298334578	191	0	2047	196.1295376104622	0.9738461749670256	-0.03823418719816302
Cn17402	NC_026756.1	774062	146104419	188.75	0	1308	196.1295376104622	0.9623741650524926	-0.05533018102147043
Cn17402	NC_026757.1	756744	144541340	191	0	1519	196.1295376104622	0.9738461749670256	-0.03823418719816302
Cn17402	NC_026758.1	942867	177637013	188.4	0	538	196.1295376104622	0.9605896301768986	-0.058007860508490876
Cn17403	NC_026745.1	2291499	440505719	192.23	0	1155	196.8439572344637	0.9765603308362271	-0.034218919889893694
Cn17403	NC_026746.1	1621675	409252209	252.36	0	13584	196.8439572344637	1.282030718877544	0.35843083094365574
Cn17403	NC_026747.1	1575141	303387603	192.61	0	1581	196.8439572344637	0.9784907939570604	-0.031369817438424645
Cn17403	NC_026748.1	1084805	205164604	189.13	0	1242	196.8439572344637	0.9608118159031142	-0.05767420171225101
Cn17403	NC_026749.1	1814975	347112504	191.25	0	2270	196.8439572344637	0.9715817680509204	-0.041592677154540986
Cn17403	NC_026750.1	1422463	273541309	192.3	0	692	196.8439572344637	0.9769159424637491	-0.033693662282020094
Cn17403	NC_026751.1	1399503	267787844	191.34	0	1100	196.8439572344637	0.9720389830005914	-0.040913921535862804
Cn17403	NC_026752.1	1398693	262992595	188.03	0	8805	196.8439572344637	0.9552236331849128	-0.06608956412960615
Cn17403	NC_026753.1	1186808	230398413	194.13	0	2998	196.8439572344637	0.9862126464403931	-0.020029341906513523
Cn17403	NC_026754.1	1059964	209582275	197.73	0	2892	196.8439572344637	1.0045012444272339	0.006479351356308882
Cn17403	NC_026755.1	1561994	298929159	191.38	0	2164	196.8439572344637	0.9722421896448896	-0.0406123548456158
Cn17403	NC_026756.1	774062	146683557	189.5	0	1350	196.8439572344637	0.9626914773628727	-0.0548545765634635
Cn17403	NC_026757.1	756744	144789715	191.33	0	1612	196.8439572344637	0.9719881813395169	-0.04098932305890962
Cn17403	NC_026758.1	942867	178489681	189.31	0	568	196.8439572344637	0.9617262458024562	-0.05630180383177897
Cn19601	NC_026745.1	2291499	407167894	177.69	0	1297	180.83879805790986	0.9825878180361411	-0.02534174198588499
Cn19601	NC_026746.1	1621675	354382407	218.53	0	9519	180.83879805790986	1.2084243113030442	0.27312711387521976
Cn19601	NC_026747.1	1575141	285772502	181.43	0	2249	180.83879805790986	1.0032692207006422	0.004708795633357353
Cn19601	NC_026748.1	1084805	191924791	176.92	0	1331	180.83879805790986	0.9783298821934497	-0.03160708660338639
Cn19601	NC_026749.1	1814975	321596349	177.19	0	843	180.83879805790986	0.9798229246317961	-0.029407048555738113
Cn19601	NC_026750.1	1422463	253425126	178.16	0	656	180.83879805790986	0.9851868178362254	-0.021530770714250178
Cn19601	NC_026751.1	1399503	248664297	177.68	0	981	180.83879805790986	0.9825325201680543	-0.025422935955059057
Cn19601	NC_026752.1	1398693	242396698	173.3	0	5882	180.83879805790986	0.9583120539459917	-0.06143257945450767
Cn19601	NC_026753.1	1186808	208083452	175.33	0	1040	180.83879805790986	0.9695375211676326	-0.04463136307926568
Cn19601	NC_026754.1	1059964	190272110	179.51	0	1478	180.83879805790986	0.992652030027957	-0.010640019160203155
Cn19601	NC_026755.1	1561994	274516174	175.75	0	1569	180.83879805790986	0.9718600316272824	-0.04117954465477976
Cn19601	NC_026756.1	774062	137732026	177.93	0	1161	180.83879805790986	0.9839149668702268	-0.02339445633051937
Cn19601	NC_026757.1	756744	136911750	180.92	0	2223	180.83879805790986	1.00044902942821	6.476671293712517e-4
Cn19601	NC_026758.1	942867	163415060	173.32	0	565	180.83879805790986	0.9584226496821654	-0.06126609223017113
Cn19602	NC_026745.1	2291499	446067133	194.66	0	1319	198.10373913389165	0.9826164859434372	-0.025299650639343706
Cn19602	NC_026746.1	1621675	390369687	240.72	0	10734	198.10373913389165	1.2151209313485267	0.2810999009708573
Cn19602	NC_026747.1	1575141	314307851	199.54	0	2405	198.10373913389165	1.0072500442060692	0.010421868803339918
Cn19602	NC_026748.1	1084805	209103248	192.76	0	1481	198.10373913389165	0.9730255513739697	-0.03945040462249046
Cn19602	NC_026749.1	1814975	352827213	194.4	0	855	198.10373913389165	0.9813040422655102	-0.027227891869336242
Cn19602	NC_026750.1	1422463	277728915	195.25	0	740	198.10373913389165	0.9855947235202719	-0.02093356244577551
Cn19602	NC_026751.1	1399503	271529911	194.02	0	1050	198.10373913389165	0.9793858553516167	-0.030050734619155327
Cn19602	NC_026752.1	1398693	265832325	190.06	0	5366	198.10373913389165	0.9593963285647266	-0.05980117626895012
Cn19602	NC_026753.1	1186808	228175484	192.26	0	1066	198.10373913389165	0.9705016212241099	-0.0431974719226326
Cn19602	NC_026754.1	1059964	208112542	196.34	0	1565	198.10373913389165	0.9910968912469663	-0.012901990363086369
Cn19602	NC_026755.1	1561994	300765952	192.55	0	1744	198.10373913389165	0.9719655007110287	-0.04102298767813156
Cn19602	NC_026756.1	774062	149700959	193.4	0	1258	198.10373913389165	0.9762561819657904	-0.03466831599827597
Cn19602	NC_026757.1	756744	149455433	197.5	0	2450	198.10373913389165	0.9969524091946412	-0.004403457523289533
Cn19602	NC_026758.1	942867	178439317	189.25	0	599	198.10373913389165	0.9553075617219536	-0.06596281060202323
Cn19603	NC_026745.1	2291499	462754897	201.94	0	1430	205.26096260834348	0.9838207783587171	-0.023532569691418686
Cn19603	NC_026746.1	1621675	401167763	247.38	0	10639	205.26096260834348	1.2051975049538448	0.2692695913254312
Cn19603	NC_026747.1	1575141	326379028	207.21	0	2444	205.26096260834348	1.0094954119228967	0.013634353749003883
Cn19603	NC_026748.1	1084805	216528199	199.6	0	1417	205.26096260834348	0.9724206564345842	-0.04034755505916681
Cn19603	NC_026749.1	1814975	364505950	200.83	0	943	205.26096260834348	0.97841302821521825	-0.031484480457521044
Cn19603	NC_026750.1	1422463	288171522	202.59	0	790	205.26096260834348	0.9869874788931985	-0.01889631238732161
Cn19603	NC_026751.1	1399503	282310233	201.72	0	1077	205.26096260834348	0.9827489720239695	-0.025105145326466224
Cn19603	NC_026752.1	1398693	275632880	197.06	0	5259	205.26096260834348	0.9600461651152262	-0.058824313447896265
Cn19603	NC_026753.1	1186808	236706166	199.45	0	1122	205.26096260834348	0.9716898793881653	-0.04143215230926421
Cn19603	NC_026754.1	1059964	216054400	203.83	0	1620	205.26096260834348	0.9930285691435937	-0.010092870619226597
Cn19603	NC_026755.1	1561994	312306950	199.94	0	1791	205.26096260834348	0.9740770844064667	-0.037892149180871124
Cn19603	NC_026756.1	774062	154741606	199.91	0	1241	205.26096260834348	0.9739309289971829	-0.03810863461945
Cn19603	NC_026757.1	756744	155423528	205.38	0	2649	205.26096260834348	1.0005799319565876	8.364224472041562e-4
Cn19603	NC_026758.1	942867	184941338	196.15	0	570	205.26096260834348	0.9556127843669524	-0.06550194031933176
Cn19701	NC_026745.1	2291499	551683349	240.75	0	1345	195.6351286019893	1.230607211089348	0.2993703515540136
Cn19701	NC_026746.1	1621675	355109886	218.98	0	7699	195.6351286019893	1.1193286275569905	0.16263366432347343
Cn19701	NC_026747.1	1575141	300204281	190.59	0	2303	195.6351286019893	0.974211540442446	-0.037693021542225806
Cn19701	NC_026748.1	1084805	200652665	184.97	0	1486	195.6351286019893	0.9454845932926136	-0.0808741452913189
Cn19701	NC_026749.1	1814975	338371227	186.43	0	1007	195.6351286019893	0.9529474656838511	-0.0695314117977466
Cn19701	NC_026750.1	1422463	265113150	186.38	0	756	195.6351286019893	0.9526918878622334	-0.06991839043285278
Cn19701	NC_026751.1	1399503	259714075	185.58	0	1119	195.6351286019893	0.9486026427163499	-0.07612420725374952
Cn19701	NC_026752.1	1398693	254453521	181.92	0	6937	195.6351286019893	0.9298943461739323	-0.10486128717192249
Cn19701	NC_026753.1	1186808	223708958	188.5	0	1315	195.6351286019893	0.963528387498825	-0.05360092302078138
Cn19701	NC_026754.1	1059964	198738757	187.5	0	1569	195.6351286019893	0.9584168310664705	-0.061274850906202424
Cn19701	NC_026755.1	1561994	287734801	184.21	0	1606	195.6351286019893	0.9415998104040242	-0.08681406500505959
Cn19701	NC_026756.1	774062	145742453	188.28	0	1306	195.6351286019893	0.962403845083707	-0.055285688374916556
Cn19701	NC_026757.1	756744	143300669	189.36	0	2425	195.6351286019893	0.9679243260306499	-0.047033835329555525
Cn19701	NC_026758.1	942867	171253180	181.63	0	574	195.6351286019893	0.9284119948085495	-0.1071629328910683
Cn19702	NC_026745.1	2291499	668519589	291.74	0	1675	239.95226257018282	1.2158251682026544	0.2819357887313232
Cn19702	NC_026746.1	1621675	461032121	284.29	0	9179	239.95226257018282	1.184777325935191	0.24461593595388964
Cn19702	NC_026747.1	1575141	363790324	230.96	0	2708	239.95226257018282	0.9625247852474293	-0.05510440396579426
Cn19702	NC_026748.1	1084805	240119404	221.35	0	1713	239.95226257018282	0.9224751524702047	-0.11641804321654813
Cn19702	NC_026749.1	1814975	407104408	224.3	0	1190	239.95226257018282	0.934769264508999	-0.09731779622814149
Cn19702	NC_026750.1	1422463	321223053	225.82	0	899	239.95226257018282	0.9411038578306827	-0.08757415098852948
Cn19702	NC_026751.1	1399503	314281365	224.57	0	1381	239.95226257018282	0.935894488322719	-0.09558220370460926
Cn19702	NC_026752.1	1398693	307909176	220.14	0	6145	239.95226257018282	0.9174324827864958	-0.12432610623207735
Cn19702	NC_026753.1	1186808	268958858	226.62	0	1554	239.95226257018282	0.9444378543157795	-0.08247222704044728
Cn19702	NC_026754.1	1059964	240116199	226.53	0	2108	239.95226257018282	0.9440627797112061	-0.08304529359848443
Cn19702	NC_026755.1	1561994	348731078	223.26	0	2164	239.95226257018282	0.9304350690783731	-0.10402262035484754
Cn19702	NC_026756.1	774062	213487921	275.8	0	1571	239.95226257018282	1.1493952882371017	0.2008750401995665
Cn19702	NC_026757.1	756744	172275233	227.65	0	2772	239.95226257018282	0.9487303747903416	-0.07592995729521465
Cn19702	NC_026758.1	942867	205435774	217.88	0	680	239.95226257018282	0.9080139427160976	-0.1392136443613325
Cn19703	NC_026745.1	2291499	587137319	256.22	0	1363	208.1633916926263	1.2308600369960057	0.29966672005805095
Cn19703	NC_026746.1	1621675	382040885	235.58	0	9173	208.1633916926263	1.1317071560202911	0.17850069031267574
Cn19703	NC_026747.1	1575141	320046968	203.19	0	2447	208.1633916926263	0.9761082308844679	-0.034886972198237366
Cn19703	NC_026748.1	1084805	212250881	195.66	0	1413	208.1633916926263	0.939934723435479	-0.0893675268693724
Cn19703	NC_026749.1	1814975	358227771	197.37	0	975	208.1633916926263	0.9481494243302694	-0.07681365522308792
Cn19703	NC_026750.1	1422463	282436270	198.55	0	829	208.1633916926263	0.9538180483395399	-0.06821401292716324
Cn19703	NC_026751.1	1399503	277352423	198.18	0	1099	208.1633916926263	0.9520405984383279	-0.07090499833231259
Cn19703	NC_026752.1	1398693	271248057	193.93	0	5411	208.1633916926263	0.9316239441676503	-0.10218037538151502
Cn19703	NC_026753.1	1186808	237572454	200.18	0	1305	208.1633916926263	0.9616484357421762	-0.0564185321938976
Cn19703	NC_026754.1	1059964	211359949	199.4	0	1608	208.1633916926263	0.9579013791936754	-0.06205096405343564
Cn19703	NC_026755.1	1561994	305772081	195.76	0	1729	208.1633916926263	0.9404151153006715	-0.08863036725960423
Cn19703	NC_026756.1	774062	152563977	197.1	0	1278	208.1633916926263	0.9468523662942497	-0.0787885974081459
Cn19703	NC_026757.1	756744	152295832	201.25	0	2583	208.1633916926263	0.966788628699735	-0.04872759056228988
Cn19703	NC_026758.1	942867	182149941	193.19	0	589	208.1633916926263	0.9280690443652264	-0.10769595520483378
Cn19801	NC_026745.1	2291499	423500870	184.81	0	1407	187.83642113020602	0.9838879962043775	-0.023434003426039494
Cn19801	NC_026746.1	1621675	354355168	218.51	0	7710	187.83642113020602	1.1632994213008956	0.21822247946666454
Cn19801	NC_026747.1	1575141	298953397	189.79	0	2377	187.83642113020602	1.0104004263818451	0.01492715304535119
Cn19801	NC_026748.1	1084805	200121797	184.48	0	1394	187.83642113020602	0.9821311484215333	-0.026012407879004638
Cn19801	NC_026749.1	1814975	335872097	185.06	0	948	187.83642113020602	0.985218941494411	-0.021483730004848836
Cn19801	NC_026750.1	1422463	264431976	185.9	0	755	187.83642113020602	0.9896909176689237	-0.01495005572393249
Cn19801	NC_026751.1	1399503	259529750	185.44	0	1120	187.83642113020602	0.987241978335262	-0.018524354524304756
Cn19801	NC_026752.1	1398693	253235466	181.05	0	5498	187.83642113020602	0.9638705790422735	-0.0530886491672364
Cn19801	NC_026753.1	1186808	217538934	183.3	0	1134	187.83642113020602	0.9758490866525752	-0.03527004010352824
Cn19801	NC_026754.1	1059964	198047786	186.84	0	1632	187.83642113020602	0.9946952719594497	-0.007673475730583224
Cn19801	NC_026755.1	1561994	286236612	183.25	0	1738	187.83642113020602	0.9755828975945684	-0.03566362762223987
Cn19801	NC_026756.1	774062	143629757	185.55	0	1374	187.83642113020602	0.9878275942628768	-0.01766882494588812
Cn19801	NC_026757.1	756744	142218571	187.93	0	2464	187.83642113020602	1.0004981934239958	7.185622055778471e-4
Cn19801	NC_026758.1	942867	170781903	181.13	0	615	187.83642113020602	0.9642964815350842	-0.05245131079875577
Cn19802	NC_026745.1	2291499	522568405	228.05	0	1578	230.31010704300147	0.9901866788565233	-0.01422755426927813
Cn19802	NC_026746.1	1621675	434062019	267.66	0	9429	230.31010704300147	1.1621721835682397	0.21682382948033613
Cn19802	NC_026747.1	1575141	368219261	233.77	0	2882	230.31010704300147	1.0150227577999977	0.021512074402694346
Cn19802	NC_026748.1	1084805	243406212	224.38	0	1579	230.31010704300147	0.9742516421917417	-0.03763363669434808
Cn19802	NC_026749.1	1814975	412805149	227.44	0	1015	230.31010704300147	0.9875380760321318	-0.018091720336867678
Cn19802	NC_026750.1	1422463	325336382	228.71	0	849	230.31010704300147	0.9930523802730781	-0.010058277670296921
Cn19802	NC_026751.1	1399503	317869147	227.13	0	1262	230.31010704300147	0.9861920647607197	-0.02005945042027882
Cn19802	NC_026752.1	1398693	309829991	221.51	0	5438	230.31010704300147	0.9617901830015719	-0.056205894195921216
Cn19802	NC_026753.1	1186808	266138335	224.25	0	1340	230.31010704300147	0.9736871858521173	-0.03846973932040919
Cn19802	NC_026754.1	1059964	243047360	229.3	0	1891	230.31010704300147	0.9956141436606043	-0.006341369546239186
Cn19802	NC_026755.1	1561994	351909088	225.29	0	1825	230.31010704300147	0.9782028365691126	-0.031794446713133424
Cn19802	NC_026756.1	774062	174147533	224.98	0	1471	230.31010704300147	0.9768568252977006	-0.033780968281697236
Cn19802	NC_026757.1	756744	173872727	229.76	0	2889	230.31010704300147	0.997611450708506	-0.00345007019134382
Cn19802	NC_026758.1	942867	207621073	220.2	0	649	230.31010704300147	0.956102199886895	-0.06476325556266395
Cn19803	NC_026745.1	2291499	482716177	210.66	0	1535	213.00255473542617	0.9890022223520469	-0.01595433207014006
Cn19803	NC_026746.1	1621675	403338223	248.72	0	9051	213.00255473542617	1.1676855252226388	0.22365178766901272
Cn19803	NC_026747.1	1575141	338920304	215.17	0	2627	213.00255473542617	1.0101756773164812	0.01460621055495081
Cn19803	NC_026748.1	1084805	225697574	208.05	0	1480	213.00255473542617	0.9767488481930284	-0.03394044573992997
Cn19803	NC_026749.1	1814975	381068195	209.96	0	973	213.00255473542617	0.9857158767921569	-0.020756231461273804
Cn19803	NC_026750.1	1422463	300721373	211.41	0	846	213.00255473542617	0.9925233068805005	-0.01082711421754209
Cn19803	NC_026751.1	1399503	294026891	210.09	0	1145	213.00255473542617	0.9863261981104222	-0.019863240811096104
Cn19803	NC_026752.1	1398693	287087551	205.25	0	3994	213.00255473542617	0.9636034659534682	-0.05348851211952185
Cn19803	NC_026753.1	1186808	245879957	207.18	0	1248	213.00255473542617	0.9726643901400223	-0.03998599409750842
Cn19803	NC_026754.1	1059964	225064737	212.33	0	1736	213.00255473542617	0.9968425039020703	-0.004562510813754464
Cn19803	NC_026755.1	1561994	324918245	208.02	0	1868	213.00255473542617	0.9766080048118903	-0.03414849174806169
Cn19803	NC_026756.1	774062	161605664	208.78	0	1376	213.00255473542617	0.9801760371340565	-0.02888721801364466
Cn19803	NC_026757.1	756744	161007860	212.76	0	2776	213.00255473542617	0.998861259031717	-0.0016437920522065109
Cn19803	NC_026758.1	942867	191819620	203.44	0	609	213.00255473542617	0.9551059152914669	-0.06626736698194502
Cn20801	NC_026745.1	2291499	446725365	194.95	0	1205	197.57261656264907	0.9867258094351478	-0.019278849439613957
Cn20801	NC_026746.1	1621675	391049200	241.14	0	11116	197.57261656264907	1.220513268464691	0.2874879790552892
Cn20801	NC_026747.1	1575141	305086633	193.69	0	1523	197.57261656264907	0.9803484074352079	-0.02863353305705336
Cn20801	NC_026748.1	1084805	207947667	191.69	0	1400	197.57261656264907	0.9702255471178429	-0.04360792708934834
Cn20801	NC_026749.1	1814975	354582826	195.37	0	1059	197.57261656264907	0.9888516101017945	-0.016174052600940656
Cn20801	NC_026750.1	1422463	275943464	193.99	0	823	197.57261656264907	0.9818668364828127	-0.02640071940322503
Cn20801	NC_026751.1	1399503	273011219	195.08	0	1510	197.57261656264907	0.9873837953557766	-0.018317126688744353
Cn20801	NC_026752.1	1398693	266269292	190.37	0	8711	197.57261656264907	0.9635444593083822	-0.053576858834536174
Cn20801	NC_026753.1	1186808	227004053	191.27	0	1214	197.57261656264907	0.9680997464511963	-0.04677239418831896
Cn20801	NC_026754.1	1059964	206140085	194.48	0	1870	197.57261656264907	0.984346937260567	-0.022761205695883358
Cn20801	NC_026755.1	1561994	300969280	192.68	0	2152	197.57261656264907	0.9752363629749387	-0.0361761751376347
Cn20801	NC_026756.1	774062	149099551	192.62	0	1787	197.57261656264907	0.9749326771654176	-0.03662549620253503
Cn20801	NC_026757.1	756744	148276716	195.94	0	1649	197.57261656264907	0.9917366252922435	-0.011971058785689635
Cn20801	NC_026758.1	942867	180277080	191.2	0	568	197.57261656264907	0.9677454463400885	-0.04730048085650122
Cn20802	NC_026745.1	2291499	411246182	179.47	0	1064	182.73596521934851	0.9821274087154754	-0.02601790130589023
Cn20802	NC_026746.1	1621675	358608587	221.13	0	9699	182.73596521934851	1.2101066133016831	0.27513415800060986
Cn20802	NC_026747.1	1575141	282246766	179.19	0	1469	182.73596521934851	0.9805951432981893	-0.028270478641052314
Cn20802	NC_026748.1	1084805	192610855	177.55	0	1347	182.73596521934851	0.9716204458540852	-0.04153524589553314
Cn20802	NC_026749.1	1814975	328262298	180.86	0	1032	182.73596521934851	0.9897340120370028	-0.014887237447578779
Cn20802	NC_026750.1	1422463	255843571	179.86	0	688	182.73596521934851	0.9842616355466954	-0.022886232439501927
Cn20802	NC_026751.1	1399503	252434955	180.37	0	1333	182.73596521934851	0.9870525475567521	-0.01880120363876308
Cn20802	NC_026752.1	1398693	246630303	176.33	0	5842	182.73596521934851	0.9649441465359101	-0.051482657012021905
Cn20802	NC_026753.1	1186808	210502949	177.37	0	1199	182.73596521934851	0.9706354180858299	-0.04299859047811157
Cn20802	NC_026754.1	1059964	191189842	180.37	0	1862	182.73596521934851	0.9870525475567521	-0.01880120363876308
Cn20802	NC_026755.1	1561994	278215822	178.12	0	2062	182.73596521934851	0.9747397004535604	-0.03691108936096372
Cn20802	NC_026756.1	774062	138937533	179.49	0	1520	182.73596521934851	0.9822368562452817	-0.02585713742775528
Cn20802	NC_026757.1	756744	137765740	182.05	0	1527	182.73596521934851	0.9962461400604686	-0.005425865471989903
Cn20802	NC_026758.1	942867	167604984	177.76	0	502	182.73596521934851	0.9727696449170496	-0.03982988441477534
Cn20803	NC_026745.1	2291499	456646448	199.28	0	1205	203.32307059697078	0.9801150426014125	-0.02897699703748965
Cn20803	NC_026746.1	1621675	408991358	252.2	0	12195	203.32307059697078	1.240390474428323	0.31079435193725585
Cn20803	NC_026747.1	1575141	313505231	199.03	0	1599	203.32307059697078	0.9788854723452385	-0.03078801763744618
Cn20803	NC_026748.1	1084805	214177325	197.43	0	1485	203.32307059697078	0.971016222705725	-0.04243269602807494
Cn20803	NC_026749.1	1814975	364095892	200.61	0	1228	203.32307059697078	0.9866563563642581	-0.01938040057626146
Cn20803	NC_026750.1	1422463	283544004	199.33	0	817	203.32307059697078	0.9803609566526473	-0.02861506556350358
Cn20803	NC_026751.1	1399503	279904350	200	0	1505	203.32307059697078	0.9836562049391935	-0.023773923728876933
Cn20803	NC_026752.1	1398693	273810263	195.76	0	5862	203.32307059697078	0.9628026933944825	-0.05468791719893671
Cn20803	NC_026753.1	1186808	233566413	196.8	0	1361	203.32307059697078	0.9679177056601664	-0.04704370305172403
Cn20803	NC_026754.1	1059964	212159599	200.16	0	1972	203.32307059697078	0.9844431299031449	-0.02262022911250649
Cn20803	NC_026755.1	1561994	309179981	197.94	0	2227	203.32307059697078	0.9735245460283198	-0.03871073999223931
Cn20803	NC_026756.1	774062	153625345	198.47	0	1717	203.32307059697078	0.9761312349714086	-0.03485297239162386
Cn20803	NC_026757.1	756744	152663408	201.74	0	1820	203.32307059697078	0.9922140139221646	-0.011276761045974523
Cn20803	NC_026758.1	942867	185145751	196.36	0	589	203.32307059697078	0.9657536620093002	-0.05027285191227789
Cn21301	NC_026745.1	2291499	425474522	185.68	0	1498	187.34309580130804	0.9911227270255432	-0.012864382875713289
Cn21301	NC_026746.1	1621675	373771741	230.48	0	10472	187.34309580130804	1.2302561725810381	0.29895875493967455
Cn21301	NC_026747.1	1575141	293468910	186.31	0	1448	187.34309580130804	0.9944855411036673	-0.007977699122135093
Cn21301	NC_026748.1	1084805	197270559	181.85	0	1144	187.34309580130804	0.9706789525505979	-0.042933884877216534
Cn21301	NC_026749.1	1814975	333264219	183.62	0	708	187.34309580130804	0.9801268587700895	-0.028959604155579518
Cn21301	NC_026750.1	1422463	262860903	184.79	0	656	187.34309580130804	0.9863720849151772	-0.01979612394254717
Cn21301	NC_026751.1	1399503	257491043	183.99	0	1048	187.34309580130804	0.9821018448159721	-0.026055453858348215
Cn21301	NC_026752.1	1398693	252127899	180.26	0	5844	187.34309580130804	0.9621918503534274	-0.05560351486494883
Cn21301	NC_026753.1	1186808	214117905	180.41	0	1134	187.34309580130804	0.9629925203720284	-0.05440350228497114
Cn21301	NC_026754.1	1059964	195575268	184.51	0	1532	187.34309580130804	0.9848775008804553	-0.02198380165093553
Cn21301	NC_026755.1	1561994	283705990	181.63	0	1529	187.34309580130804	0.9695046365233164	-0.04468029704709377
Cn21301	NC_026756.1	774062	140849731	181.96	0	1094	187.34309580130804	0.9712661105642386	-0.04206147092854145
Cn21301	NC_026757.1	756744	138329556	182.8	0	1455	187.34309580130804	0.9757498626684042	-0.03541674027476355
Cn21301	NC_026758.1	942867	170826334	181.18	0	542	187.34309580130804	0.9671026264675135	-0.04825910193843923
Cn21302	NC_026745.1	2291499	426380570	186.07	0	1518	187.2733482739814	0.9935743751843379	-0.009300128727516522
Cn21302	NC_026746.1	1621675	368120306	227	0	9959	187.2733482739814	1.2121319028690531	0.27754669985113284
Cn21302	NC_026747.1	1575141	293365573	186.25	0	1408	187.2733482739814	0.9945355370456438	-0.007905172090258282
Cn21302	NC_026748.1	1084805	197504560	182.06	0	1139	187.2733482739814	0.9721618248296908	-0.04073161187198705
Cn21302	NC_026749.1	1814975	333759465	183.89	0	707	187.2733482739814	0.9819336370863003	-0.026302570023270955
Cn21302	NC_026750.1	1422463	262244067	184.36	0	700	187.2733482739814	0.9844433375019324	-0.02261992487785795
Cn21302	NC_026751.1	1399503	257828211	184.23	0	1825	187.2733482739814	0.9837491650465447	-0.02363758874878388
Cn21302	NC_026752.1	1398693	253317625	181.11	0	7896	187.2733482739814	0.9670890261172433	-0.04827939068062594
Cn21302	NC_026753.1	1186808	214450701	180.7	0	1088	187.2733482739814	0.9648997129887131	-0.051549091462545056
Cn21302	NC_026754.1	1059964	194849405	183.83	0	1565	187.2733482739814	0.9816132497991985	-0.026773372281627853
Cn21302	NC_026755.1	1561994	285214623	182.6	0	1423	187.2733482739814	0.9750453104136083	-0.036458832342922604
Cn21302	NC_026756.1	774062	140735609	181.81	0	2092	187.2733482739814	0.9708268778000994	-0.042714044152604914
Cn21302	NC_026757.1	756744	138317149	182.78	0	1460	187.2733482739814	0.9760064722749142	-0.035037380000879456
Cn21302	NC_026758.1	942867	171729102	182.14	0	555	187.2733482739814	0.97258900787916	-0.04009780843910744
Cn21303	NC_026745.1	2291499	430974287	188.08	0	1515	188.77294117952212	0.9963292346075007	-0.005305538690356859
Cn21303	NC_026746.1	1621675	376283538	232.03	0	10455	188.77294117952212	1.22914861923638	0.2976593658914055
Cn21303	NC_026747.1	1575141	296347342	188.14	0	1486	188.77294117952212	0.9966470767708163	-0.004845373344616847
Cn21303	NC_026748.1	1084805	198265679	182.77	0	1103	188.77294117952212	0.9682002031540455	-0.04662269797293233
Cn21303	NC_026749.1	1814975	336244704	185.26	0	676	188.77294117952212	0.9813906529316543	-0.027100564089910236
Cn21303	NC_026750.1	1422463	264065382	185.64	0	678	188.77294117952212	0.9834036532993216	-0.024144380173186562
Cn21303	NC_026751.1	1399503	258802423	184.92	0	970	188.77294117952212	0.979589547339531	-0.029750715107437042
Cn21303	NC_026752.1	1398693	253851877	181.49	0	7219	188.77294117952212	0.9614195703366402	-0.05676192409279352
Cn21303	NC_026753.1	1186808	215345087	181.45	0	1086	188.77294117952212	0.9612076755610962	-0.057079925976681864
Cn21303	NC_026754.1	1059964	195867191	184.79	0	1359	188.77294117952212	0.9789008893190133	-0.030765296065729832
Cn21303	NC_026755.1	1561994	286823921	183.63	0	1441	188.77294117952212	0.9727559408282397	-0.03985020881565829
Cn21303	NC_026756.1	774062	141612786	182.95	0	1148	188.77294117952212	0.969153729643993	-0.04520256711692897
Cn21303	NC_026757.1	756744	139230043	183.99	0	1399	188.77294117952212	0.974662993808135	-0.0370246259815309
Cn21303	NC_026758.1	942867	172431805	182.88	0	559	188.77294117952212	0.9687829137867913	-0.045754674128900163
Cn21501	NC_026745.1	2291499	506008557	220.82	0	1131	180.73306386737988	1.2218018954298009	0.28901038364264153
Cn21501	NC_026746.1	1621675	379859936	234.24	0	3890	180.73306386737988	1.2960550492957004	0.3741269972805923
Cn21501	NC_026747.1	1575141	220754425	140.15	0	1855	180.73306386737988	0.7754530189497627	-0.36688871708359383
Cn21501	NC_026748.1	1084805	275922434	254.35	0	1286	180.73306386737988	1.4073241196565975	0.4929546327465411
Cn21501	NC_026749.1	1814975	241469210	133.04	0	883	180.73306386737988	0.7361132332577697	-0.44200038771618116
Cn21501	NC_026750.1	1422463	283812931	199.52	0	640	180.73306386737988	1.1039485290107502	0.1426729088262199
Cn21501	NC_026751.1	1399503	267313598	191.01	0	1049	180.73306386737988	1.056862512662106	0.07978770860154266
Cn21501	NC_026752.1	1398693	214746580	153.53	0	8559	180.73306386737988	0.8494848519397579	-0.23533987346520072
Cn21501	NC_026753.1	1186808	158142078	133.25	0	1032	180.73306386737988	0.7372751678562675	-0.4397249284695495
Cn21501	NC_026754.1	1059964	224513534	211.81	0	1361	180.73306386737988	1.1719493681323527	0.2289102421814425
Cn21501	NC_026755.1	1561994	211906847	135.66	0	1583	180.73306386737988	0.7506097506295026	-0.4138650635307651
Cn21501	NC_026756.1	774062	141804483	183.2	0	1360	180.73306386737988	1.0136496116417875	0.019559041980856066
Cn21501	NC_026757.1	756744	105413951	139.3	0	2121	180.73306386737988	0.7707499503367959	-0.3756652035148347
Cn21501	NC_026758.1	942867	182594627	193.66	0	525	180.73306386737988	1.0715250206907674	0.0996655381199589
Cn21502	NC_026745.1	2291499	454638674	198.4	0	1342	200.08889120978225	0.9915592954732728	-0.012229046359237133
Cn21502	NC_026746.1	1621675	371948559	229.36	0	7541	200.08889120978225	1.1462905242426908	0.19697273760704906
Cn21502	NC_026747.1	1575141	321228045	203.94	0	3035	200.08889120978225	1.0192469895101777	0.02750369562935325
Cn21502	NC_026748.1	1084805	212844775	196.21	0	1401	200.08889120978225	0.9806141601048934	-0.028242500543376712
Cn21502	NC_026749.1	1814975	353496322	194.77	0	865	200.08889120978225	0.9734173587667809	-0.03886959273503973
Cn21502	NC_026750.1	1422463	282586270	198.66	0	746	200.08889120978225	0.9928587179370986	-0.010339655515319367
Cn21502	NC_026751.1	1399503	277058439	197.97	0	1080	200.08889120978225	0.989410250629253	-0.015359248498384298
Cn21502	NC_026752.1	1398693	270465394	193.37	0	5123	200.08889120978225	0.9664204685769494	-0.04927708393118117
Cn21502	NC_026753.1	1186808	232377739	195.8	0	1138	200.08889120978225	0.9785650708350142	-0.03126030714241732
Cn21502	NC_026754.1	1059964	210809985	198.88	0	1511	200.08889120978225	0.9939582292526435	-0.008742870580989862
Cn21502	NC_026755.1	1561994	305244644	195.42	0	1610	200.08889120978225	0.9766659149263455	-0.03406294651641541
Cn21502	NC_026756.1	774062	151775717	196.08	0	1294	200.08889120978225	0.9799644488729805	-0.029198682766635085
Cn21502	NC_026757.1	756744	151642090	200.39	0	2848	200.08889120978225	1.0015048751002475	0.0021694438823557697
Cn21502	NC_026758.1	942867	183801208	194.94	0	595	200.08889120978225	0.9742669811469747	-0.037610922582835264
Cn21503	NC_026745.1	2291499	429923052	187.62	0	1326	195.87296064361843	0.9578657482048567	-0.06210462887536665
Cn21503	NC_026746.1	1621675	399054708	246.08	0	8540	195.87296064361843	1.2563245033485297	0.32920915444026333
Cn21503	NC_026747.1	1575141	304429121	193.27	0	2786	195.87296064361843	0.9867109751388586	-0.01930053887588989
Cn21503	NC_026748.1	1084805	200745449	185.05	0	1396	195.87296064361843	0.9447449989623107	-0.08200311833398045
Cn21503	NC_026749.1	1814975	336492444	185.4	0	811	195.87296064361843	0.9465318714272488	-0.07927701000867025
Cn21503	NC_026750.1	1422463	266990197	187.7	0	701	195.87296064361843	0.9582741761968424	-0.061489603803326874
Cn21503	NC_026751.1	1399503	300215058	214.52	0	1030	195.87296064361843	1.0951996605101046	0.13119390450203638
Cn21503	NC_026752.1	1398693	256351080	183.28	0	6684	195.87296064361843	0.9357085296396233	-0.09586889021688841
Cn21503	NC_026753.1	1186808	218488520	184.1	0	1121	195.87296064361843	0.9398949165574784	-0.0894286272842947
Cn21503	NC_026754.1	1059964	239568647	226.02	0	1392	195.87296064361843	1.1539111843580732	0.20653218514698538
Cn21503	NC_026755.1	1561994	288257532	184.54	0	1567	195.87296064361843	0.9421412705134007	-0.08598469217451146
Cn21503	NC_026756.1	774062	143712148	185.66	0	1228	195.87296064361843	0.9478592624012029	-0.07725523039340927
Cn21503	NC_026757.1	756744	143286794	189.35	0	2370	195.87296064361843	0.966698003531551	-0.048862832749781704
Cn21503	NC_026758.1	942867	172759153	183.23	0	553	195.87296064361843	0.9354532621446321	-0.09626252069077422
Cn21701	NC_026745.1	2291499	735346754	320.9	0	1163	195.64539619070115	1.6402123752874287	0.7138826276099453
Cn21701	NC_026746.1	1621675	345703690	213.18	0	10262	195.64539619070115	1.0896244130999504	0.12383093249315384
Cn21701	NC_026747.1	1575141	274150514	174.05	0	2581	195.64539619070115	0.8896197068207448	-0.16873934794817963
Cn21701	NC_026748.1	1084805	180320848	166.22	0	1341	195.64539619070115	0.8495983204122044	-0.23514718083495986
Cn21701	NC_026749.1	1814975	310054933	170.83	0	1254	195.64539619070115	0.8731613588979479	-0.19567980853462602
Cn21701	NC_026750.1	1422463	241201096	169.57	0	678	195.64539619070115	0.8667211357977229	-0.20636020837979288
Cn21701	NC_026751.1	1399503	236777145	169.19	0	1194	195.64539619070115	0.864778846291306	-0.20959686173603778
Cn21701	NC_026752.1	1398693	230344882	164.69	0	10294	195.64539619070115	0.8417780495047885	-0.2484882049321696
Cn21701	NC_026753.1	1186808	197287789	166.23	0	1316	195.64539619070115	0.8496494332939523	-0.23506038913447405
Cn21701	NC_026754.1	1059964	269161168	253.93	0	1419	195.64539619070115	1.2979094062223022	0.3761896870696395
Cn21701	NC_026755.1	1561994	261196219	167.22	0	1461	195.64539619070115	0.8547096085869861	-0.22649375373425934
Cn21701	NC_026756.1	774062	129505815	167.31	0	1427	195.64539619070115	0.8551696245227165	-0.22571748519743057
Cn21701	NC_026757.1	756744	129464311	171.08	0	2153	195.64539619070115	0.8744391809416433	-0.19357004968289082
Cn21701	NC_026758.1	942867	155459775	164.88	0	534	195.64539619070115	0.842749194257997	-0.2468247520199684
Cn21702	NC_026745.1	2291499	440759712	192.35	0	1310	195.72102090111514	0.9827763983368025	-0.02506488351543766
Cn21702	NC_026746.1	1621675	399578249	246.4	0	12516	195.72102090111514	1.2589347780098163	0.332203542882849
Cn21702	NC_026747.1	1575141	310317900	197.01	0	3023	195.72102090111514	1.0065857979533843	0.00947014792384359
Cn21702	NC_026748.1	1084805	204763657	188.76	0	1427	195.72102090111514	0.9644339638682342	-0.05224563656257203
Cn21702	NC_026749.1	1814975	350650614	193.2	0	1382	195.72102090111514	0.9871193145758786	-0.018703618976279347
Cn21702	NC_026750.1	1422463	271794308	191.07	0	692	195.72102090111514	0.9762364774120762	-0.03469743535172491
Cn21702	NC_026751.1	1399503	267059532	190.82	0	1126	195.72102090111514	0.9749591491064656	-0.03658632383660127
Cn21702	NC_026752.1	1398693	261424229	186.91	0	8772	195.72102090111514	0.9549817344067157	-0.06645495538594781
Cn21702	NC_026753.1	1186808	223600668	188.41	0	1090	195.72102090111514	0.9626457042403794	-0.05492317406157504
Cn21702	NC_026754.1	1059964	203059950	191.57	0	1576	195.72102090111514	0.9787911340232974	-0.030927061470214828
Cn21702	NC_026755.1	1561994	294487574	188.53	0	1590	195.72102090111514	0.9632588218270725	-0.05400460128736553
Cn21702	NC_026756.1	774062	146709480	189.53	0	1246	195.72102090111514	0.9683681350495149	-0.04637248783716942
Cn21702	NC_026757.1	756744	146830396	194.03	0	2214	195.72102090111514	0.9913600445505059	-0.01251898081429417
Cn21702	NC_026758.1	942867	176367311	187.05	0	551	195.72102090111514	0.9556970382578578	-0.06537474726122608
Cn21703	NC_026745.1	2291499	436149320	190.33	0	1370	194.83065743915697	0.9768996445512562	-0.0337177309993414
Cn21703	NC_026746.1	1621675	405036855	249.76	0	13498	194.83065743915697	1.2819337740930055	0.35832173289620317
Cn21703	NC_026747.1	1575141	306932504	194.86	0	2706	194.83065743915697	1.0001506054602942	2.1726139073201898e-4
Cn21703	NC_026748.1	1084805	203298652	187.41	0	1348	194.83065743915697	0.9619122701904635	-0.0560227737950357
Cn21703	NC_026749.1	1814975	348101038	191.79	0	1450	194.83065743915697	0.9843933317316524	-0.022693209856689902
Cn21703	NC_026750.1	1422463	271017031	190.53	0	716	194.83065743915697	0.9779261770417215	-0.03220253363180383
Cn21703	NC_026751.1	1399503	265906751	190	0	1048	194.83065743915697	0.9752058659419885	-0.036221290976033015
Cn21703	NC_026752.1	1398693	259518119	185.54	0	7844	194.83065743915697	0.9523141914046134	-0.0704904629521376
Cn21703	NC_026753.1	1186808	221849947	186.93	0	1066	194.83065743915697	0.959448592213347	-0.059722586794745465
Cn21703	NC_026754.1	1059964	201826688	190.41	0	1552	194.83065743915697	0.9773102575474423	-0.03311146107776969
Cn21703	NC_026755.1	1561994	292684585	187.38	0	1639	194.83065743915697	0.9617582903168937	-0.056253734339976116
Cn21703	NC_026756.1	774062	146192485	188.86	0	1233	194.83065743915697	0.9693546307463367	-0.044903534075833834
Cn21703	NC_026757.1	756744	146008412	192.94	0	2167	194.83065743915697	0.9902958935518277	-0.014068437999675332
Cn21703	NC_026758.1	942867	176061165	186.73	0	574	194.83065743915697	0.9584220597228816	-0.06126698028472122
Cn22501	NC_026745.1	2291499	424160529	185.1	0	1215	188.1308620371408	0.9838896074555676	-0.023431640817483206
Cn22501	NC_026746.1	1621675	373701309	230.44	0	10253	188.1308620371408	1.224892064516807	0.2926546269038101
Cn22501	NC_026747.1	1575141	294956677	187.26	0	1355	188.1308620371408	0.9953709772670426	-0.006693772935053255
Cn22501	NC_026748.1	1084805	197300102	181.88	0	1269	188.1308620371408	0.966773861718091	-0.04874962683087985
Cn22501	NC_026749.1	1814975	336680318	185.5	0	903	188.1308620371408	0.9860157870502853	-0.020317349179891617
Cn22501	NC_026750.1	1422463	264298875	185.8	0	681	188.1308620371408	0.9876104217463235	-0.01798603430540425
Cn22501	NC_026751.1	1399503	258183400	184.48	0	1084	188.1308620371408	0.9805940290837553	-0.028272117923647918
Cn22501	NC_026752.1	1398693	253838897	181.48	0	10482	188.1308620371408	0.9646476821233734	-0.051925971224675266
Cn22501	NC_026753.1	1186808	215571333	181.64	0	1111	188.1308620371408	0.9654981539612604	-0.050654594151085655
Cn22501	NC_026754.1	1059964	196594659	185.47	0	1405	188.1308620371408	0.9858563235806814	-0.020550688001472986
Cn22501	NC_026755.1	1561994	284967915	182.44	0	1459	188.1308620371408	0.9697505131506956	-0.044314460717665045
Cn22501	NC_026756.1	774062	142093788	183.57	0	1403	188.1308620371408	0.9757569705057728	-0.03540623101950622
Cn22501	NC_026757.1	756744	141215945	186.61	0	1570	188.1308620371408	0.9919159354256266	-0.01171023706111913
Cn22501	NC_026758.1	942867	170452677	180.78	0	546	188.1308620371408	0.9609268678326176	-0.057501457259800284
Cn22502	NC_026745.1	2291499	415704989	181.41	0	1252	184.73207425280128	0.9820167977529711	-0.026180392315171608
Cn22502	NC_026746.1	1621675	373674432	230.42	0	11478	184.73207425280128	1.2473199412283755	0.31883156815113
Cn22502	NC_026747.1	1575141	288064985	182.88	0	1318	184.73207425280128	0.9899742680836964	-0.014537068473401556
Cn22502	NC_026748.1	1084805	194497805	179.29	0	1304	184.73207425280128	0.9705407180923333	-0.04313935381076519
Cn22502	NC_026749.1	1814975	329002198	181.27	0	889	184.73207425280128	0.9812589434357593	-0.027294196857779427
Cn22502	NC_026750.1	1422463	258755365	181.91	0	686	184.73207425280128	0.9847234203144423	-0.0222095237924575
Cn22502	NC_026751.1	1399503	253097062	180.85	0	941	184.73207425280128	0.9789853804841234	-0.030640779144743186
Cn22502	NC_026752.1	1398693	249067717	178.07	0	8807	184.73207425280128	0.9639365590423437	-0.05298989549312059
Cn22502	NC_026753.1	1186808	210855812	177.67	0	1089	184.73207425280128	0.9617712609931667	-0.05623427767987597
Cn22502	NC_026754.1	1059964	192452038	181.56	0	1416	184.73207425280128	0.9828287845214124	-0.024987983749986505
Cn22502	NC_026755.1	1561994	279306914	178.81	0	1586	184.73207425280128	0.967942360433321	-0.04700695523137345
Cn22502	NC_026756.1	774062	140094411	180.99	0	1258	184.73207425280128	0.9797432348013354	-0.02952438894021542
Cn22502	NC_026757.1	756744	138277057	182.73	0	1544	184.73207425280128	0.989162281315255	-0.01572086688304779
Cn22502	NC_026758.1	942867	166958483	177.08	0	515	184.73207425280128	0.9585774463706308	-0.061033098590013976
Cn22503	NC_026745.1	2291499	425304848	185.6	0	1300	189.90303227541003	0.9773408974893593	-0.033066231429352395
Cn22503	NC_026746.1	1621675	391152742	241.2	0	12492	189.90303227541003	1.2701218991079388	0.34496696534316024
Cn22503	NC_026747.1	1575141	296250979	188.08	0	1367	189.90303227541003	0.9904001939644327	-0.013916497791265378
Cn22503	NC_026748.1	1084805	199230904	183.66	0	1366	189.90303227541003	0.9671251575048261	-0.04822549119613917
Cn22503	NC_026749.1	1814975	336841231	185.59	0	946	189.90303227541003	0.9772882390358308	-0.03314396493732595
Cn22503	NC_026750.1	1422463	264915002	186.24	0	684	189.90303227541003	0.9807110385151847	-0.0280999785360029
Cn22503	NC_026751.1	1399503	259120604	185.15	0	958	189.90303227541003	0.9749712670805758	-0.036568392385294655
Cn22503	NC_026752.1	1398693	254999261	182.31	0	8629	189.90303227541003	0.9600162662784757	-0.05886924417807103
Cn22503	NC_026753.1	1186808	217233053	183.04	0	1144	189.90303227541003	0.9638603333860577	-0.05310398466589753
Cn22503	NC_026754.1	1059964	197559390	186.38	0	1491	189.90303227541003	0.9814482568645839	-0.027015885812969233
Cn22503	NC_026755.1	1561994	287176569	183.85	0	1656	189.90303227541003	0.968125668121868	-0.046733765353628276
Cn22503	NC_026756.1	774062	143441419	185.31	0	1185	189.90303227541003	0.9758138023370322	-0.03532220536972024
Cn22503	NC_026757.1	756744	141989847	187.63	0	1593	189.90303227541003	0.9880305635556491	-0.01737242432420723
Cn22503	NC_026758.1	942867	172278985	182.72	0	537	189.90303227541003	0.9621752628731451	-0.05562838608144397
Cn22601	NC_026745.1	2291499	712344871	310.86	0	972	190.05282461515267	1.6356505125849918	0.7098645223487662
Cn22601	NC_026746.1	1621675	336758779	207.66	0	10715	190.05282461515267	1.0926435869632611	0.12782288026413322
Cn22601	NC_026747.1	1575141	250596496	159.09	0	1145	190.05282461515267	0.8370830600500108	-0.25655731276056837
Cn22601	NC_026748.1	1084805	332347523	306.37	0	1150	190.05282461515267	1.6120255019644338	0.6888745672322587
Cn22601	NC_026749.1	1814975	290219522	159.9	0	926	190.05282461515267	0.8413450330127394	-0.24923052825477612
Cn22601	NC_026750.1	1422463	227954871	160.25	0	606	190.05282461515267	0.8431866262682395	-0.24607611022900477
Cn22601	NC_026751.1	1399503	224404005	160.35	0	1285	190.05282461515267	0.8437127957698108	-0.2451761132934615
Cn22601	NC_026752.1	1398693	219427093	156.88	0	11899	190.05282461515267	0.8254547140652818	-0.2767390264303215
Cn22601	NC_026753.1	1186808	188246636	158.62	0	1286	190.05282461515267	0.834610063392625	-0.2608257787443507
Cn22601	NC_026754.1	1059964	166125172	156.73	0	1339	190.05282461515267	0.8246654598129246	-0.27811911171226894
Cn22601	NC_026755.1	1561994	248486221	159.08	0	1641	190.05282461515267	0.8370304430998536	-0.25664799981725905
Cn22601	NC_026756.1	774062	122937740	158.82	0	1500	190.05282461515267	0.8356624023957678	-0.2590078664059158
Cn22601	NC_026757.1	756744	121944246	161.14	0	1273	190.05282461515267	0.8478695348322253	-0.2380858064326361
Cn22601	NC_026758.1	942867	148531415	157.53	0	513	190.05282461515267	0.8288748158254962	-0.27077386557307537
Cn22602	NC_026745.1	2291499	409079393	178.52	0	855	182.28786937913344	0.97933011454922	-0.030132846554168178
Cn22602	NC_026746.1	1621675	374518636	230.95	0	12058	182.28786937913344	1.2669521059553122	0.3413619879303756
Cn22602	NC_026747.1	1575141	281225059	178.54	0	1266	182.28786937913344	0.979439831120422	-0.02997122721373274
Cn22602	NC_026748.1	1084805	191085172	176.15	0	1081	182.28786937913344	0.9663287008617808	-0.049414083423697214
Cn22602	NC_026749.1	1814975	325966318	179.6	0	748	182.28786937913344	0.9852548093941289	-0.021431208177514198
Cn22602	NC_026750.1	1422463	255052105	179.3	0	617	182.28786937913344	0.9836090608260988	-0.023843070050286106
Cn22602	NC_026751.1	1399503	250512158	179	0	1479	182.28786937913344	0.9819633122580684	-0.02625897076704224
Cn22602	NC_026752.1	1398693	244999043	175.16	0	8377	182.28786937913344	0.9608977305872808	-0.057545203353372376
Cn22602	NC_026753.1	1186808	208967959	176.08	0	1069	182.28786937913344	0.9659446928625738	-0.049987507914465934
Cn22602	NC_026754.1	1059964	186357678	175.82	0	1229	182.28786937913344	0.9645183774369473	-0.052119367982020666
Cn22602	NC_026755.1	1561994	276093551	176.76	0	1578	182.28786937913344	0.9696750562834423	-0.04442672204901796
Cn22602	NC_026756.1	774062	137306136	177.38	0	1629	182.28786937913344	0.9730762699907048	-0.039375206607609875
Cn22602	NC_026757.1	756744	135669535	179.28	0	1334	182.28786937913344	0.9834993442548967	-0.02400400429563003
Cn22602	NC_026758.1	942867	166802579	176.91	0	592	182.28786937913344	0.9704979305674575	-0.04320295826295158
Cn22603	NC_026745.1	2291499	520135539	226.98	0	1075	232.3842352888989	0.9767443979916263	-0.03394701887091612
Cn22603	NC_026746.1	1621675	484197690	298.58	0	15797	232.3842352888989	1.2848547993318344	0.3616053305319388
Cn22603	NC_026747.1	1575141	357840596	227.18	0	1431	232.3842352888989	0.9776050415707889	-0.032676369642319146
Cn22603	NC_026748.1	1084805	245845357	226.63	0	1420	232.3842352888989	0.9752382717280917	-0.03617335146727339
Cn22603	NC_026749.1	1814975	414395398	228.32	0	1052	232.3842352888989	0.9825107099720156	-0.025454961165684898
Cn22603	NC_026750.1	1422463	324635632	228.22	0	748	232.3842352888989	0.9820803881824344	-0.026086973722727586
Cn22603	NC_026751.1	1399503	318673492	227.7	0	1297	232.3842352888989	0.9798427148766116	-0.02937790961746354
Cn22603	NC_026752.1	1398693	310802956	222.21	0	7846	232.3842352888989	0.9562180486285985	-0.06458845805635402
Cn22603	NC_026753.1	1186808	265712639	223.89	0	1249	232.3842352888989	0.9634474546935642	-0.053722109134594596
Cn22603	NC_026754.1	1059964	237044275	223.63	0	1577	232.3842352888989	0.9623286180406528	-0.05539846215941864
Cn22603	NC_026755.1	1561994	351589823	225.09	0	2058	232.3842352888989	0.9686113161685398	-0.04601023701816596
Cn22603	NC_026756.1	774062	174674575	225.66	0	1280	232.3842352888989	0.9710641503691532	-0.042361488879985774
Cn22603	NC_026757.1	756744	173048799	228.68	0	1728	232.3842352888989	0.9840598684145083	-0.023182005707694634
Cn22603	NC_026758.1	942867	211418668	224.23	0	685	232.3842352888989	0.9649105487781406	-0.051532890139564184
